account_id,outgoing_transaction_count,outgoing_total_amount,outgoing_average_amount,outgoing_max_amount,outgoing_min_amount,outgoing_std_amount,unique_receivers,incoming_transaction_count,incoming_total_amount,incoming_average_amount,incoming_max_amount,unique_senders,amount_variability,incoming_outgoing_amount_ratio,net_money_flow,total_transaction_count,total_money_movement,rapid_transaction_count,minimum_transaction_gap_minutes,active_period_days,active_transaction_days,rapid_transaction_ratio,transactions_per_active_day,median_outgoing_amount,amount_75th_percentile,amount_95th_percentile,historical_transaction_count,historical_average_amount,recent_transaction_count,recent_average_amount,amount_deviation_ratio,transaction_frequency_change,unique_outgoing_accounts,unique_incoming_accounts,incoming_outgoing_connection_ratio,risk_label
1,26,389672.6,14987.407692307692,93180.28,100.0,16815.719108274927,26,8.0,142238.42,17779.8025,38709.22,8.0,1.1219898366350318,0.36502032732093564,-247434.17999999996,34.0,531911.02,7,4.0,79.32224537037037,17,0.2692307692307692,1.5294117647058822,13383.16,16148.67,20462.585,19,16786.277368421055,7.0,10104.761428571428,-0.3980344059141507,-12.0,26,8.0,0.3076923076923077,1
2,12,31835.69,2652.9741666666664,4955.35,610.81,1408.8685428285953,12,13.0,258636.6,19895.12307692308,53061.16,13.0,0.5310524921540304,8.12410850840676,226800.91,25.0,290472.29,0,844.7,84.00369212962963,11,0.0,1.0909090909090908,2826.72,3171.7925,4904.5244999999995,9,2259.1188888888887,3.0,3834.5400000000004,0.6973608688146365,-6.0,12,13.0,1.0833333333333333,0
3,8,213646.23,26705.77875,94418.41,10846.34,27713.79285165959,8,12.0,94011.26,7834.2716666666665,24212.23,12.0,1.0377451678565857,0.4400323843767334,-119634.97000000002,20.0,307657.49,0,933.8166666666667,70.97239583333334,8,0.0,1.0,17352.684999999998,20060.864999999998,70525.28899999996,6,18063.579999999998,2.0,52632.375,1.9137288953795428,-4.0,8,12.0,1.5,1
4,13,530920.35,40840.02692307692,92237.96,21209.55,21948.01463770333,13,16.0,339032.52,21189.5325,86705.47,16.0,0.5374143038407613,0.6385751083001434,-191887.82999999996,29.0,869952.87,1,7.0,87.05074074074074,9,0.07692307692307693,1.4444444444444444,33981.79,42355.58,86837.53399999999,10,42525.373999999996,3.0,35222.20333333333,-0.1717367768868221,-7.0,13,16.0,1.2307692307692308,1
5,4,7781.37,1945.3425,2933.35,932.99,854.8114646468348,4,11.0,212271.24,19297.385454545452,50705.83,11.0,0.4394143780063587,27.279417377659716,204489.87,15.0,220052.61,0,4028.4,51.90065972222222,4,0.0,1.0,1957.515,2433.1225,2833.3044999999997,3,2282.7933333333335,1.0,932.99,-0.5912945835365444,-2.0,4,11.0,2.75,0
6,12,353848.08,29487.34,66643.97,9950.97,18069.80524016289,12,14.0,252086.55,18006.182142857142,72373.5,14.0,0.612798754996649,0.7124146328559985,-101761.53000000003,26.0,605934.63,0,2371.116666666667,77.89898148148148,12,0.0,1.0,24863.355000000003,33231.424999999996,59103.39849999999,9,32966.288888888885,3.0,19050.493333333336,-0.4221219926349003,-6.0,12,14.0,1.1666666666666667,1
7,44,705267.8,16028.813636363637,88163.11,100.0,16632.446967308668,44,17.0,298149.49,17538.205294117648,90540.3,17.0,1.0376592644121585,0.42274649431038813,-407118.31000000006,61.0,1003417.29,8,4.0,84.81150462962962,31,0.18181818181818182,1.4193548387096775,12355.25,17561.07,21711.4765,31,16548.580322580645,13.0,14789.369999999999,-0.10630581525958405,-18.0,44,17.0,0.38636363636363635,1
8,35,451399.05,12897.115714285714,75005.98,100.0,12246.903227402448,35,7.0,104019.99,14859.998571428572,46467.02,7.0,0.9495846589820819,0.23043909817710073,-347379.06,42.0,555419.04,7,4.0,81.53409722222223,23,0.2,1.5217391304347827,10160.61,15496.23,22612.105999999996,25,13692.411199999999,10.0,10908.877,-0.20329028681230363,-15.0,35,7.0,0.2,1
9,8,18818.04,2352.255,4699.03,100.0,1763.6557331779431,8,11.0,149726.54,13611.503636363637,28795.46,11.0,0.7497723389589747,7.956542764283634,130908.5,19.0,168544.58000000002,0,58.03333333333333,82.65701388888888,7,0.0,1.1428571428571428,2342.3199999999997,3714.49,4599.321999999999,6,2336.5016666666666,2.0,2399.515,0.026969094108642476,-4.0,8,11.0,1.375,0
10,8,26682.85,3335.35625,4763.26,1859.71,1043.2173378946156,8,12.0,171153.06,14262.755,37338.03,10.0,0.31277538580612363,6.4143470431381955,144470.21,20.0,197835.91,0,3581.3166666666666,80.12585648148148,8,0.0,1.0,3390.75,3931.11,4657.3745,6,3227.615,2.0,3658.58,0.13352428960703186,-4.0,8,10.0,1.25,0
11,13,40373.45,3105.6499999999996,6561.91,100.0,1658.9114551265236,13,11.0,187915.63999999998,17083.239999999998,49197.95,11.0,0.5341591792785806,4.654436021692473,147542.19,24.0,228289.08999999997,0,1678.8666666666666,79.13944444444445,13,0.0,1.0,3202.69,3422.93,6043.221999999999,10,3358.2879999999996,3.0,2263.523333333333,-0.32598891657495327,-7.0,13,11.0,0.8461538461538461,0
12,6,225219.16,37536.526666666665,88234.74,8070.46,27444.352615342683,6,8.0,69713.2,8714.15,29871.69,8.0,0.7311372429062257,0.30953494365221856,-155505.96000000002,14.0,294932.36,0,12403.35,78.39920138888888,6,0.0,1.0,32043.205,40367.9475,76541.8625,5,43429.740000000005,1.0,8070.46,-0.8141720397128788,-4.0,6,8.0,1.3333333333333333,0
13,6,325378.11,54229.685,94228.34,34142.68,22841.09976917289,6,9.0,117459.8,13051.08888888889,33402.31,9.0,0.4211918208481737,0.3609947823472206,-207918.31,15.0,442837.91,0,2199.55,88.37891203703704,6,0.0,1.0,47142.76,62629.975,87293.2225,5,46229.954,1.0,94228.34,1.0382529474288467,-4.0,6,9.0,1.5,0
14,36,499272.35,13868.676388888889,88848.08,283.11,13900.767505931084,36,7.0,106727.43,15246.775714285714,77469.5,7.0,1.002313927886291,0.2137659535922628,-392544.92,43.0,605999.78,7,4.0,90.54784722222222,25,0.19444444444444445,1.44,11653.869999999999,14706.599999999999,21337.3275,26,13797.661153846155,10.0,14053.316,0.018528853789294652,-16.0,36,7.0,0.19444444444444445,1
15,7,16977.29,2425.327142857143,5406.34,100.0,2007.8958886498929,7,13.0,182230.18,14017.706153846153,62147.98,13.0,0.8278866191570768,10.733761395369932,165252.88999999998,20.0,199207.47,0,4357.916666666667,73.57409722222222,7,0.0,1.0,2295.25,3466.3150000000005,5145.843999999999,5,2916.4080000000004,2.0,1197.625,-0.589349295434658,-3.0,7,13.0,1.8571428571428572,0
16,7,15422.42,2203.2028571428573,4154.79,335.4,1299.217456557527,7,15.0,177573.1,11838.206666666667,47629.78,14.0,0.5896948854915564,11.513958250391314,162150.68,22.0,192995.52000000002,0,219.48333333333332,63.90258101851852,6,0.0,1.1666666666666667,2039.26,3001.915,3915.6269999999995,5,2316.042,2.0,1921.105,-0.1705223825820084,-3.0,7,14.0,2.0,0
17,5,256430.21,51286.042,82108.28,29596.35,21511.481512538136,5,5.0,82947.98,16589.595999999998,47278.2,5.0,0.41944124899593804,0.32347194973634347,-173482.22999999998,10.0,339378.19,0,11561.416666666666,127.52071759259259,5,0.0,1.0,42037.67,64477.56,78582.136,4,43580.4825,1.0,82108.28,0.8840608292943981,-3.0,5,5.0,1.0,0
18,5,16820.06,3364.012,4783.18,2009.55,1031.3898975751122,5,6.0,234398.16,39066.36,62691.88,6.0,0.3065951897838391,13.93563162081467,217578.1,11.0,251218.22,0,10073.883333333333,63.0515625,5,0.0,1.0,3194.89,3847.73,4596.09,4,3702.6275,1.0,2009.55,-0.45726379442706566,-3.0,5,6.0,1.2,0
19,33,488870.73,14814.264545454545,96532.52,1713.08,15900.110812041155,32,10.0,98482.92,9848.292,43892.05,10.0,1.0732973454912265,0.2014498188508852,-390387.81,43.0,587353.65,7,4.0,86.63158564814815,23,0.21212121212121213,1.434782608695652,12338.98,16421.02,25058.34799999999,24,16549.303333333333,9.0,10187.494444444445,-0.38441551047499617,-15.0,32,10.0,0.3125,1
20,5,301544.2,60308.840000000004,79358.37,42176.92,13549.80001641537,5,11.0,160730.35,14611.85,46160.81,11.0,0.22467353071979776,0.5330241802031013,-140813.85,16.0,462274.55000000005,0,23039.733333333334,119.11626157407407,5,0.0,1.0,60972.39,64048.54,76296.404,4,55546.457500000004,1.0,79358.37,0.4286846285381924,-3.0,5,11.0,2.2,0
21,43,569110.03,13235.116976744186,63828.32,921.98,9874.74063981418,43,9.0,235411.75,26156.86111111111,57956.1,9.0,0.7461015008152461,0.4136489212815314,-333698.28,52.0,804521.78,8,4.0,89.87903935185186,31,0.18604651162790697,1.3870967741935485,11633.74,16715.5,24038.857999999997,31,13129.690645161292,12.0,13507.468333333332,0.028772779068580966,-19.0,43,9.0,0.20930232558139536,1
22,7,21906.7,3129.5285714285715,5253.04,100.0,1750.6584738266206,7,9.0,131144.88,14571.653333333334,43266.78,9.0,0.5594000610218035,5.98651919275838,109238.18000000001,16.0,153051.58000000002,0,5571.983333333334,37.92717592592592,7,0.0,1.0,3296.33,4241.755,4956.900999999999,5,3517.8199999999997,2.0,2158.8,-0.38632448505040046,-3.0,7,9.0,1.2857142857142858,0
23,11,245215.72999999998,22292.33909090909,86251.98,100.0,26724.662877203315,11,7.0,37097.03,5299.575714285714,19846.81,7.0,1.1988272189929923,0.15128323945613115,-208118.69999999998,18.0,282312.76,0,1307.2666666666667,82.77077546296296,10,0.0,1.1,12417.61,27339.105,69962.2,8,12023.615,3.0,49675.60333333333,3.131503157189692,-5.0,11,7.0,0.6363636363636364,1
24,12,267921.96,22326.83,90421.52,2667.22,22568.99643503611,12,13.0,291078.7,22390.669230769232,89688.91,13.0,1.010846431626707,1.0864309144349347,23156.73999999999,25.0,559000.66,0,742.1833333333333,79.8275,12,0.0,1.0,17387.895,22750.9375,55578.35449999996,9,25180.699999999997,3.0,13765.220000000001,-0.45334244083762554,-6.0,12,13.0,1.0833333333333333,1
25,42,620360.5,14770.488095238095,97291.63,100.0,14337.815936173864,41,4.0,37116.19,9279.0475,14184.25,4.0,0.9707069829869927,0.059830034310695154,-583244.31,46.0,657476.69,7,4.0,86.6446875,30,0.16666666666666666,1.4,13309.650000000001,16168.39,22493.053499999998,30,14279.509666666667,12.0,15997.934166666666,0.12034198233090584,-18.0,41,4.0,0.0975609756097561,1
26,8,21690.16,2711.27,4710.31,1413.92,978.7163711865516,8,14.0,172583.26,12327.375714285716,47518.45,14.0,0.36098078435071074,7.956753661568196,150893.1,22.0,194273.42,0,918.3833333333333,71.35125,8,0.0,1.0,2747.73,2885.1925,4089.423999999999,6,2707.936666666667,2.0,2721.27,0.004923798070117234,-4.0,8,14.0,1.75,0
27,7,22637.63,3233.947142857143,4930.26,771.69,1322.6005333019023,7,12.0,251444.41999999998,20953.701666666664,53571.89,12.0,0.4089740725117124,11.10736503777118,228806.78999999998,19.0,274082.05,0,86.65,73.61927083333333,6,0.0,1.1666666666666667,3548.23,3858.79,4662.159,5,2805.2760000000003,2.0,4305.625,0.5348311538686388,-3.0,7,12.0,1.7142857142857142,0
28,7,24352.66,3478.9514285714286,5761.88,1370.95,1614.4020691206242,7,11.0,227304.78,20664.070909090908,45748.85,10.0,0.46404846467878125,9.333878927394379,202952.12,18.0,251657.44,0,2621.883333333333,40.465439814814815,7,0.0,1.0,2924.06,4430.3,5710.655,5,3133.344,2.0,4342.97,0.38604953685264054,-3.0,7,10.0,1.4285714285714286,0
29,4,17082.79,4270.6975,4618.51,3587.24,475.5727423065793,4,11.0,193443.77,17585.79727272727,53283.69,11.0,0.11135715941168375,11.323897911289665,176360.97999999998,15.0,210526.56,0,7845.833333333333,37.52313657407407,4,0.0,1.0,4438.52,4581.4375,4611.0955,3,4171.236666666667,1.0,4569.08,0.09537778964032248,-2.0,4,11.0,2.75,0
30,13,459969.71,35382.28538461539,69017.97,18487.48,13424.913405730416,13,11.0,258575.22,23506.83818181818,56580.02,11.0,0.37942471097606706,0.5621570602986009,-201394.49000000002,24.0,718544.93,0,298.21666666666664,84.62957175925926,12,0.0,1.0833333333333333,31884.63,41723.95,56282.22599999997,10,31446.981,3.0,48499.96666666667,0.5422773545946006,-7.0,13,11.0,0.8461538461538461,1
31,11,472874.94,42988.63090909091,67940.81,16511.19,15245.151640609189,11,5.0,97137.97,19427.594,47249.94,5.0,0.3546321740938546,0.20541999963034624,-375736.97,16.0,570012.91,0,3185.3166666666666,75.44210648148149,11,0.0,1.0,42594.42,50388.85,66433.965,8,42889.525,3.0,43252.91333333334,0.008472659310946812,-5.0,11,5.0,0.45454545454545453,1
32,10,293763.44,29376.344,68923.73,100.0,21859.09336304189,9,15.0,175347.76,11689.850666666667,57232.49,15.0,0.7441053033366538,0.5969012345443667,-118415.68,25.0,469111.2,0,1591.6833333333334,85.15539351851852,10,0.0,1.0,25163.07,40161.61,64450.234999999986,7,22341.068571428572,3.0,45791.986666666664,1.049677548782464,-4.0,9,15.0,1.6666666666666667,0
33,4,11432.26,2858.065,4347.83,1867.17,1209.0070270956521,4,12.0,202478.57,16873.21416666667,59034.57,12.0,0.42301593109171837,17.711158598562314,191046.31,16.0,213910.83000000002,0,6996.083333333333,33.99722222222222,4,0.0,1.0,2608.63,3589.2799999999997,4196.12,3,2361.476666666667,1.0,4347.83,0.8411488291930329,-2.0,4,12.0,3.0,0
34,5,14822.0,2964.4,4753.91,100.0,1720.0025398382409,5,13.0,213457.22,16419.786153846155,69065.42,13.0,0.5802194507617868,14.401377681824314,198635.22,18.0,228279.22,0,3345.25,70.31047453703704,5,0.0,1.0,3340.74,3456.65,4494.458,4,2517.0225,1.0,4753.91,0.8887038157187708,-3.0,5,13.0,2.6,0
35,4,9938.45,2484.6125,2920.05,1823.61,514.9832573572984,4,6.0,56750.92999999999,9458.488333333333,19393.01,6.0,0.20726904390817416,5.710239524271892,46812.479999999996,10.0,66689.37999999999,0,10455.366666666667,62.6412962962963,4,0.0,1.0,2597.395,2879.0625,2911.8525,3,2357.6833333333334,1.0,2865.4,0.21534557227787166,-2.0,4,6.0,1.5,0
36,8,16839.05,2104.88125,4590.49,100.0,1611.7462592430386,8,10.0,107950.98,10795.098,42770.21,10.0,0.7657183792401774,6.410752388050395,91111.93,18.0,124790.03,0,1336.65,82.59430555555555,8,0.0,1.0,1955.135,2833.495,4464.027999999999,6,2154.7966666666666,2.0,1955.135,-0.09265916815043646,-4.0,8,10.0,1.25,0
37,9,88035.4,9781.71111111111,63703.31,643.35,20269.837444316396,9,13.0,245775.74,18905.826153846152,66357.61,13.0,2.0722179600347994,2.791783078170827,157740.34,22.0,333811.14,0,1570.0,88.1024537037037,9,0.0,1.0,3255.76,4889.56,40276.121999999974,7,3384.105714285714,2.0,32173.329999999998,8.507188225291848,-5.0,9,13.0,1.4444444444444444,0
38,1,1111.79,1111.79,1111.79,1111.79,0.0,1,5.0,105806.03,21161.206,47947.05,5.0,0.0,95.16727979204705,104694.24,6.0,106917.81999999999,0,0.0,0.0,1,0.0,1.0,1111.79,1111.79,1111.79,1,1111.79,0.0,0.0,-1.0,-1.0,1,5.0,5.0,0
39,6,25546.21,4257.701666666667,5739.31,1059.74,1696.018750455509,6,12.0,291365.76,24280.48,66131.3,12.0,0.39834137833882416,11.4054397893073,265819.55,18.0,316911.97000000003,0,1169.6666666666667,88.32089120370371,5,0.0,1.2,4718.105,5282.2875,5660.475,5,4024.4480000000003,1.0,5423.97,0.3477550213097547,-4.0,6,12.0,2.0,0
40,9,437152.26,48572.473333333335,89453.07,20015.09,21980.10877680943,9,12.0,224894.24,18741.186666666665,93180.28,12.0,0.45252191762953453,0.514452881931801,-212258.02000000002,21.0,662046.5,1,7.0,75.40930555555556,8,0.1111111111111111,1.125,45027.38,60025.75,82224.302,7,54502.16857142857,2.0,27818.54,-0.48958838282660205,-5.0,9,12.0,1.3333333333333333,1
41,7,17360.64,2480.0914285714284,4465.0,752.94,1725.304417510415,7,6.0,45263.490000000005,7543.915000000001,24406.41,6.0,0.6956616186138821,2.6072477742756033,27902.850000000006,13.0,62624.130000000005,0,787.6,74.5916087962963,7,0.0,1.0,2070.54,4154.775,4413.889,5,2165.02,2.0,3267.77,0.5093486434305456,-3.0,7,6.0,0.8571428571428571,0
42,33,442154.0,13398.60606060606,66357.61,100.0,11100.470666990303,32,10.0,59759.18,5975.918,20467.64,10.0,0.8284795162108225,0.13515467461563166,-382394.82,43.0,501913.18,8,4.0,88.27384259259259,21,0.24242424242424243,1.5714285714285714,12247.24,16077.35,22167.325999999994,24,13570.351666666667,9.0,12940.617777777778,-0.046405126731956944,-15.0,32,10.0,0.3125,1
43,9,370303.71,41144.85666666667,66996.42,26913.78,12195.713168311438,9,13.0,134862.06,10374.004615384616,34559.51,13.0,0.29640917860316046,0.36419311056861947,-235441.65000000002,22.0,505165.77,0,1916.6833333333334,81.6709837962963,9,0.0,1.0,40855.9,45357.81,58566.33999999999,7,42441.57857142857,2.0,36606.33,-0.13748896171729158,-5.0,9,13.0,1.4444444444444444,1
44,6,11391.490000000002,1898.581666666667,3045.01,100.0,1024.8335336320074,6,6.0,51193.770000000004,8532.295,18474.56,6.0,0.5397890180996554,4.494036337652054,39802.28,12.0,62585.26000000001,0,267.0833333333333,42.40372685185185,6,0.0,1.0,2002.4,2516.2825000000003,2938.07,5,1754.8480000000004,1.0,2617.25,0.49143971443680556,-4.0,6,6.0,1.0,0
45,35,500271.47,14293.47057142857,63081.29,100.0,10466.597410665918,35,8.0,136279.24,17034.905,55177.58,8.0,0.7322642431984122,0.27241057740110586,-363992.23,43.0,636550.71,7,4.0,89.11987268518519,25,0.2,1.4,13635.83,17240.89,23435.463999999996,25,14917.193599999999,10.0,12734.163,-0.14634325051596825,-15.0,35,8.0,0.22857142857142856,1
46,41,550981.71,13438.578292682925,76597.94,612.39,11805.691557575927,39,7.0,109032.48,15576.06857142857,38432.89,7.0,0.8784925979858987,0.19788765765019678,-441949.23,48.0,660014.19,8,4.0,85.85726851851852,30,0.1951219512195122,1.3666666666666667,12075.47,15815.06,22744.23,29,12751.026896551723,12.0,15100.160833333333,0.1842309608347615,-17.0,39,7.0,0.1794871794871795,1
47,11,35995.86,3272.350909090909,5960.28,1016.57,1798.956343853038,10,6.0,132198.88,22033.146666666667,91962.36,6.0,0.5497443256636574,3.672613461659202,96203.02,17.0,168194.74,0,1504.15,65.39461805555555,11,0.0,1.0,3014.33,4551.95,5916.715,8,3079.6425,3.0,3786.24,0.2294414043188454,-5.0,10,6.0,0.6,0
48,4,14873.15,3718.2875,4153.72,2779.39,634.822495052751,4,8.0,66954.68,8369.335,20296.87,8.0,0.1707298037208664,4.501714835122351,52081.52999999999,12.0,81827.82999999999,0,6514.633333333333,72.36518518518518,4,0.0,1.0,3970.02,4071.895,4137.3550000000005,3,3659.2433333333333,1.0,3895.42,0.06454248738127101,-2.0,4,8.0,2.0,0
49,7,290878.42,41554.06,69143.53,25908.66,17286.270922062205,7,15.0,237272.2,15818.146666666667,53496.92,15.0,0.41599475290891447,0.8157091887394053,-53606.21999999997,22.0,528150.62,0,5004.8,63.87833333333333,7,0.0,1.0,31615.65,52233.485,66964.00899999999,5,40618.259999999995,2.0,43893.56,0.08063614738789902,-3.0,7,15.0,2.142857142857143,1
50,11,37890.93,3444.63,5323.09,1582.12,1013.0154278390829,10,10.0,137893.44,13789.344000000001,58279.12,9.0,0.2940854105779381,3.6392202566682843,100002.51000000001,21.0,175784.37,0,491.75,80.96667824074073,10,0.0,1.1,3063.93,4027.88,4898.73,8,3516.6549999999997,3.0,3252.563333333333,-0.07509740553641649,-5.0,10,9.0,0.9,0
51,13,37100.37,2853.8746153846155,4299.55,1224.36,1020.9572952350112,13,8.0,53940.020000000004,6742.5025000000005,21209.55,8.0,0.3577442715006655,1.4538943951232832,16839.65,21.0,91040.39000000001,0,890.8166666666667,59.76707175925926,13,0.0,1.0,3015.5,3602.62,4288.6359999999995,10,2940.7110000000002,3.0,2564.42,-0.12795919082153948,-7.0,13,8.0,0.6153846153846154,0
52,3,9708.67,3236.2233333333334,5686.35,1415.48,2203.899991930971,3,8.0,49558.729999999996,6194.8412499999995,22568.98,8.0,0.6810098577655758,5.104584871048248,39850.06,11.0,59267.399999999994,0,47546.666666666664,81.66136574074073,3,0.0,1.0,2606.84,4146.595,5378.399,3,3236.2233333333334,0.0,0.0,-1.0,-3.0,3,8.0,2.6666666666666665,0
53,33,515601.03,15624.273636363638,93433.06,2290.64,15268.54235991005,33,9.0,138226.84,15358.537777777778,64435.34,9.0,0.9772321398912481,0.268088758472806,-377374.19000000006,42.0,653827.87,7,4.0,85.21005787037036,21,0.21212121212121213,1.5714285714285714,13251.9,17432.96,23922.764,24,14765.537083333335,9.0,17914.23777777778,0.21324660773759158,-15.0,33,9.0,0.2727272727272727,1
54,6,231731.23,38621.871666666666,62377.73,16490.18,15100.750710508953,6,10.0,122404.61,12240.461,31092.65,10.0,0.3909896144039529,0.5282180136013604,-109326.62000000001,16.0,354135.84,0,8920.466666666667,53.561273148148146,6,0.0,1.0,39549.274999999994,42474.17,57437.43,5,37936.828,1.0,42047.09,0.10834490432357695,-4.0,6,10.0,1.6666666666666667,1
55,16,590876.73,36929.795625,95794.13,17678.64,18000.434726655527,15,8.0,170960.03,21370.00375,46505.25,8.0,0.4874230799823314,0.2893328190467071,-419916.69999999995,24.0,761836.76,0,99.45,81.22778935185185,15,0.0,1.0666666666666667,31458.754999999997,41190.655,59770.115000000005,12,38757.68583333333,4.0,31446.125,-0.18864802364038624,-8.0,15,8.0,0.5333333333333333,1
56,41,669812.29,16336.88512195122,76435.33,4032.4,10848.551748969794,40,16.0,236502.47999999998,14781.404999999999,48577.09,16.0,0.6640526433275232,0.3530876986446456,-433309.81000000006,57.0,906314.77,7,4.0,85.37225694444444,26,0.17073170731707318,1.5769230769230769,15255.09,18974.78,21607.62,29,16913.98,12.0,14942.239166666666,-0.11657462249176914,-17.0,40,16.0,0.4,1
57,6,12818.01,2136.335,4676.36,245.23,1471.4384554407975,6,5.0,62324.53,12464.905999999999,22307.07,5.0,0.6887676583685599,4.862262550895186,49506.52,11.0,75142.54,0,428.2,43.60078703703704,5,0.0,1.2,2050.41,2389.7,4112.1849999999995,5,2514.5559999999996,1.0,245.23,-0.9024758247579294,-4.0,6,5.0,0.8333333333333334,0
58,6,332079.79000000004,55346.631666666675,95322.47,39288.03,20469.769204238153,6,7.0,63831.74,9118.82,25059.78,7.0,0.369846702280283,0.19221808108226035,-268248.05000000005,13.0,395911.53,0,1485.5166666666667,126.55091435185186,6,0.0,1.0,48665.41,55113.1575,85683.43,5,47351.464,1.0,95322.47,1.0130839038049595,-4.0,6,7.0,1.1666666666666667,0
59,4,13460.48,3365.12,4567.6,2186.88,986.0272148035943,4,3.0,103923.20000000001,34641.06666666667,49107.41,3.0,0.2930139830982534,7.720616203879803,90462.72000000002,7.0,117383.68000000001,0,21598.333333333332,83.48756944444445,4,0.0,1.0,3353.0,3808.7425000000003,4415.8285,3,3301.5633333333335,1.0,3555.79,0.07700190515806142,-2.0,4,3.0,0.75,0
60,7,20777.27,2968.1814285714286,4453.11,100.0,1467.6537286593248,7,9.0,49014.54,5446.06,15973.98,9.0,0.49446227057814973,2.359046207706787,28237.27,16.0,69791.81,0,8048.016666666666,78.14965277777777,7,0.0,1.0,3133.4,3887.2,4396.95,5,2810.272,2.0,3362.955,0.19666530499538834,-3.0,7,9.0,1.2857142857142858,0
61,12,504572.28,42047.69,86705.47,22094.96,17416.48169531065,12,9.0,123910.93,13767.88111111111,38343.3,9.0,0.41420781249363875,0.2455761739428095,-380661.35000000003,21.0,628483.21,0,732.5,80.75436342592593,11,0.0,1.0909090909090908,39061.91,50504.9425,67694.49449999997,9,43848.60333333333,3.0,36644.950000000004,-0.16428467010845868,-6.0,12,9.0,0.75,1
62,9,24295.39,2699.487777777778,3807.75,903.5,961.5882672404258,9,12.0,92579.36,7714.946666666667,17941.75,11.0,0.3562113802315514,3.8105731169575794,68283.97,21.0,116874.75,0,246.51666666666668,66.2555324074074,7,0.0,1.2857142857142858,2944.26,3566.94,3713.6659999999997,7,2631.4842857142858,2.0,2937.5,0.11629015455155942,-5.0,9,11.0,1.2222222222222223,0
63,5,292410.80000000005,58482.16000000001,87744.82,38971.05,17844.187954702506,5,6.0,90586.97,15097.828333333333,63672.55,6.0,0.3051219030675765,0.3097935165185417,-201823.83000000005,11.0,382997.77,0,2212.4666666666667,111.63021990740741,5,0.0,1.0,55839.58,56414.54,81478.764,4,51166.495,1.0,87744.82,0.7148882291038305,-3.0,5,6.0,1.2,0
64,39,695664.71,17837.556666666667,90641.67,100.0,16782.202356821246,39,9.0,165137.47,18348.60777777778,94418.41,9.0,0.9408352651897903,0.23738083537398355,-530527.24,48.0,860802.1799999999,8,4.0,90.13115740740741,27,0.20512820512820512,1.4444444444444444,15035.31,17982.59,29445.934000000078,28,18210.08892857143,11.0,16889.29272727273,-0.07253101324652984,-17.0,39,9.0,0.23076923076923078,1
65,2,182187.29,91093.645,119495.41,62691.88,40166.161258333486,2,9.0,89242.89,9915.876666666667,22311.04,9.0,0.4409326386965137,0.4898414702803911,-92944.40000000001,11.0,271430.18,0,147940.8,102.73666666666666,2,0.0,1.0,91093.645,105294.5275,116655.2335,2,91093.645,0.0,0.0,-1.0,-2.0,2,9.0,4.5,1
66,2,132528.65,66264.325,108927.28,23601.37,60334.529571913044,2,14.0,263624.82,18830.344285714287,67825.13,14.0,0.9105130033681479,1.989191167343816,131096.17,16.0,396153.47,0,156743.11666666667,108.84938657407407,2,0.0,1.0,66264.325,87595.80249999999,104660.98449999999,2,66264.325,0.0,0.0,-1.0,-2.0,2,14.0,7.0,1
67,5,335310.68,67062.136,111938.07,38523.56,32956.23726295267,5,11.0,247782.02000000002,22525.638181818184,115400.08,11.0,0.4914283861008047,0.7389625048626546,-87528.65999999997,16.0,583092.7,1,8.0,91.4645949074074,4,0.2,1.25,49715.26,92211.68,107992.792,4,55843.1525,1.0,111938.07,1.0045084310023509,-3.0,5,11.0,2.2,1
68,4,10624.33,2656.0825,4956.5,100.0,2005.4345645831977,4,7.0,125450.01999999999,17921.431428571428,88841.4,7.0,0.755034741798569,11.807805292192542,114825.68999999999,11.0,136074.34999999998,0,13964.966666666667,44.60423611111111,4,0.0,1.0,2783.915,3568.43,4678.8859999999995,3,1889.2766666666666,1.0,4956.5,1.6234908245307287,-2.0,4,7.0,1.75,0
69,7,20057.46,2865.3514285714286,4074.29,749.37,1211.9946000076152,7,9.0,61595.55,6843.950000000001,15612.44,9.0,0.4229828801878855,3.0709546472983122,41538.090000000004,16.0,81653.01000000001,0,215.81666666666666,59.56672453703704,6,0.0,1.1666666666666667,3397.98,3751.3450000000003,4010.9089999999997,5,3448.036,2.0,1408.6399999999999,-0.5914659823737339,-3.0,7,9.0,1.2857142857142858,0
70,6,15564.73,2594.1216666666664,2994.47,1640.29,496.48554723845336,6,16.0,231977.17,14498.573125,47105.52,16.0,0.19138868990536428,14.904027888694504,216412.44,22.0,247541.90000000002,0,5830.466666666666,77.56702546296296,6,0.0,1.0,2741.95,2887.7525,2977.9449999999997,5,2609.406,1.0,2517.7,-0.03514439684740517,-4.0,6,16.0,2.6666666666666665,0
71,6,19095.57,3182.595,5401.31,1041.03,1663.833168713138,6,9.0,102784.21,11420.467777777778,50536.57,9.0,0.5227913601049264,5.382620681131802,83688.64000000001,15.0,121879.78,0,174.51666666666668,54.371805555555554,5,0.0,1.2,2879.0,4423.5725,5253.110000000001,5,2857.412,1.0,4808.51,0.6828199783580389,-4.0,6,9.0,1.5,0
72,8,18176.7,2272.0875,5965.46,100.0,1800.6734716349881,8,9.0,144701.67,16077.963333333335,53627.94,9.0,0.7925194217366136,7.960832824440081,126524.97000000002,17.0,162878.37000000002,0,348.51666666666665,65.54819444444445,7,0.0,1.1428571428571428,2311.15,2559.6025,4920.0239999999985,6,1652.9566666666667,2.0,4129.48,1.4982385099831208,-4.0,8,9.0,1.125,0
73,14,293892.55,20992.325,83372.77,6272.87,19800.450940400613,14,7.0,112205.42,16029.345714285713,78804.42,7.0,0.9432233418833127,0.38179062381812673,-181687.13,21.0,406097.97,0,174.5,72.44983796296296,12,0.0,1.1666666666666667,16199.1,22974.2475,51473.53249999999,10,16231.341,4.0,32894.785,1.0266215219062924,-6.0,14,7.0,0.5,1
74,12,43184.37,3598.6975,6097.54,493.41,1990.6992513784287,12,13.0,311980.92,23998.532307692305,79374.58,13.0,0.5531721550306544,7.2243943815783345,268796.55,25.0,355165.29,0,2542.6,75.98538194444444,12,0.0,1.0,4577.075,5119.0825,5822.32,9,3537.527777777778,3.0,3782.2066666666665,0.06916663394869291,-6.0,12,13.0,1.0833333333333333,0
75,11,34058.45,3096.222727272727,4240.88,882.69,1006.5548976294428,11,11.0,144123.79,13102.162727272727,36633.56,11.0,0.32509124384473964,4.231660278139493,110065.34000000001,22.0,178182.24,0,755.7,85.44060185185185,10,0.0,1.1,3629.25,3642.92,4060.375,8,3232.53375,3.0,2732.726666666667,-0.15461774632154518,-5.0,11,11.0,1.0,0
76,8,20704.66,2588.0825,3628.8,522.9,1068.390207311248,8,9.0,100782.17,11198.018888888888,35788.55,9.0,0.412811495503427,4.867608065044294,80077.51,17.0,121486.83,0,3473.483333333333,69.35234953703704,8,0.0,1.0,2947.075,3179.735,3606.1585,6,2609.09,2.0,2525.06,-0.03220663143088211,-4.0,8,9.0,1.125,0
77,10,35029.96,3502.996,6467.75,845.64,1546.2303116518935,10,9.0,221751.64,24639.071111111112,54516.03,9.0,0.4414022487184951,6.330342369788604,186721.68000000002,19.0,256781.6,0,459.3666666666667,80.45456018518519,9,0.0,1.1111111111111112,3567.545,4267.6325,5610.850999999998,7,4076.9314285714286,3.0,2163.8133333333335,-0.46925442057495154,-4.0,10,9.0,0.9,0
78,11,411878.48,37443.49818181818,82907.47,14818.33,19506.59021795548,11,4.0,105305.16,26326.29,64812.77,4.0,0.5209606784931087,0.2556704589178828,-306573.31999999995,15.0,517183.64,0,816.3,71.35532407407408,11,0.0,1.0,32815.05,46004.84,68651.425,8,35859.96125,3.0,41666.263333333336,0.16191601666422145,-5.0,11,4.0,0.36363636363636365,1
79,7,390498.28,55785.46857142857,94943.59,23888.05,22611.96856996712,7,8.0,78316.29,9789.53625,19898.09,8.0,0.40533796970826563,0.20055476300689465,-312181.99000000005,15.0,468814.57,0,1720.0333333333333,94.9495949074074,7,0.0,1.0,51069.42,63897.895000000004,88325.04699999998,5,54958.297999999995,2.0,57853.395000000004,0.05267806874223087,-3.0,7,8.0,1.1428571428571428,0
80,33,469704.61,14233.47303030303,73809.31,136.33,12048.80538708078,33,10.0,72887.13,7288.713000000001,27306.86,10.0,0.8465119764816993,0.15517652679627736,-396817.48,43.0,542591.74,7,4.0,89.67905092592592,22,0.21212121212121213,1.5,13087.46,17207.26,23174.184,24,14320.652499999998,9.0,14000.994444444445,-0.022321472820847642,-15.0,33,10.0,0.30303030303030304,1
81,7,328425.26,46917.89428571429,76643.39,16680.97,17893.445635054803,7,9.0,111286.56999999999,12365.174444444443,42250.52,9.0,0.3813778496982346,0.3388489971812765,-217138.69,16.0,439711.83,0,1977.1333333333334,68.41082175925926,7,0.0,1.0,48229.6,51555.67,70010.64799999999,5,42426.072,2.0,58147.45,0.37055935793443234,-3.0,7,9.0,1.2857142857142858,1
82,5,16630.01,3326.0019999999995,5885.44,2174.98,1464.0765720309848,5,6.0,123165.07999999999,20527.513333333332,53531.28,6.0,0.4401911279761663,7.406193983046312,106535.06999999999,11.0,139795.09,0,81.66666666666667,65.70729166666666,4,0.0,1.25,2913.65,2955.25,5299.401999999999,4,3429.09,1.0,2913.65,-0.15031393168449939,-3.0,5,6.0,1.2,0
83,33,458410.36,13891.22303030303,85080.7,2140.52,13863.556869382963,33,8.0,217968.61,27246.07625,58272.34,8.0,0.998008371123283,0.4754879667204729,-240441.75,41.0,676378.97,7,4.0,77.25618055555556,23,0.21212121212121213,1.434782608695652,13723.86,16366.72,19135.734,24,13715.970416666665,9.0,14358.563333333334,0.04684997832058863,-15.0,33,8.0,0.24242424242424243,1
84,6,17419.46,2903.2433333333333,4193.81,1162.0,1394.2723926789438,6,9.0,74548.8,8283.2,22038.43,8.0,0.4802464804347358,4.279627497063629,57129.340000000004,15.0,91968.26000000001,0,827.5666666666667,52.72799768518519,5,0.0,1.2,3000.855,4152.9525,4189.2675,5,2648.764,1.0,4175.64,0.5764484869169167,-4.0,6,8.0,1.3333333333333333,0
85,6,17152.73,2858.7883333333334,5138.31,1181.68,1631.5970043784303,6,13.0,154578.41,11890.646923076923,60231.28,13.0,0.5707302584644299,9.011883822575182,137425.68,19.0,171731.14,0,1426.1,71.65287037037037,6,0.0,1.0,2802.085,3891.0375,4843.845,5,2693.986,1.0,3682.8,0.367044966083714,-4.0,6,13.0,2.1666666666666665,0
86,8,31230.309999999998,3903.7887499999997,6733.88,1417.74,1640.6656471117144,8,11.0,155103.57,14100.324545454547,48904.47,11.0,0.4202752126665959,4.966443496718413,123873.26000000001,19.0,186333.88,0,1304.65,61.29851851851852,7,0.0,1.1428571428571428,4030.2749999999996,4576.5275,6017.538499999999,6,3667.2466666666664,2.0,4613.415,0.25800509737550614,-4.0,8,11.0,1.375,0
87,12,457823.74,38151.97833333333,61891.21,1736.53,14531.235961601564,12,7.0,65848.97,9406.995714285715,25644.81,7.0,0.38087765291336523,0.14383039638791995,-391974.77,19.0,523672.70999999996,0,626.4333333333333,80.76869212962963,12,0.0,1.0,39003.83,44518.729999999996,55211.22349999999,9,36226.79555555556,3.0,43927.52666666667,0.21257003256889406,-6.0,12,7.0,0.5833333333333334,1
88,13,127041.01999999999,9772.386153846153,84636.59,229.51,22568.480701943416,13,7.0,140734.65,20104.95,88163.11,7.0,2.30941351954876,1.1077890432554778,13693.630000000005,20.0,267775.67,0,338.75,62.31938657407407,12,0.0,1.0833333333333333,3429.29,5716.9,37635.62599999989,10,3819.6809999999996,3.0,29614.736666666664,6.753196318401109,-7.0,13,7.0,0.5384615384615384,1
89,8,19761.19,2470.14875,4148.54,212.27,1442.2156848547554,8,14.0,168016.39,12001.170714285716,48337.43,14.0,0.5838578283412105,8.502341711202616,148255.2,22.0,187777.58000000002,0,4414.8,72.70543981481481,8,0.0,1.0,2915.2,3231.6225,4019.9289999999996,6,2404.9883333333332,2.0,2665.63,0.1083754391046943,-4.0,8,14.0,1.75,0
90,5,13342.900000000001,2668.5800000000004,4665.59,100.0,1658.0784452642763,5,8.0,115158.86,14394.8575,45679.84,8.0,0.6213336101088505,8.630721956995854,101815.95999999999,13.0,128501.76000000001,0,1067.15,25.93337962962963,5,0.0,1.0,2842.52,3255.94,4383.66,4,2716.0125000000003,1.0,2478.85,-0.08732010622189712,-3.0,5,8.0,1.6,0
91,4,13378.08,3344.52,6408.99,1631.88,2122.6564065968532,4,4.0,40546.2,10136.55,18935.76,4.0,0.6346669795955333,3.0307936564888234,27168.119999999995,8.0,53924.28,0,3496.6,60.963171296296295,4,0.0,1.0,2668.6049999999996,3883.9125,5903.974499999998,3,3445.286666666667,1.0,3042.22,-0.11699074871370173,-2.0,4,4.0,1.0,0
92,10,396892.35,39689.235,72581.1,11256.01,16226.898209503363,10,4.0,109681.58,27420.395,90225.33,4.0,0.4088488530832948,0.27635095511415125,-287210.76999999996,14.0,506573.93,0,2550.483333333333,74.82324074074074,10,0.0,1.0,37129.27,46338.28,63440.609999999986,7,35814.1,3.0,48731.21666666667,0.3606712626218911,-4.0,10,4.0,0.4,1
93,11,34462.27,3132.933636363636,4243.07,2029.43,721.7177663362975,11,8.0,137396.96,17174.62,40182.11,8.0,0.23036484334024637,3.986880724920326,102934.69,19.0,171859.22999999998,0,92.06666666666666,81.72128472222222,10,0.0,1.1,3266.28,3670.88,3983.5099999999998,8,3189.48875,3.0,2982.1200000000003,-0.06501629767466639,-5.0,11,8.0,0.7272727272727273,0
94,5,180102.71000000002,36020.542,91401.49,1193.45,45558.272556827375,5,6.0,263672.69,43945.448333333334,94228.34,6.0,1.2647858701522974,1.4640128957526513,83569.97999999998,11.0,443775.4,0,9772.45,115.42556712962963,5,0.0,1.0,3792.03,80037.86,89128.764,4,22175.305,1.0,91401.49,3.1217692383486946,-3.0,5,6.0,1.2,1
95,3,3520.04,1173.3466666666666,1961.87,240.52,869.700548828925,3,6.0,122385.27,20397.545000000002,60118.67,6.0,0.741213635778791,34.7681475210509,118865.23000000001,9.0,125905.31,0,12081.183333333332,45.70585648148148,3,0.0,1.0,1317.65,1639.76,1897.4479999999999,3,1173.3466666666666,0.0,0.0,-1.0,-3.0,3,6.0,2.0,0
96,4,270834.33,67708.5825,98122.41,40761.04,23759.900082593464,4,11.0,136153.31,12377.573636363637,35986.21,11.0,0.3509141560095939,0.5027180638436789,-134681.02000000002,15.0,406987.64,0,24247.966666666667,121.32393518518519,4,0.0,1.0,65975.44,77212.6725,93940.4625,3,66863.85666666667,1.0,70242.76,0.05053407777804402,-2.0,4,11.0,2.75,1
97,7,23238.65,3319.807142857143,5289.45,795.21,1627.4384600112564,7,7.0,52223.399999999994,7460.485714285714,18664.71,7.0,0.49022078391295515,2.2472647937810497,28984.749999999993,14.0,75462.04999999999,0,3028.616666666667,56.550243055555555,7,0.0,1.0,2886.41,4670.13,5189.682,5,3337.186,2.0,3276.3599999999997,-0.018226733541373025,-3.0,7,7.0,1.0,0
98,11,25104.2,2282.2000000000003,4538.9,100.0,1573.2150647829433,11,14.0,232017.43,16572.67357142857,59179.46,14.0,0.6893414533270279,9.24217581121884,206913.22999999998,25.0,257121.63,0,1236.8,86.67295138888889,11,0.0,1.0,2199.55,3758.225,4341.955,8,2115.18,3.0,2727.5866666666666,0.289529338716642,-5.0,11,14.0,1.2727272727272727,0
99,5,16080.39,3216.078,6083.22,1001.78,1995.8055755057906,5,10.0,200473.28,20047.328,92759.34,10.0,0.6205712596229913,12.466941411246866,184392.89,15.0,216553.66999999998,0,3335.383333333333,17.220266203703705,5,0.0,1.0,3135.08,4078.91,5682.358,4,3000.37,1.0,4078.91,0.35946899882347844,-3.0,5,10.0,2.0,0
100,9,349684.44999999995,38853.82777777777,75851.5,100.0,26656.414270104284,9,13.0,156841.16999999998,12064.705384615383,48241.44,13.0,0.6860691930422945,0.44852200319459445,-192843.27999999997,22.0,506525.61999999994,0,867.2333333333333,82.61549768518519,9,0.0,1.0,42972.42,56361.65,73121.94799999999,7,29257.904285714285,2.0,72439.56,1.475897087248657,-5.0,9,13.0,1.4444444444444444,1
101,8,218321.75,27290.21875,77834.54,1323.15,23080.78944361333,8,8.0,130740.32,16342.54,53189.25,8.0,0.8457531856029307,0.5988423966004304,-87581.43,16.0,349062.07,0,305.6333333333333,76.25021990740741,7,0.0,1.1428571428571428,23374.855,31873.035000000003,62755.031499999975,6,30599.255,2.0,17363.11,-0.43256428955541565,-4.0,8,8.0,1.0,1
102,8,340024.97000000003,42503.121250000004,88706.84,11704.23,21904.31058873862,8,17.0,265552.53,15620.737058823532,42336.54,17.0,0.5153576947890296,0.7809794968881256,-74472.44,25.0,605577.5,0,254.05,71.91961805555556,7,0.0,1.1428571428571428,37840.765,46673.0275,75479.18849999997,6,34343.10166666667,2.0,66983.18,0.9504114872948037,-4.0,8,17.0,2.125,1
103,9,25756.97,2861.8855555555556,5712.45,1025.04,1550.4879512601115,9,11.0,136999.87,12454.533636363636,36739.19,11.0,0.541771472395278,5.318943571390578,111242.9,20.0,162756.84,0,45.38333333333333,75.4447800925926,7,0.0,1.2857142857142858,2273.03,3035.8,5473.9259999999995,7,3026.297142857143,2.0,2286.445,-0.24447438831424356,-5.0,9,11.0,1.2222222222222223,0
104,9,361718.71,40190.96777777778,90514.72,7794.11,28410.672399016617,9,10.0,100205.07,10020.507000000001,27016.83,9.0,0.7068919702581863,0.277024846185037,-261513.64,19.0,461923.78,0,3444.2833333333333,72.23016203703703,9,0.0,1.0,36203.94,42549.42,86642.408,7,32789.415714285715,2.0,66096.4,1.0157846231826286,-5.0,9,9.0,1.0,1
105,32,492857.24,15401.78875,89658.0,985.81,14547.875224861322,31,7.0,173408.12,24772.588571428572,62074.37,7.0,0.9445575095854578,0.3518424929701753,-319449.12,39.0,666265.36,7,4.0,88.31140046296296,24,0.21875,1.3333333333333333,12737.974999999999,15903.1375,23319.587,23,15766.89695652174,9.0,14468.734444444444,-0.08233468612480084,-14.0,31,7.0,0.22580645161290322,1
106,8,280284.62,35035.5775,60002.49,19794.94,15167.63864397558,8,17.0,320885.85,18875.638235294115,69476.14,16.0,0.4329210398765535,1.1448571455686722,40601.22999999998,25.0,601170.47,0,2813.9,83.3616087962963,8,0.0,1.0,31818.165,39833.4525,58635.683999999994,6,32795.14000000001,2.0,41756.89,0.2732645751779072,-4.0,8,16.0,2.0,0
107,6,23996.54,3999.4233333333336,5307.7,2987.74,941.3468689631186,6,5.0,28255.519999999997,5651.103999999999,18877.05,5.0,0.23537064984279862,1.1774830871450632,4258.979999999996,11.0,52252.06,0,1291.2833333333333,61.06306712962963,6,0.0,1.0,3824.39,4687.922500000001,5195.465,5,4104.634,1.0,3473.37,-0.15379300566140613,-4.0,6,5.0,0.8333333333333334,0
108,10,179512.53999999998,17951.253999999997,92462.79,391.52,31955.78487571441,10,13.0,360882.98,27760.22923076923,95322.47,13.0,1.7801422048684963,2.0103496947901247,181370.44,23.0,540395.52,0,2056.4,126.63836805555556,10,0.0,1.0,4065.465,5485.8575,78428.36999999997,7,3262.2400000000002,3.0,52225.619999999995,15.009128696846338,-4.0,10,13.0,1.3,1
109,6,21485.13,3580.855,5116.75,1675.54,1261.904949078971,6,8.0,42850.29,5356.28625,12688.3,8.0,0.3524032525972068,1.9944161380452434,21365.16,14.0,64335.42,0,3226.7833333333333,70.08570601851852,6,0.0,1.0,3874.705,4316.639999999999,4932.3425,5,3961.918,1.0,1675.54,-0.5770886727085215,-4.0,6,8.0,1.3333333333333333,0
110,10,204317.58,20431.757999999998,60471.88,9911.97,15302.466653458046,10,13.0,151616.73,11662.825384615386,41046.73,12.0,0.7489549677251487,0.7420640455902033,-52700.84999999998,23.0,355934.31,0,558.6333333333333,72.02298611111111,8,0.0,1.25,14408.805,20782.125,46714.49799999996,7,15830.914285714285,3.0,31167.059999999998,0.9687466837038561,-4.0,10,12.0,1.2,1
111,9,186703.89,20744.876666666667,109229.76,1377.45,38232.03359702273,9,14.0,379511.85,27107.989285714284,112608.0,13.0,1.8429626847796508,2.0326938554949225,192807.95999999996,23.0,566215.74,0,3820.8166666666666,111.03120370370371,9,0.0,1.0,2912.94,3962.57,89490.90399999998,7,10790.772857142858,2.0,55584.24,4.151089800134797,-5.0,9,13.0,1.4444444444444444,1
112,7,19187.739999999998,2741.105714285714,4229.11,284.33,1238.5750239133295,7,13.0,188792.42,14522.493846153848,81434.57,13.0,0.4518523373463111,9.839221294430716,169604.68000000002,20.0,207980.16,0,1400.1833333333334,50.73342592592593,7,0.0,1.0,2853.75,3332.0150000000003,4050.7419999999993,5,3209.932,2.0,1569.04,-0.5111921374035338,-3.0,7,13.0,1.8571428571428572,0
113,9,23280.21,2586.69,4424.52,722.45,1391.4894088709407,9,15.0,126570.44,8438.029333333334,27338.92,15.0,0.5379420838488341,5.436825526917498,103290.23000000001,24.0,149850.65,0,1634.7166666666667,78.1197337962963,9,0.0,1.0,2403.31,4202.04,4346.316000000001,7,2786.8214285714284,2.0,1886.23,-0.32316079506862655,-5.0,9,15.0,1.6666666666666667,0
114,6,396991.57999999996,66165.26333333332,108221.81,29046.91,27412.12851368946,6,11.0,102620.84999999999,9329.16818181818,26256.23,11.0,0.41429788279675045,0.25849628851070344,-294370.73,17.0,499612.42999999993,0,16531.25,115.79023148148148,6,0.0,1.0,68609.56,76126.7175,100533.7325,5,57753.954000000005,1.0,108221.81,0.8738424385627344,-4.0,6,11.0,1.8333333333333333,0
115,10,28947.38,2894.7380000000003,5652.64,356.82,1638.784466553725,10,10.0,90399.54,9039.954,26350.21,10.0,0.5661253165411602,3.1228919508432194,61452.15999999999,20.0,119346.92,0,237.98333333333332,67.17746527777778,9,0.0,1.1111111111111112,2536.62,3514.475,5502.916,7,3327.9814285714283,3.0,1883.8366666666668,-0.4339401504787471,-4.0,10,10.0,1.0,0
116,9,185344.1,20593.78888888889,61645.27,2165.98,16595.01365244576,9,6.0,39541.979999999996,6590.329999999999,16641.21,6.0,0.8058261518549111,0.2133436133116727,-145802.12,15.0,224886.08000000002,0,80.41666666666667,66.79822916666667,8,0.0,1.125,17559.78,18399.81,46676.54999999999,7,21396.051428571427,2.0,17785.870000000003,-0.1687311998021529,-5.0,9,6.0,0.6666666666666666,0
117,34,500923.15,14733.033823529413,68315.5,100.0,11743.588623799133,34,19.0,298013.31,15684.911052631578,50830.13,19.0,0.7970923548036669,0.5949282040568498,-202909.84000000003,53.0,798936.46,7,4.0,86.4445949074074,22,0.20588235294117646,1.5454545454545454,12634.035,19369.69,24977.1465,24,14541.250833333334,10.0,15193.313,0.044842233597396274,-14.0,34,19.0,0.5588235294117647,1
118,10,384376.92,38437.691999999995,74252.29,16004.53,17752.69612997405,10,7.0,171529.34,24504.191428571427,98122.41,7.0,0.4618564540757039,0.44625296440795664,-212847.58,17.0,555906.26,0,4345.783333333334,80.9952199074074,10,0.0,1.0,34591.095,48899.13,65893.44549999997,7,37596.30714285715,3.0,40400.92333333333,0.07459818273691879,-4.0,10,7.0,0.7,0
119,3,6542.68,2180.8933333333334,4060.56,818.03,1681.9079832836674,3,12.0,179450.89,14954.240833333335,50466.41,12.0,0.771201396041225,27.427734506349083,172908.21000000002,15.0,185993.57,0,18556.666666666668,42.44114583333333,3,0.0,1.0,1664.09,2862.325,3820.9129999999996,3,2180.8933333333334,0.0,0.0,-1.0,-3.0,3,12.0,4.0,0
120,7,500528.25,71504.03571428571,112482.87,43105.77,21574.832699390634,7,10.0,66111.75,6611.175,22559.44,9.0,0.30172888122845104,0.13208395330333503,-434416.5,17.0,566640.0,0,1977.35,113.39583333333333,7,0.0,1.0,68220.82,76323.73999999999,102820.20299999998,5,64314.632,2.0,89477.545,0.39124709599520063,-3.0,7,9.0,1.2857142857142858,0
121,3,200306.52000000002,66768.84000000001,119606.71,22913.75,48968.3559126371,3,7.0,154699.31,22099.90142857143,48564.55,7.0,0.7334013278145477,0.7723129032444874,-45607.21000000002,10.0,355005.83,0,58472.916666666664,108.05571759259259,3,0.0,1.0,57786.06,88696.38500000001,113424.645,3,66768.84000000001,0.0,0.0,-1.0,-3.0,3,7.0,2.3333333333333335,1
122,6,368848.19999999995,61474.69999999999,73011.29,53354.22,7823.522043307602,6,10.0,43216.35,4321.635,23471.0,10.0,0.12726409471388397,0.1171656795397131,-325631.85,16.0,412064.54999999993,0,1001.9666666666667,88.36723379629629,5,0.0,1.2,59858.065,66572.8275,71688.06749999999,5,59167.382,1.0,73011.29,0.23397871482635477,-4.0,6,10.0,1.6666666666666667,1
123,7,19276.86,2753.837142857143,4858.74,758.77,1484.9161349126118,7,4.0,127732.15,31933.0375,56976.76,4.0,0.5392171206507845,6.62619067628234,108455.29,11.0,147009.01,0,1237.45,59.51356481481481,7,0.0,1.0,2793.83,3684.56,4553.6939999999995,5,2804.648,2.0,2626.81,-0.0634083136279491,-3.0,7,4.0,0.5714285714285714,0
124,5,19707.37,3941.4739999999997,7940.78,1634.94,2439.7127458944833,5,12.0,185771.77,15480.980833333333,43000.13,12.0,0.6189848635039793,9.426512517905739,166064.4,17.0,205479.13999999998,0,11678.45,56.50950231481482,5,0.0,1.0,3849.6,3917.03,7136.029999999999,4,4518.1075,1.0,1634.94,-0.638136100125993,-3.0,5,12.0,2.4,0
125,10,29247.39,2924.739,4147.21,1481.96,871.401302315223,10,10.0,105301.04000000001,10530.104000000001,32759.22,10.0,0.2979415607051511,3.600356818163946,76053.65000000001,20.0,134548.43,0,539.1,82.84659722222223,8,0.0,1.25,2994.525,3562.625,4037.9455,7,3149.175714285714,3.0,2401.0533333333333,-0.23756133313192004,-4.0,10,10.0,1.0,0
126,2,2468.35,1234.175,1687.05,781.3,640.4619670597154,2,8.0,60458.71,7557.33875,15037.69,8.0,0.5189393457651593,24.493572629489336,57990.36,10.0,62927.06,0,12590.45,8.743368055555555,2,0.0,1.0,1234.175,1460.6125,1641.7624999999998,2,1234.175,0.0,0.0,-1.0,-2.0,2,8.0,4.0,0
127,4,18551.02,4637.755,5499.91,3809.16,690.874087925337,4,7.0,31590.75,4512.964285714285,10656.0,7.0,0.14896735336932135,1.7029117536394225,13039.73,11.0,50141.770000000004,0,14001.55,80.64737268518519,4,0.0,1.0,4620.975,4861.09,5372.146,3,4913.953333333334,1.0,3809.16,-0.22482780327584181,-2.0,4,7.0,1.75,0
128,10,124669.37999999999,12466.937999999998,101825.9,657.6,31422.363498599316,9,9.0,251881.18,27986.797777777778,104975.16,9.0,2.5204555840896394,2.020393299461343,127211.8,19.0,376550.56,0,2107.3166666666666,121.16237268518519,10,0.0,1.0,2328.075,3964.3225,58063.822999999895,7,2413.672857142857,3.0,35924.556666666664,13.88377207389726,-4.0,9,9.0,1.0,1
129,11,88382.73,8034.793636363636,59179.46,1308.0,16998.804666954835,11,15.0,260362.34,17357.489333333335,61645.27,15.0,2.1156491922856784,2.9458508466529603,171979.61,26.0,348745.07,0,1201.8666666666666,82.9798263888889,11,0.0,1.0,3028.29,3921.92,32091.765,8,9862.48,3.0,3160.963333333333,-0.6794960969925077,-5.0,11,15.0,1.3636363636363635,0
130,2,186652.68,93326.34,116090.73,70561.95,32193.70907715046,2,13.0,187210.17,14400.782307692309,44666.88,13.0,0.344958444498632,1.0029867773663899,557.4900000000198,15.0,373862.85,0,152699.56666666668,106.04136574074074,2,0.0,1.0,93326.34,104708.535,113814.291,2,93326.34,0.0,0.0,-1.0,-2.0,2,13.0,6.5,1
131,8,22862.93,2857.86625,5023.98,191.74,1448.340113528365,8,12.0,168454.85,14037.904166666667,48097.07,12.0,0.5067907266578221,7.368034193342673,145591.92,20.0,191317.78,0,910.55,67.07381944444444,7,0.0,1.1428571428571428,2980.34,3349.9175,4681.161999999999,6,3025.843333333333,2.0,2353.935,-0.22205655062555552,-4.0,8,12.0,1.5,0
132,15,411094.05,27406.27,80591.71,1211.72,19290.027430193415,15,7.0,77377.14,11053.877142857144,29412.96,7.0,0.7038545351189132,0.1882224760976229,-333716.91,22.0,488471.19,1,5.45,80.66934027777778,13,0.06666666666666667,1.1538461538461537,28720.42,32882.229999999996,51616.96699999996,11,21460.80909090909,4.0,43756.2875,1.0388927236921086,-7.0,15,7.0,0.4666666666666667,1
133,5,244793.33,48958.666,98585.76,4754.28,35303.268109295204,5,7.0,57101.91,8157.415714285715,21808.57,7.0,0.7210831297832994,0.23326579200503547,-187691.41999999998,12.0,301895.24,0,4673.983333333334,82.16914351851852,5,0.0,1.0,45941.58,64435.34,91755.67599999999,4,36551.8925,1.0,98585.76,1.6971451614988196,-3.0,5,7.0,1.4,0
134,5,10456.64,2091.328,4455.09,243.06,1683.1387607591953,5,10.0,120874.61,12087.461,42985.63,10.0,0.8048181637501125,11.55960327600453,110417.97,15.0,131331.25,0,12728.616666666667,57.87508101851852,5,0.0,1.0,2212.6,2800.3,4124.132,4,1500.3875,1.0,4455.09,1.9692929326590631,-3.0,5,10.0,2.0,0
135,4,241865.54,60466.385,115400.08,27527.82,38310.22855720432,4,14.0,170095.11,12149.650714285714,36111.17,14.0,0.63357894733089,0.7032631023005591,-71770.43000000002,18.0,411960.65,0,8355.7,87.93721064814815,4,0.0,1.0,49468.82,70006.77249999999,106321.41849999999,3,42155.15333333333,1.0,115400.08,1.7375082492879876,-2.0,4,14.0,3.5,1
136,7,21700.65,3100.092857142857,4409.86,2162.77,901.2274540261609,7,13.0,147434.13,11341.086923076924,56598.78,13.0,0.2907098256588225,6.79399603237691,125733.48000000001,20.0,169134.78,0,486.76666666666665,82.16278935185186,6,0.0,1.1666666666666667,2846.65,3764.5,4325.803,5,3203.634,2.0,2841.24,-0.11311966348215814,-3.0,7,13.0,1.8571428571428572,0
137,11,332074.81,30188.61909090909,87855.88,100.0,24340.474368684132,11,8.0,49761.09,6220.13625,17584.67,8.0,0.8062798200668261,0.14984903552304976,-282313.72,19.0,381835.9,0,121.28333333333333,43.16017361111111,10,0.0,1.1,24752.42,37680.005,68787.235,8,33597.7775,3.0,21097.53,-0.3720557855352188,-5.0,11,8.0,0.7272727272727273,1
138,8,17934.57,2241.82125,4389.16,100.0,1304.6093166203052,7,9.0,85718.98000000001,9524.331111111112,21352.32,9.0,0.5819417210985511,4.779539180476589,67784.41,17.0,103653.55000000002,0,2535.616666666667,70.10686342592592,8,0.0,1.0,2181.09,2763.5525,4024.109999999999,6,1894.9399999999998,2.0,3282.465,0.732226350174676,-4.0,7,9.0,1.2857142857142858,0
139,27,398967.44,14776.571851851852,90540.3,100.0,16094.410256023204,26,14.0,176657.52,12618.394285714285,50914.06,14.0,1.089184312666283,0.442786809871001,-222309.92,41.0,575624.96,7,4.0,89.18890046296296,18,0.25925925925925924,1.5,11364.11,15287.36,22118.67,19,15241.256842105264,8.0,13672.945,-0.10289911510267773,-11.0,26,14.0,0.5384615384615384,1
140,5,21111.37,4222.273999999999,6827.45,2189.31,2161.2442249500627,5,6.0,128568.73999999999,21428.123333333333,47652.49,6.0,0.511867355114818,6.090023527606214,107457.37,11.0,149680.11,0,5144.883333333333,59.583576388888886,5,0.0,1.0,3401.43,6225.33,6707.026,4,4660.88,1.0,2467.85,-0.4705184428691578,-3.0,5,6.0,1.2,0
141,9,19613.22,2179.246666666667,3828.9,100.0,1211.7632378171077,9,4.0,24445.010000000002,6111.2525000000005,17150.61,4.0,0.5560468469916703,1.2463537348788216,4831.790000000001,13.0,44058.23,0,849.25,69.98097222222222,8,0.0,1.125,2351.94,3025.14,3661.732,7,1882.4428571428573,2.0,3218.06,0.7095127152408344,-5.0,9,4.0,0.4444444444444444,0
142,6,16195.57,2699.2616666666668,3885.96,1820.23,691.4355155303107,6,7.0,48345.79,6906.541428571429,14906.12,7.0,0.25615727592062915,2.9851243272079957,32150.22,13.0,64541.36,0,7872.033333333334,74.58759259259259,6,0.0,1.0,2554.195,2885.0025,3655.3975,5,2755.6580000000004,1.0,2417.28,-0.12279390258152503,-4.0,6,7.0,1.1666666666666667,0
143,8,240143.68000000002,30017.960000000003,99496.21,100.0,31751.866070248085,8,6.0,88925.0,14820.833333333334,30757.04,6.0,1.0577622886514635,0.3702991475769839,-151218.68000000002,14.0,329068.68000000005,0,1690.7666666666667,87.45174768518518,8,0.0,1.0,20701.755,38260.82000000001,80240.37899999997,6,31617.675000000003,2.0,25218.815000000002,-0.20238236998767303,-4.0,8,6.0,0.75,1
144,6,274699.27,45783.21166666667,73840.09,25435.71,16388.65111229282,5,8.0,125779.12,15722.39,51234.13,8.0,0.357962023975371,0.4578793383761085,-148920.15000000002,14.0,400478.39,0,5948.416666666667,109.76621527777777,6,0.0,1.0,43826.479999999996,49828.545,67935.0925,5,40171.835999999996,1.0,73840.09,0.8381059307321678,-4.0,5,8.0,1.6,0
145,4,12699.619999999999,3174.9049999999997,4916.65,1361.2,1593.4104374893493,4,7.0,107992.01999999999,15427.431428571426,43252.52,7.0,0.5018765718940722,8.503563098738388,95292.4,11.0,120691.63999999998,0,15498.45,59.73098379629629,4,0.0,1.0,3210.885,4239.9175,4781.303499999999,3,3779.4733333333334,1.0,1361.2,-0.6398439994284919,-2.0,4,7.0,1.75,0
146,8,25664.19,3208.02375,5594.57,886.0,1287.5795010121842,8,14.0,164952.38,11782.312857142857,38210.35,14.0,0.40136220968195274,6.427336300113115,139288.19,22.0,190616.57,0,2563.95,57.65285879629629,8,0.0,1.0,3214.59,3400.2525,4910.078499999999,6,3134.3133333333335,2.0,3429.1549999999997,0.09406898267988509,-4.0,8,14.0,1.75,0
147,11,100085.04,9098.64,66166.78,559.19,18995.03710576265,11,13.0,222371.79,17105.522307692307,68923.73,12.0,2.0876787196507007,2.2218284570800995,122286.75000000001,24.0,322456.83,0,995.05,69.6004050925926,10,0.0,1.1,3833.09,4773.26,35814.84,8,3279.81625,3.0,24615.50333333333,6.505147074423249,-5.0,11,12.0,1.0909090909090908,0
148,10,26534.0,2653.4,4870.75,410.25,1342.749222536443,9,3.0,94992.87,31664.289999999997,42825.01,3.0,0.5060485499873533,3.580043340619582,68458.87,13.0,121526.87,0,4827.05,83.14965277777777,10,0.0,1.0,2537.89,3691.715,4519.749999999999,7,2379.9157142857143,3.0,3291.53,0.383044777696209,-4.0,9,3.0,0.3333333333333333,0
149,5,15963.9,3192.7799999999997,5041.08,1557.46,1423.2023913519818,5,5.0,26256.78,5251.356,11662.25,5.0,0.445756485367605,1.644759739161483,10292.88,10.0,42220.68,0,126.51666666666667,66.71053240740741,3,0.0,1.6666666666666667,3681.45,3715.62,4775.987999999999,4,3601.6099999999997,1.0,1557.46,-0.5675656164881816,-3.0,5,5.0,1.0,0
150,3,6909.09,2303.03,2734.58,1472.08,719.8033290420377,3,11.0,143414.24000000002,13037.658181818184,28337.5,10.0,0.31254622347170363,20.757326941753547,136505.15000000002,14.0,150323.33000000002,0,17998.433333333334,28.317557870370372,3,0.0,1.0,2702.43,2718.505,2731.365,3,2303.03,0.0,0.0,-1.0,-3.0,3,10.0,3.3333333333333335,0
151,34,507536.25,14927.536764705883,71447.23,1785.66,11301.190841601663,34,7.0,79573.68,11367.66857142857,38896.8,7.0,0.7570700390651043,0.1567842296978787,-427962.57,41.0,587109.9299999999,7,4.0,90.15604166666667,22,0.20588235294117646,1.5454545454545454,13368.835,15587.3375,24268.8115,24,15054.467499999999,10.0,14622.903,-0.02866687247489814,-14.0,34,7.0,0.20588235294117646,1
152,9,87472.97,9719.218888888889,16464.27,100.0,5420.273464015549,9,13.0,121990.39,9383.876153846153,52398.97,13.0,0.5576861192222001,1.3946066996467594,34517.42,22.0,209463.36,0,1231.4333333333334,78.29853009259259,9,0.0,1.0,11008.33,13942.47,15671.449999999999,7,8075.211428571428,2.0,15473.244999999999,0.9161411607444865,-5.0,9,13.0,1.4444444444444444,0
153,5,21088.97,4217.794,6368.35,859.94,2027.8748474893614,5,7.0,90552.45,12936.064285714285,32535.9,7.0,0.48079039599595463,4.293829902550954,69463.48,12.0,111641.42,0,12102.983333333334,86.23495370370371,5,0.0,1.0,4693.24,4749.82,6044.644,4,4098.9325,1.0,4693.24,0.14499079943375498,-3.0,5,7.0,1.4,0
154,5,342681.25,68536.25,113290.24,42107.11,29784.81809593858,5,8.0,107337.68,13417.21,42047.09,8.0,0.43458488166391623,0.3132289262981269,-235343.57,13.0,450018.93,0,2624.5,110.85042824074074,5,0.0,1.0,63103.61,81253.97,106882.986,4,57347.7525,1.0,113290.24,0.9754957267069883,-3.0,5,8.0,1.6,0
155,3,7772.4,2590.7999999999997,4991.66,100.0,2447.0699400711865,3,7.0,36588.009999999995,5226.858571428571,15038.21,7.0,0.9445229041497556,4.7074275642015335,28815.609999999993,10.0,44360.409999999996,0,8826.166666666666,29.956099537037037,3,0.0,1.0,2680.74,3836.2,4760.567999999999,3,2590.7999999999997,0.0,0.0,-1.0,-3.0,3,7.0,2.3333333333333335,0
156,11,389063.0,35369.36363636364,47105.52,25720.44,6886.961718841295,11,11.0,220679.37,20061.76090909091,50347.87,11.0,0.19471545458512948,0.5672072903360124,-168383.63,22.0,609742.37,0,639.5166666666667,71.84041666666667,11,0.0,1.0,33934.72,39267.884999999995,46156.44,8,35388.3275,3.0,35318.79333333333,-0.001964889882593966,-5.0,11,11.0,1.0,1
157,7,22658.78,3236.968571428571,4115.11,1455.56,873.2945410423025,7,11.0,130848.78,11895.343636363636,28504.99,11.0,0.2697877726557263,5.774749567275908,108190.0,18.0,153507.56,0,1388.9666666666667,81.405,7,0.0,1.0,3307.72,3758.33,4053.247,5,3166.3759999999997,2.0,3413.45,0.07803053080240631,-3.0,7,11.0,1.5714285714285714,0
158,10,360487.49,36048.748999999996,46815.7,20925.81,7902.184081544164,10,13.0,143136.24,11010.48,57794.31,13.0,0.21920827492638273,0.397062988232962,-217351.25,23.0,503623.73,0,280.25,79.91376157407407,9,0.0,1.1111111111111112,36557.115,40336.7675,46502.653,7,36134.68714285714,3.0,35848.22666666666,-0.007927575934391425,-4.0,10,13.0,1.3,1
159,8,319426.83,39928.35375,48241.44,31334.11,6126.328974026633,8,10.0,229296.81,22929.681,77255.68,10.0,0.15343304691159806,0.717838291792834,-90130.02000000002,18.0,548723.64,0,7703.216666666666,69.86078703703704,8,0.0,1.0,37568.5,46079.255000000005,47587.906,6,41177.948333333334,2.0,36179.57,-0.12138483182483312,-4.0,8,10.0,1.25,1
160,29,372098.39,12830.978965517243,23589.36,100.0,6005.066277937051,29,13.0,84742.88,6518.683076923077,34558.41,13.0,0.4680131028252352,0.22774320523128305,-287355.51,42.0,456841.27,7,4.0,89.64019675925925,19,0.2413793103448276,1.5263157894736843,13128.73,17281.84,21379.884,21,11392.284285714286,8.0,16607.5525,0.4577895076605107,-13.0,29,13.0,0.4482758620689655,1
161,2,8316.18,4158.09,5261.88,3054.3,1560.9947880117986,2,5.0,30234.73,6046.946,16660.48,5.0,0.3754114961464996,3.6356512244804704,21918.55,7.0,38550.91,0,40781.75,28.32065972222222,2,0.0,1.0,4158.09,4709.985000000001,5151.501,2,4158.09,0.0,0.0,-1.0,-2.0,2,5.0,2.5,0
162,6,147554.5,24592.416666666668,65223.18,6892.93,21722.57776774724,6,14.0,244021.9,17430.135714285712,67940.81,14.0,0.8833039087691898,1.6537747069726778,96467.4,20.0,391576.4,1,3.716666666666667,66.89979166666667,5,0.16666666666666666,1.2,19373.38,27662.6625,56210.725,5,23676.228,1.0,29173.36,0.2321793826280099,-4.0,6,14.0,2.3333333333333335,0
163,8,24728.699999999997,3091.0874999999996,5105.41,100.0,1509.339215624317,8,7.0,119987.3,17141.042857142857,61864.5,7.0,0.48828744434582233,4.852147504721236,95258.6,15.0,144716.0,0,4778.0,72.11445601851852,8,0.0,1.0,3358.6499999999996,3782.6225,4783.494,6,3001.8999999999996,2.0,3358.6499999999996,0.11884140044638397,-4.0,8,7.0,0.875,0
164,2,10777.759999999998,5388.879999999999,5955.73,4822.03,801.6469578311892,2,15.0,256922.92,17128.194666666666,54748.46,15.0,0.14875947466471498,23.838248392987044,246145.16,17.0,267700.68,0,53907.25,37.43559027777778,2,0.0,1.0,5388.879999999999,5672.304999999999,5899.044999999999,2,5388.879999999999,0.0,0.0,-1.0,-2.0,2,15.0,7.5,0
165,4,239385.41,59846.3525,117111.21,24808.64,40048.45817617817,4,14.0,165777.47,11841.247857142856,36017.7,14.0,0.6691879538720119,0.6925128394416351,-73607.94,18.0,405162.88,0,12968.05,127.08247685185185,4,0.0,1.0,48732.78,69856.11,107660.18999999999,3,40758.06666666667,1.0,117111.21,1.8733259346616047,-2.0,4,14.0,3.5,1
166,4,11732.779999999999,2933.1949999999997,4737.07,955.27,1601.320610589897,4,2.0,34033.18,17016.59,17093.27,2.0,0.5459304991962338,2.900691907629735,22300.4,6.0,45765.96,0,7676.583333333333,46.654201388888886,4,0.0,1.0,3020.2200000000003,3828.6775,4555.3915,3,2331.903333333333,1.0,4737.07,1.03141782606769,-2.0,4,2.0,0.5,0
167,41,507282.4,12372.741463414635,22550.49,100.0,6324.64073886911,40,7.0,125369.14,17909.87714285714,68574.47,7.0,0.5111753735072091,0.24713875348326692,-381913.26,48.0,632651.54,7,4.0,89.23799768518519,30,0.17073170731707318,1.3666666666666667,13854.36,17655.31,20775.1,29,12534.681724137932,12.0,11981.385833333334,-0.04414119983111507,-17.0,40,7.0,0.175,1
168,33,422751.64,12810.655757575758,23301.8,2388.06,5806.593242936769,33,9.0,111692.48999999999,12410.276666666665,59147.76,9.0,0.4532627644375628,0.26420356405950307,-311059.15,42.0,534444.13,7,4.0,89.63799768518518,23,0.21212121212121213,1.434782608695652,13936.06,16647.48,21884.845999999998,24,12170.380833333335,9.0,14518.055555555555,0.19290067865355515,-15.0,33,9.0,0.2727272727272727,1
169,9,85170.60999999999,9463.40111111111,68135.48,949.66,22014.976736111057,9,10.0,158044.87,15804.487,70242.76,10.0,2.3263281855677627,1.8556268412307957,72874.26000000001,19.0,243215.47999999998,0,3113.866666666667,127.81815972222222,9,0.0,1.0,2217.68,2928.72,42186.375999999975,7,2015.2014285714286,2.0,35532.1,16.63203394768761,-5.0,9,10.0,1.1111111111111112,0
170,6,161639.02,26939.836666666666,42354.37,10212.16,12289.279421005394,6,13.0,234149.24,18011.48,50899.05,13.0,0.45617497882647623,1.4485935388620892,72510.22,19.0,395788.26,0,12539.233333333334,73.48694444444445,6,0.0,1.0,28302.175000000003,35150.845,40693.9875,5,27699.906,1.0,23139.49,-0.16463651537301238,-4.0,6,13.0,2.1666666666666665,0
171,6,21828.65,3638.1083333333336,5518.87,1684.09,1387.40016290062,6,5.0,115936.01,23187.201999999997,79591.17,5.0,0.3813520752498995,5.311185529109679,94107.35999999999,11.0,137764.66,0,3385.733333333333,77.22383101851852,6,0.0,1.0,3492.2650000000003,4546.045,5351.665,5,3638.9240000000004,1.0,3634.03,-0.0013449030537599116,-4.0,6,5.0,0.8333333333333334,0
172,14,124802.67,8914.476428571428,88659.45,204.87,23020.49863905866,14,16.0,262683.26,16417.70375,91401.49,16.0,2.5823724840728266,2.1047887837656036,137880.59000000003,30.0,387485.93,0,566.7166666666667,124.33099537037037,14,0.0,1.0,2611.0699999999997,4036.1549999999997,35091.81899999997,10,2237.46,4.0,25607.017499999998,10.44468169263361,-6.0,14,16.0,1.1428571428571428,1
173,6,17894.0,2982.3333333333335,5124.41,100.0,2041.5940721276274,6,10.0,112706.89,11270.689,35665.68,10.0,0.6845626708821819,6.298585559405387,94812.89,16.0,130600.89,0,5153.85,65.12931712962963,6,0.0,1.0,3458.9500000000003,4544.515,5007.1825,5,3359.5620000000004,1.0,1096.19,-0.6737104420159533,-4.0,6,10.0,1.6666666666666667,0
174,10,194708.56,19470.856,36444.64,100.0,12679.405131694819,10,13.0,192161.22,14781.632307692307,89695.74,13.0,0.6511991630822404,0.9869171648128875,-2547.3399999999965,23.0,386869.78,0,631.65,74.86017361111111,8,0.0,1.25,21808.865,30056.170000000002,34182.543999999994,7,20439.59142857143,3.0,17210.47333333333,-0.15798349524366154,-4.0,10,13.0,1.3,1
175,6,14815.85,2469.3083333333334,4112.38,600.1,1148.4805335122867,6,10.0,114289.04000000001,11428.904,21769.21,10.0,0.4651021170620464,7.71397118626336,99473.19,16.0,129104.89000000001,0,537.8,61.94869212962963,5,0.0,1.2,2472.9049999999997,2887.95,3836.945,5,2533.786,1.0,2146.92,-0.15268298111995252,-4.0,6,10.0,1.6666666666666667,0
176,7,22197.43,3171.0614285714287,5277.4,1006.22,1292.452512208586,7,8.0,91175.79,11396.97375,44110.32,8.0,0.4075772549101451,4.1074930746487315,68978.35999999999,15.0,113373.22,0,378.6166666666667,74.80009259259259,6,0.0,1.1666666666666667,3196.79,3602.835,4837.128999999999,5,3038.162,2.0,3503.31,0.1531017766662871,-3.0,7,8.0,1.1428571428571428,0
177,5,12183.76,2436.752,4591.37,1531.55,1260.8180377715096,5,7.0,59535.96,8505.137142857142,21812.12,7.0,0.5174174629882358,4.88650137560162,47352.2,12.0,71719.72,0,3893.0666666666666,75.30990740740741,5,0.0,1.0,1861.22,2511.26,4175.348,4,2580.635,1.0,1861.22,-0.2787744101742401,-3.0,5,7.0,1.4,0
178,16,393190.2,24574.3875,57863.29,100.0,19551.905387300234,16,10.0,175785.51,17578.551,86761.97,10.0,0.7956212697997146,0.44707500339530337,-217404.69,26.0,568975.71,0,843.65,71.27766203703703,15,0.0,1.0666666666666667,21000.42,38385.3,55119.76,12,29375.266666666666,4.0,10171.75,-0.6537308030111499,-8.0,16,10.0,0.625,1
179,9,161903.56,17989.284444444445,39615.74,1271.34,10522.840742341288,9,6.0,65426.979999999996,10904.496666666666,31671.76,6.0,0.5849504895449587,0.4041108175755987,-96476.58,15.0,227330.53999999998,0,3376.35,82.72548611111111,9,0.0,1.0,16599.06,21232.45,33921.471999999994,7,17655.235714285714,2.0,19158.455,0.0851429745850382,-5.0,9,6.0,0.6666666666666666,1
180,4,150436.83000000002,37609.207500000004,53496.92,22029.47,15403.53604027416,4,8.0,222162.61,27770.32625,58248.05,8.0,0.40956821651384595,1.476783378112926,71725.77999999997,12.0,372599.44,0,5371.016666666666,39.102106481481485,4,0.0,1.0,37455.22,49270.902500000004,52651.716499999995,3,34191.53333333333,1.0,47862.23,0.39982695521113426,-2.0,4,8.0,2.0,1
181,11,210843.44,19167.585454545453,28250.32,6920.14,6240.151121021612,11,8.0,57429.81,7178.72625,18305.48,8.0,0.3255574957951632,0.27238129865458466,-153413.63,19.0,268273.25,0,344.48333333333335,86.78988425925925,10,0.0,1.1,19519.95,22945.145,26943.2,8,20845.6425,3.0,14692.766666666668,-0.29516364551168583,-5.0,11,8.0,0.7272727272727273,0
182,9,216076.08,24008.45333333333,41190.4,13623.12,7729.743022060954,9,15.0,186562.30000000002,12437.486666666668,42290.45,15.0,0.3219592247256087,0.8634102395785782,-29513.77999999997,24.0,402638.38,0,3065.2833333333333,87.87255787037037,9,0.0,1.0,23225.81,26338.85,35881.53199999999,7,24866.442857142858,2.0,21005.489999999998,-0.15526759815724128,-5.0,9,15.0,1.6666666666666667,1
183,6,19172.92,3195.486666666666,6503.99,338.02,2523.8380918804332,6,12.0,76851.18,6404.264999999999,25909.5,12.0,0.7898133696527498,4.008319024958118,57678.259999999995,18.0,96024.09999999999,0,2001.7666666666667,83.99383101851852,6,0.0,1.0,3476.3050000000003,4827.8125,6132.0199999999995,5,2831.362,1.0,5016.11,0.7716243984343929,-4.0,6,12.0,2.0,0
184,1,7238.74,7238.74,7238.74,7238.74,0.0,1,11.0,114061.63,10369.239090909092,26803.09,11.0,0.0,15.75711104418725,106822.89,12.0,121300.37000000001,0,0.0,0.0,1,0.0,1.0,7238.74,7238.74,7238.74,1,7238.74,0.0,0.0,-1.0,-1.0,1,11.0,11.0,0
185,39,434588.04,11143.283076923077,21997.1,700.03,5931.476123434136,39,8.0,99266.03,12408.25375,30552.64,8.0,0.5322916130272046,0.22841408613085626,-335322.01,47.0,533854.07,7,4.0,89.12991898148148,27,0.1794871794871795,1.4444444444444444,10697.41,15778.785,21046.784,28,10144.25607142857,11.0,13686.260909090908,0.34916358703113193,-17.0,39,8.0,0.20512820512820512,1
186,14,546152.55,39010.89642857143,68209.1,23718.67,11741.43118226329,13,8.0,173804.45,21725.55625,53440.81,8.0,0.3009782460077977,0.3182342552460846,-372348.10000000003,22.0,719957.0,0,531.3166666666667,86.08168981481481,13,0.0,1.0769230769230769,36227.215,42509.7525,57815.352999999996,10,38152.066999999995,4.0,41157.97,0.07878742192395516,-6.0,13,8.0,0.6153846153846154,1
187,7,92323.27,13189.038571428571,71282.2,2586.94,25632.009948807776,7,15.0,326622.32,21774.821333333333,74252.29,15.0,1.9434327839736876,3.537811431505838,234299.05,22.0,418945.59,0,4664.066666666667,78.84123842592592,7,0.0,1.0,3954.6,4541.45,51364.44099999995,5,3680.4259999999995,2.0,36960.57,9.042470627041546,-3.0,7,15.0,2.142857142857143,0
188,3,8662.0,2887.3333333333335,3454.3,2207.2,631.2048980587315,3,12.0,149744.43,12478.7025,32200.12,12.0,0.21861171717573244,17.2875121219118,141082.43,15.0,158406.43,0,9741.833333333334,27.409270833333334,3,0.0,1.0,3000.5,3227.4,3408.92,3,2887.3333333333335,0.0,0.0,-1.0,-3.0,3,12.0,4.0,0
189,9,329819.25,36646.583333333336,48496.93,25233.64,8970.28574892963,9,5.0,108483.2,21696.64,52857.85,5.0,0.24477822850050948,0.32891712657766337,-221336.05,14.0,438302.45,0,1272.3666666666666,69.00803240740741,9,0.0,1.0,35787.2,45389.69,47413.95,7,37343.91714285714,2.0,34205.915,-0.08402980680502486,-5.0,9,5.0,0.5555555555555556,1
190,6,11898.11,1983.0183333333334,2983.8,1128.69,651.139362791612,6,13.0,114241.25,8787.788461538461,32074.05,13.0,0.32835771200213076,9.601630006782589,102343.14,19.0,126139.36,0,3252.0,58.09682870370371,6,0.0,1.0,1833.37,2315.955,2854.21,5,2006.122,1.0,1867.5,-0.06909948647190951,-4.0,6,13.0,2.1666666666666665,0
191,5,58410.520000000004,11682.104000000001,27432.07,100.0,11666.710191486289,5,8.0,168867.33,21108.41625,43415.02,8.0,0.9986822743134531,2.8910430860742204,110456.80999999998,13.0,227277.84999999998,0,5214.683333333333,70.00511574074073,5,0.0,1.0,14836.36,15942.09,25134.073999999997,4,10893.54,1.0,14836.36,0.36194111372428056,-3.0,5,8.0,1.6,0
192,8,18226.83,2278.35375,4024.42,1383.0,981.2493653928794,8,11.0,74441.48999999999,6767.408181818181,29401.65,11.0,0.4306834991681513,4.0841709721328385,56214.65999999999,19.0,92668.31999999999,0,6710.866666666667,78.06142361111111,8,0.0,1.0,1862.385,2967.38,3750.7515,6,2266.8866666666668,2.0,2312.755,0.020234065517170392,-4.0,8,11.0,1.375,0
193,3,10988.039999999999,3662.68,4151.03,3161.64,494.81705720397304,3,14.0,156583.67,11184.547857142858,26546.77,14.0,0.13509699378705567,14.250373132970031,145595.63,17.0,167571.71000000002,0,37245.2,54.10545138888889,3,0.0,1.0,3675.37,3913.2,4103.464,3,3662.68,0.0,0.0,-1.0,-3.0,3,14.0,4.666666666666667,0
194,33,399117.24,12094.461818181819,23841.97,100.0,5900.398070662508,32,10.0,100322.66,10032.266,21818.47,10.0,0.48785949795569533,0.25136137942826026,-298794.57999999996,43.0,499439.9,7,4.0,82.21888888888888,24,0.21212121212121213,1.375,10944.05,15179.34,21932.654,24,10298.876666666667,9.0,16882.68888888889,0.6392747903789723,-15.0,32,10.0,0.3125,1
195,5,19034.54,3806.9080000000004,5058.66,2377.78,1252.5197581156153,5,9.0,137940.76,15326.751111111113,52933.84,9.0,0.3290123528374248,7.246865960511785,118906.22,14.0,156975.30000000002,0,1698.55,76.40604166666667,5,0.0,1.0,4495.19,4566.76,4960.28,4,3634.8375,1.0,4495.19,0.23669627596832032,-3.0,5,9.0,1.8,0
196,10,115908.38,11590.838,92759.34,895.52,28541.07757225551,10,6.0,174195.68,29032.61333333333,95628.19,6.0,2.462382579435198,1.502873907822713,58287.29999999999,16.0,290104.06,0,4616.566666666667,114.61690972222222,10,0.0,1.0,2811.115,3144.0924999999997,53212.90799999991,7,2437.575714285714,3.0,32948.45,12.516892955119928,-4.0,10,6.0,0.6,1
197,3,103903.76,34634.58666666666,65415.95,15917.24,26864.213119245338,3,16.0,248553.52,15534.595,40352.94,16.0,0.7756469963910452,2.3921513523668443,144649.76,19.0,352457.27999999997,0,1455.3666666666666,14.55079861111111,3,0.0,1.0,22570.57,43993.259999999995,61131.412,3,34634.58666666666,0.0,0.0,-1.0,-3.0,3,16.0,5.333333333333333,0
198,11,188293.82,17117.62,28477.47,4819.91,7088.449497657439,11,14.0,288317.93,20594.137857142858,53354.22,14.0,0.41410251528293296,1.5312129203178309,100024.10999999999,25.0,476611.75,0,24.366666666666667,83.10762731481482,10,0.0,1.1,19069.73,21901.739999999998,25770.82,8,17168.98625,3.0,16980.643333333333,-0.010969949764312282,-5.0,11,14.0,1.2727272727272727,0
199,8,23440.15,2930.01875,4553.55,411.98,1519.02574107257,8,8.0,40507.5,5063.4375,15139.2,8.0,0.5184355018453619,1.7281246067111344,17067.35,16.0,63947.65,0,598.3833333333333,86.47298611111111,7,0.0,1.1428571428571428,3168.49,4220.105,4511.914,6,2775.51,2.0,3393.545,0.22267439137311695,-4.0,8,8.0,1.0,0
200,5,16230.77,3246.154,4687.9,2188.24,929.4117664845866,5,8.0,155089.06,19386.1325,56479.15,8.0,0.28631166804920116,9.55524968932466,138858.29,13.0,171319.83,0,182.83333333333334,11.723113425925925,4,0.0,1.25,3067.52,3463.28,4442.976,4,3351.7349999999997,1.0,2823.83,-0.15750201015295057,-3.0,5,8.0,1.6,0
201,40,536571.05,13414.27625,30757.04,1591.47,6141.306956297673,40,11.0,168642.8,15331.163636363635,41286.81,11.0,0.45781873295606784,0.3142972398529514,-367928.25000000006,51.0,705213.8500000001,7,4.0,85.84239583333333,28,0.175,1.4285714285714286,13121.509999999998,18123.2975,21625.50349999999,28,12084.610714285713,12.0,16516.829166666666,0.3667655133600164,-16.0,40,11.0,0.275,1
202,8,250779.07,31347.38375,44872.43,13740.79,11055.128778616658,8,14.0,232685.3,16620.37857142857,65485.89,14.0,0.3526651176628626,0.92784976034882,-18093.77000000002,22.0,483464.37,0,660.8833333333333,74.528125,8,0.0,1.0,31973.89,40557.24,43984.8685,6,30900.36333333333,2.0,32688.445,0.05786604019434946,-4.0,8,14.0,1.75,1
203,15,122133.08,8142.205333333333,86804.66,1126.77,21779.217155793227,15,10.0,175205.74,17520.574,90421.52,10.0,2.674854816867784,1.4345477900008743,53072.65999999999,25.0,297338.82,0,341.1166666666667,85.51605324074075,14,0.0,1.0714285714285714,2661.75,3348.275,28823.106999999913,11,2518.4145454545455,4.0,23607.63,8.374004785117332,-7.0,15,10.0,0.6666666666666666,1
204,10,31348.18,3134.818,5760.77,425.29,1615.2649401314256,10,12.0,103137.47,8594.789166666667,26120.11,12.0,0.5152659389257768,3.2900624533864486,71789.29000000001,22.0,134485.65,0,485.71666666666664,81.72827546296297,9,0.0,1.1111111111111112,3136.275,3685.6575,5484.438499999999,7,2994.4285714285716,3.0,3462.3933333333334,0.1562784854412162,-4.0,10,12.0,1.2,0
205,7,92737.49,13248.212857142858,73377.92,100.0,26589.20984637986,7,10.0,153012.84,15301.284,76435.33,10.0,2.007003520632907,1.6499566680098845,60275.34999999999,17.0,245750.33000000002,0,1798.8833333333334,50.842199074074074,7,0.0,1.0,3634.47,5612.1900000000005,53163.178999999946,5,17078.178,2.0,3673.3,-0.7849126528602759,-3.0,7,10.0,1.4285714285714286,0
206,9,139272.71,15474.745555555555,106594.79,2193.03,34188.974626722906,9,12.0,174469.75,14539.145833333334,109891.53,12.0,2.2093400181593807,1.252720292439201,35197.04000000001,21.0,313742.45999999996,0,2104.883333333333,122.09769675925926,9,0.0,1.0,4071.55,5371.57,66387.05799999996,7,4164.358571428571,2.0,55061.1,12.221988225934984,-5.0,9,12.0,1.3333333333333333,1
207,5,15212.02,3042.404,4643.12,1186.34,1433.537752094447,5,4.0,70143.07,17535.7675,34045.16,4.0,0.4711858622636727,4.611029304457922,54931.05,9.0,85355.09000000001,0,2468.5333333333333,57.66350694444444,5,0.0,1.0,2610.9,4332.08,4580.912,4,2642.225,1.0,4643.12,0.7572765377664658,-3.0,5,4.0,0.8,0
208,11,368974.48,33543.134545454544,54516.03,11664.91,12189.65327617842,11,11.0,269642.51,24512.955454545456,86071.68,11.0,0.36340233080066303,0.7307890507766283,-99331.96999999997,22.0,638616.99,0,1473.6166666666666,85.96856481481481,11,0.0,1.0,35454.46,39999.925,50739.244999999995,8,34270.97375,3.0,31602.23,-0.07787183899319458,-5.0,11,11.0,1.0,1
209,8,27793.61,3474.20125,5757.22,1713.57,1347.6529166818405,8,5.0,127730.45000000001,25546.090000000004,86918.69,5.0,0.3879029508385101,4.595676848023701,99936.84000000001,13.0,155524.06,0,713.2333333333333,56.187349537037036,7,0.0,1.1428571428571428,3886.195,4007.8775,5145.6089999999995,6,3531.331666666667,2.0,3302.8100000000004,-0.06471260369671683,-4.0,8,5.0,0.625,0
210,4,15848.53,3962.1325,5148.81,1691.35,1627.881716718079,4,10.0,130835.79,13083.579,47013.2,10.0,0.41085998934111334,8.255389616576426,114987.26,14.0,146684.32,0,10533.4,41.38175925925926,4,0.0,1.0,4504.1849999999995,5139.0,5146.848,3,3566.5733333333333,1.0,5148.81,0.4436293660021011,-2.0,4,10.0,2.5,0
211,14,573918.61,40994.186428571425,77368.04,18167.64,16128.734810304632,14,4.0,92848.58,23212.145,80591.71,4.0,0.39343956339778713,0.16178004752276634,-481070.02999999997,18.0,666767.19,0,250.28333333333333,81.66762731481481,13,0.0,1.0769230769230769,37480.585,51626.292499999996,66233.2995,10,39746.162,4.0,44114.2475,0.10989955457837669,-6.0,14,4.0,0.2857142857142857,1
212,6,283058.68,47176.44666666666,57797.06,36504.8,8806.984662390789,6,3.0,56768.45,18922.816666666666,54820.71,3.0,0.18668181443630252,0.20055364491913832,-226290.22999999998,9.0,339827.13,0,759.5666666666667,56.471550925925925,5,0.0,1.2,47151.985,54293.1,57318.845,5,45052.324,1.0,57797.06,0.28288742662864624,-4.0,6,3.0,0.5,0
213,7,24361.809999999998,3480.258571428571,4747.82,931.79,1324.5138424019153,7,10.0,187761.53999999998,18776.154,46168.92,10.0,0.3805791481344534,7.707208126161397,163399.72999999998,17.0,212123.34999999998,0,304.0833333333333,61.86238425925926,7,0.0,1.0,3490.28,4504.725,4706.830999999999,5,3306.006,2.0,3915.89,0.18447758413021637,-3.0,7,10.0,1.4285714285714286,0
214,32,353010.11,11031.5659375,24028.82,100.0,6267.455005219994,31,6.0,78343.11,13057.185,25966.83,6.0,0.5681382897703406,0.2219287997162461,-274667.0,38.0,431353.22,7,4.0,89.52107638888889,22,0.21875,1.4545454545454546,10709.955,14951.622500000001,19506.559999999998,23,9636.295652173912,9.0,14597.256666666666,0.5148203410896364,-14.0,31,6.0,0.1935483870967742,1
215,11,402126.32999999996,36556.93909090909,56233.07,16130.3,12279.687037549822,11,18.0,366888.04000000004,20382.66888888889,105835.13,18.0,0.335905777204512,0.9123701002120406,-35238.28999999992,29.0,769014.37,0,1972.7166666666667,61.45943287037037,11,0.0,1.0,40578.46,45131.755,51302.07,8,34887.1925,3.0,41009.596666666665,0.17549145482734582,-5.0,11,18.0,1.6363636363636365,1
216,5,137289.86,27457.971999999998,38847.38,20390.28,7963.374620641051,5,13.0,211147.08000000002,16242.083076923078,34699.39,12.0,0.29002049461777624,1.5379655860964534,73857.22000000003,18.0,348436.94,0,8897.2,81.1225,5,0.0,1.0,24445.62,32462.75,37570.454,4,26206.7775,1.0,32462.75,0.23871582456103196,-3.0,5,12.0,2.4,0
217,12,100756.57999999999,8396.381666666666,70856.94,100.0,19740.73356120092,12,12.0,232772.04,19397.670000000002,73809.31,12.0,2.351100074401206,2.3102415742971827,132015.46000000002,24.0,333528.62,0,2711.6666666666665,72.37706018518519,12,0.0,1.0,3178.1949999999997,4472.6050000000005,34771.26399999996,9,10258.433333333332,3.0,2810.226666666667,-0.726056935269518,-6.0,12,12.0,1.0,0
218,10,26953.67,2695.3669999999997,4873.84,1116.08,1318.4020878915003,10,9.0,162463.12,18051.457777777778,41359.6,9.0,0.4891363914047699,6.027495328094467,135509.45,19.0,189416.78999999998,0,568.8166666666667,85.54746527777777,8,0.0,1.25,2585.9049999999997,3749.8775,4421.769999999999,7,2805.401428571429,3.0,2438.6200000000003,-0.13074115698237224,-4.0,10,9.0,0.9,0
219,12,361523.52,30126.960000000003,48996.09,10704.32,10112.382939070296,12,12.0,206401.73,17200.14416666667,43955.53,12.0,0.335658922741302,0.570921996997595,-155121.79,24.0,567925.25,0,1781.4,80.52515046296297,12,0.0,1.0,29240.87,33923.29,45792.14199999999,9,32525.346666666665,3.0,22931.8,-0.29495601584159387,-6.0,12,12.0,1.0,0
220,6,18659.010000000002,3109.8350000000005,4279.76,2323.57,695.8455280807659,6,5.0,75863.42,15172.684,28964.12,5.0,0.22375641411224897,4.065779481333682,57204.409999999996,11.0,94522.43,0,51.916666666666664,57.79579861111111,5,0.0,1.2,3110.08,3299.7799999999997,4036.1675,5,2875.85,1.0,4279.76,0.4881721925691536,-4.0,6,5.0,0.8333333333333334,0
221,5,15930.66,3186.132,4117.92,1089.71,1251.541256759041,5,15.0,253120.11000000002,16874.674000000003,56899.8,15.0,0.3928089786484179,15.888865244754456,237189.45,20.0,269050.77,0,411.75,15.712233796296296,4,0.0,1.25,3787.46,3958.68,4086.072,4,2992.995,1.0,3958.68,0.3226483839765853,-3.0,5,15.0,3.0,0
222,10,27891.87,2789.187,4599.65,239.38,1304.6870128889577,10,8.0,160869.25,20108.65625,61758.39,8.0,0.4677660597475027,5.767603606355544,132977.38,18.0,188761.12,0,272.23333333333335,72.00952546296297,9,0.0,1.1111111111111112,3182.81,3431.0699999999997,4231.234999999999,7,2926.587142857143,3.0,2468.5866666666666,-0.15649644238624782,-4.0,10,8.0,0.8,0
223,9,311947.54,34660.83777777778,44775.54,19746.26,8660.310637787163,9,10.0,87892.46,8789.246000000001,22117.04,10.0,0.24985866450520644,0.28175397696676824,-224055.07999999996,19.0,399840.0,0,1431.9333333333334,61.47269675925926,9,0.0,1.0,36179.2,42742.55,44075.616,7,34910.45285714285,2.0,33787.185,-0.03217568851768787,-5.0,9,10.0,1.1111111111111112,1
224,6,125300.42,20883.403333333332,66866.41,100.0,23319.75164474928,6,19.0,445942.53,23470.659473684213,56296.22,19.0,1.1166643325576697,3.558986713691782,320642.11000000004,25.0,571242.9500000001,0,5574.233333333334,44.413020833333334,6,0.0,1.0,13776.23,16857.4225,54577.302500000005,5,22200.134,1.0,14299.75,-0.3558710051029421,-4.0,6,19.0,3.1666666666666665,0
225,6,17389.78,2898.2966666666666,4645.94,684.38,1442.8741619235775,6,14.0,303397.62,21671.25857142857,46584.11,14.0,0.4978352211207655,17.44689237011624,286007.83999999997,20.0,320787.4,0,4057.4666666666667,85.83020833333333,6,0.0,1.0,2927.74,3888.7825000000003,4531.605,5,2548.768,1.0,4645.94,0.8228179261509873,-4.0,6,14.0,2.3333333333333335,0
226,10,175574.2,17557.420000000002,28197.13,12778.58,4736.955492958179,10,9.0,227154.85,25239.42777777778,101825.9,9.0,0.26979792549008785,1.2937826286550074,51580.649999999994,19.0,402729.05000000005,0,2719.7,63.029444444444444,10,0.0,1.0,16178.945,19207.5,25462.218999999994,7,16990.237142857142,3.0,18880.846666666668,0.1112762292787865,-4.0,10,9.0,0.9,0
227,5,15130.34,3026.068,5177.38,834.28,1592.4921155126642,5,5.0,26822.809999999998,5364.562,11470.23,5.0,0.526257875075069,1.7727830306523182,11692.469999999998,10.0,41953.149999999994,0,3656.0833333333335,25.740358796296295,5,0.0,1.0,2836.39,3711.05,4884.114,4,3574.015,1.0,834.28,-0.7665706495356063,-3.0,5,5.0,1.0,0
228,9,567343.0800000001,63038.12000000001,81583.82,44352.65,12458.163933940066,9,13.0,172706.32,13285.101538461538,60055.38,12.0,0.1976290526103898,0.30441249058682446,-394636.76000000007,22.0,740049.4000000001,0,3038.4,79.15650462962962,9,0.0,1.0,66555.3,69214.82,78198.072,7,60039.05285714286,2.0,73534.85500000001,0.2247837282671516,-5.0,9,12.0,1.3333333333333333,1
229,3,145302.22,48434.073333333334,51454.94,44942.81,3281.4499923407866,3,2.0,13258.62,6629.31,9696.03,2.0,0.06775085733048235,0.09124857142581855,-132043.6,5.0,158560.84,0,8599.95,39.57370370370371,3,0.0,1.0,48904.47,50179.705,51199.893000000004,3,48434.073333333334,0.0,0.0,-1.0,-3.0,3,2.0,0.6666666666666666,0
230,9,28513.95,3168.2166666666667,5823.97,1543.59,1241.735678304767,9,18.0,175448.65,9747.147222222222,39047.95,18.0,0.39193521433343687,6.153081211126484,146934.69999999998,27.0,203962.6,0,6355.033333333334,80.29767361111111,9,0.0,1.0,3244.44,3504.45,5014.465999999999,7,3109.2942857142853,2.0,3374.4449999999997,0.08527681522587126,-5.0,9,18.0,2.0,0
231,3,6064.09,2021.3633333333335,4641.68,320.21,2302.6987786580626,3,13.0,147749.91,11365.377692307693,51269.3,13.0,1.139181037216497,24.36472908548521,141685.82,16.0,153814.0,0,4583.883333333333,37.218900462962964,3,0.0,1.0,1102.2,2871.94,4287.732,3,2021.3633333333335,0.0,0.0,-1.0,-3.0,3,13.0,4.333333333333333,0
232,4,11944.79,2986.1975,4184.47,1863.33,955.6458629072104,4,12.0,132184.00999999998,11015.334166666666,38847.38,12.0,0.32002098418045366,11.06624812993782,120239.21999999997,16.0,144128.8,0,8383.216666666667,41.78533564814815,4,0.0,1.0,2948.495,3363.88,4020.352,3,2586.773333333333,1.0,4184.47,0.6176407673910357,-2.0,4,12.0,3.0,0
233,9,301368.51,33485.39,105659.46,100.0,42260.40284840763,9,9.0,248315.78,27590.64222222222,108927.28,9.0,1.2620549692987788,0.8239606055722278,-53052.73000000001,18.0,549684.29,1,0.0,128.89733796296295,8,0.1111111111111111,1.125,18693.84,31588.86,105385.74,7,12961.984285714285,2.0,105317.31,7.125091627836083,-5.0,9,9.0,1.0,1
234,3,132267.26,44089.08666666667,54144.75,30857.42,11964.120632634616,3,9.0,181154.22,20128.246666666666,55677.08,9.0,0.2713624059189239,1.3696074145635133,48886.95999999999,12.0,313421.48,0,8552.816666666668,29.31068287037037,3,0.0,1.0,47265.09,50704.92,53456.784,3,44089.08666666667,0.0,0.0,-1.0,-3.0,3,9.0,3.0,0
235,11,239719.55,21792.686363636363,39113.52,2458.81,12591.896176004846,11,8.0,162369.18,20296.1475,50207.77,8.0,0.5778037625051996,0.6773297380209499,-77350.37,19.0,402088.73,1,1.7166666666666666,84.5311574074074,10,0.09090909090909091,1.1,18014.41,33286.115,38560.185,8,21592.61125,3.0,22326.22,0.03397498994013516,-5.0,11,8.0,0.7272727272727273,0
236,38,417091.5,10976.092105263158,24289.38,100.0,4889.32284405031,36,5.0,49040.7,9808.14,14887.49,5.0,0.44545206045654673,0.11757779767748802,-368050.8,43.0,466132.2,7,4.0,89.70599537037037,29,0.18421052631578946,1.3103448275862069,10442.880000000001,14348.82,18170.272999999997,27,9613.977407407408,11.0,14319.464545454546,0.4894422920550696,-16.0,36,5.0,0.1388888888888889,1
237,5,17827.93,3565.5860000000002,4970.83,1713.87,1379.6182988348623,5,4.0,42596.36,10649.09,25827.5,4.0,0.3869261038255317,2.3893048716255896,24768.43,9.0,60424.29,0,7077.733333333334,47.96396990740741,5,0.0,1.0,3148.51,4909.23,4958.51,4,3229.675,1.0,4909.23,0.520038393956048,-3.0,5,4.0,0.8,0
238,31,417345.38,13462.754193548388,24453.93,972.15,6140.110197552796,31,10.0,125770.72,12577.072,24170.95,10.0,0.45608128242401214,0.3013588409676417,-291574.66000000003,41.0,543116.1,7,4.0,84.80554398148148,23,0.22580645161290322,1.3478260869565217,13842.3,17097.1,23909.375,22,11591.355454545455,9.0,18037.284444444445,0.5560979486114604,-13.0,31,10.0,0.3225806451612903,1
239,5,14685.55,2937.1099999999997,4859.58,1304.15,1266.2813762154128,5,9.0,131918.2,14657.577777777778,45507.87,9.0,0.4311317506717191,8.982857298500909,117232.65000000001,14.0,146603.75,0,280.43333333333334,30.84715277777778,4,0.0,1.25,2853.26,2942.09,4476.081999999999,4,2989.77,1.0,2726.47,-0.08806697505159265,-3.0,5,9.0,1.8,0
240,6,20947.16,3491.193333333333,5284.64,1698.61,1221.838171275831,6,10.0,277444.78,27744.478000000003,64346.65,10.0,0.34997722973687057,13.244983090786533,256497.62000000002,16.0,298391.94,0,4053.75,75.71295138888888,6,0.0,1.0,3603.375,3988.17,4970.55,5,3521.65,1.0,3338.91,-0.05189044907926689,-4.0,6,10.0,1.6666666666666667,0
241,32,400047.46,12501.483125,28106.26,2032.37,5680.347630172189,31,10.0,201507.11000000002,20150.711000000003,89453.07,9.0,0.45437389895066466,0.5037080100446082,-198540.35,42.0,601554.5700000001,7,4.0,89.87400462962962,24,0.21875,1.3333333333333333,12377.314999999999,16288.305,20331.496999999996,23,12562.011304347827,9.0,12346.8,-0.017131914558406815,-14.0,31,9.0,0.2903225806451613,1
242,36,458899.97,12747.221388888887,24710.57,100.0,5903.90857280601,34,11.0,90748.4,8249.854545454546,28024.7,11.0,0.463152587743722,0.19775202861747845,-368151.56999999995,47.0,549648.37,7,4.0,88.87777777777778,27,0.19444444444444445,1.3333333333333333,11117.24,17086.629999999997,21801.434999999998,26,12411.146923076923,10.0,13621.015,0.09748237487008414,-16.0,34,11.0,0.3235294117647059,1
243,7,22120.14,3160.02,6468.1,1496.35,1885.9007011240017,7,8.0,104360.28,13045.035,51602.22,8.0,0.5968002421263162,4.717885149009002,82240.14,15.0,126480.42,0,812.2833333333333,59.21344907407408,7,0.0,1.0,1979.73,4276.86,5876.454999999999,5,2713.284,2.0,4276.86,0.5762669886381224,-3.0,7,8.0,1.1428571428571428,0
244,3,7365.9,2455.2999999999997,5937.49,657.9,3016.190585838368,3,12.0,208783.71,17398.642499999998,61825.81,12.0,1.22844075503538,28.344629984115993,201417.81,15.0,216149.61,0,9539.266666666666,22.138020833333332,3,0.0,1.0,770.51,3354.0,5420.7919999999995,3,2455.2999999999997,0.0,0.0,-1.0,-3.0,3,12.0,4.0,0
245,5,223223.97,44644.794,50705.83,40849.23,4500.77530698101,5,14.0,263522.82,18823.058571428573,51421.63,14.0,0.10081299304418359,1.1805310155535715,40298.850000000006,19.0,486746.79000000004,0,8678.8,76.05056712962963,5,0.0,1.0,42190.0,48192.1,50203.084,4,43129.535,1.0,50705.83,0.17566373020251663,-3.0,5,14.0,2.8,0
246,9,165157.72999999998,18350.858888888888,28721.46,7503.34,6171.130352199352,9,13.0,266518.19,20501.39923076923,55553.92,13.0,0.3362856414277078,1.6137191398791932,101360.46000000002,22.0,431675.92,0,302.2,76.99957175925925,8,0.0,1.125,17386.78,21769.21,26596.028,7,18079.452857142856,2.0,19300.78,0.06755332434601961,-5.0,9,13.0,1.4444444444444444,0
247,5,226940.18,45388.036,61769.47,25752.02,14732.889852317843,5,11.0,71466.40999999999,6496.946363636363,19740.92,10.0,0.3245985319196857,0.3149129872021781,-155473.77000000002,16.0,298406.58999999997,0,9321.866666666667,59.05002314814815,5,0.0,1.0,41490.8,58279.12,61071.4,4,46362.345,1.0,41490.8,-0.10507546587645639,-3.0,5,10.0,2.0,0
248,8,23299.74,2912.4675,5125.09,1277.0,1317.3344015825508,8,11.0,232762.21,21160.20090909091,64477.56,11.0,0.4523087044173199,9.989905895945618,209462.47,19.0,256061.94999999998,0,7271.4,75.22217592592592,8,0.0,1.0,3042.365,3490.91,4760.050499999999,6,3121.4833333333336,2.0,2285.42,-0.2678416778347901,-4.0,8,11.0,1.375,0
249,2,5378.1,2689.05,2854.45,2523.65,233.91092321650956,2,10.0,215872.81,21587.281,51484.38,10.0,0.08698645366077594,40.1392331864413,210494.71,12.0,221250.91,0,14361.216666666667,9.97306712962963,2,0.0,1.0,2689.05,2771.75,2837.91,2,2689.05,0.0,0.0,-1.0,-2.0,2,10.0,5.0,0
250,10,27118.769999999997,2711.8769999999995,4697.62,100.0,1439.652006200341,10,13.0,192775.18,14828.859999999999,42317.72,13.0,0.5308692120624723,7.108551752162802,165656.41,23.0,219893.94999999998,0,3056.3166666666666,87.70876157407407,10,0.0,1.0,2620.355,3818.2025,4524.477999999999,7,2393.41,3.0,3454.9666666666667,0.4435331458741573,-4.0,10,13.0,1.3,0
251,9,383449.88,42605.542222222226,53559.77,21988.95,10635.733235134492,9,8.0,151229.32,18903.665,53180.17,8.0,0.2496326224334988,0.3943913608735515,-232220.56,17.0,534679.2,0,796.3166666666667,87.02465277777777,9,0.0,1.0,46542.49,49268.4,53407.013999999996,7,41603.07571428571,2.0,46114.175,0.10843186971787439,-5.0,9,8.0,0.8888888888888888,1
252,6,84953.62,14158.936666666666,20404.08,7089.89,5803.393211512268,6,9.0,161604.6,17956.066666666666,42582.92,9.0,0.40987493256995533,1.9022685554776833,76650.98000000001,15.0,246558.22,0,14520.75,72.15002314814815,6,0.0,1.0,14878.32,18884.5425,20071.4,5,13327.106,1.0,18318.09,0.3744987096223291,-4.0,6,9.0,1.5,1
253,11,30385.02,2762.2745454545457,5239.06,504.71,1643.4967875500315,11,7.0,250814.22,35830.602857142854,56199.29,7.0,0.5949795215882808,8.254535294036337,220429.2,18.0,281199.24,0,593.6333333333333,74.21112268518519,10,0.0,1.1,2560.64,3888.045,5080.110000000001,8,2687.6462500000002,3.0,2961.2833333333333,0.10181290909595452,-5.0,11,7.0,0.6363636363636364,0
254,6,20069.16,3344.86,5096.13,1635.66,1341.173859572278,6,4.0,101666.32999999999,25416.582499999997,52397.74,4.0,0.40096561876200437,5.065798967171521,81597.16999999998,10.0,121735.48999999999,0,2991.3,66.8216087962963,6,0.0,1.0,3331.43,4301.4175000000005,4954.2375,5,3108.12,1.0,4528.56,0.4570093818771478,-4.0,6,4.0,0.6666666666666666,0
255,6,16717.91,2786.318333333333,6392.05,833.96,2086.842838494712,6,9.0,134310.01,14923.334444444445,31529.67,9.0,0.7489606673901387,8.033899572374777,117592.1,15.0,151027.92,0,5839.5,69.41259259259259,6,0.0,1.0,2232.85,3584.16,5774.7575,5,2065.172,1.0,6392.05,2.0951659232257653,-4.0,6,9.0,1.5,0
256,11,330341.0,30031.0,37470.49,19746.24,5990.833413382482,11,8.0,79273.33,9909.16625,39789.24,8.0,0.1994883091932497,0.23997423874117957,-251067.66999999998,19.0,409614.33,0,596.0833333333334,83.68709490740741,10,0.0,1.1,28714.39,36192.009999999995,37104.84,8,29129.94125,3.0,32433.823333333334,0.11341876919622465,-5.0,11,8.0,0.7272727272727273,1
257,19,211931.58,11154.293684210526,27231.03,100.0,7043.458821042725,19,9.0,138346.69,15371.854444444445,43382.0,9.0,0.6314571787735068,0.6527894049579587,-73584.88999999998,28.0,350278.27,0,19.4,84.47841435185185,18,0.0,1.0555555555555556,10776.14,15683.8,22050.809999999987,14,10107.022857142858,5.0,14086.652000000002,0.3937489010470231,-9.0,19,9.0,0.47368421052631576,1
258,2,6257.91,3128.955,6157.91,100.0,4283.589240817798,2,8.0,139442.3,17430.2875,84498.97,8.0,1.3690159305000544,22.282567182973228,133184.38999999998,10.0,145700.21,0,54353.78333333333,37.74568287037037,2,0.0,1.0,3128.955,4643.4325,5855.014499999999,2,3128.955,0.0,0.0,-1.0,-2.0,2,8.0,4.0,0
259,7,20177.18,2882.4542857142856,4554.07,287.71,1432.4030541117158,7,12.0,223063.95,18588.662500000002,57202.25,12.0,0.4969386890924307,11.055258960865691,202886.77000000002,19.0,243241.13,0,2578.1666666666665,81.39245370370371,7,0.0,1.0,2675.1,3831.6049999999996,4507.581999999999,5,3477.796,2.0,1394.1,-0.5991426754185697,-3.0,7,12.0,1.7142857142857142,0
260,5,192434.36,38486.871999999996,51428.79,24433.35,10742.592578959699,4,7.0,155757.09999999998,22251.014285714282,77662.25,7.0,0.2791235561819547,0.809403788387895,-36677.26000000001,12.0,348191.45999999996,0,1208.7166666666667,49.97510416666667,5,0.0,1.0,37366.5,46417.27,50426.486,4,35251.3925,1.0,51428.79,0.4589151336362102,-3.0,4,7.0,1.75,0
261,3,9185.84,3061.9466666666667,5253.68,1920.21,1898.6509184769418,3,5.0,74853.63,14970.726,34945.48,5.0,0.62007968301547,8.148806206073697,65667.79000000001,8.0,84039.47,0,4531.016666666666,43.288402777777776,3,0.0,1.0,2011.95,3632.815,4929.507,3,3061.9466666666667,0.0,0.0,-1.0,-3.0,3,5.0,1.6666666666666667,0
262,29,314128.76,10832.026206896551,24991.02,100.0,6076.668823830803,29,6.0,13261.45,2210.241666666667,3733.37,6.0,0.5609909639954435,0.042216605700159386,-300867.31,35.0,327390.21,0,335.45,80.31309027777777,25,0.0,1.16,11413.86,13922.67,20471.781999999992,21,10007.953333333333,8.0,12995.217499999999,0.2984890184006986,-13.0,29,6.0,0.20689655172413793,0
263,7,21583.61,3083.3728571428574,6054.44,2223.87,1392.67988618723,7,12.0,176944.59,14745.3825,60645.4,11.0,0.4516741732875367,8.198099854472908,155360.97999999998,19.0,198528.2,0,352.85,70.51627314814814,5,0.0,1.4,2363.34,3205.62,5290.240999999998,5,3399.28,2.0,2293.605,-0.32526740956908523,-3.0,7,11.0,1.5714285714285714,0
264,11,28504.82,2591.347272727273,4702.37,142.49,1235.3824705336476,11,11.0,215444.28,19585.843636363636,73377.92,11.0,0.47673366033779985,7.558170162098901,186939.46,22.0,243949.1,0,1559.55,64.97783564814814,11,0.0,1.0,2719.44,3176.7250000000004,4310.67,8,2600.37,3.0,2567.286666666667,-0.01272254845784755,-5.0,11,11.0,1.0,0
265,12,191677.69,15973.140833333333,27127.21,2601.79,7096.394100343508,11,8.0,149577.16999999998,18697.146249999998,37470.49,8.0,0.4442704271118986,0.7803577453380202,-42100.52000000002,20.0,341254.86,0,744.6833333333333,73.31962962962963,11,0.0,1.0909090909090908,15341.215,21407.635000000002,25361.434999999998,9,13741.568888888889,3.0,22667.85666666667,0.6495828715013298,-6.0,11,8.0,0.7272727272727273,1
266,9,98524.62,10947.18,84341.64,477.23,27536.463485937154,9,8.0,235111.35,29388.91875,87855.88,8.0,2.515393323754351,2.3863207998163305,136586.73,17.0,333635.97,0,448.01666666666665,49.91965277777778,8,0.0,1.125,1898.62,2915.79,51791.60399999997,7,13517.995714285715,2.0,1949.325,-0.8557977794045334,-5.0,9,8.0,0.8888888888888888,1
267,9,39434.12,4381.568888888889,5875.39,2819.21,946.1693973127176,9,6.0,47704.5,7950.75,22956.63,6.0,0.21594306087759682,1.2097265008069154,8270.379999999997,15.0,87138.62,0,1195.7166666666667,69.23802083333334,9,0.0,1.0,4532.53,5069.16,5624.142,7,4324.597142857143,2.0,4580.97,0.05928248312477005,-5.0,9,6.0,0.6666666666666666,0
268,4,13299.04,3324.76,5359.08,1873.27,1504.4657658008264,4,9.0,80757.86,8973.095555555556,29925.27,9.0,0.4525035689195089,6.072457861620086,67458.82,13.0,94056.9,0,17917.233333333334,76.88288194444445,4,0.0,1.0,3033.3450000000003,3939.5924999999997,5075.182499999999,3,3566.2599999999998,1.0,2600.26,-0.27087200596703537,-2.0,4,9.0,2.25,0
269,11,33508.729999999996,3046.2481818181814,6114.41,100.0,1796.3722919028683,11,9.0,139425.57,15491.730000000001,66091.42,9.0,0.5896999143486356,4.160873002348941,105916.84000000001,20.0,172934.3,0,2045.5666666666666,69.70074074074074,11,0.0,1.0,2838.09,3725.925,6000.91,8,3282.18125,3.0,2417.0933333333332,-0.2635710372992554,-5.0,11,9.0,0.8181818181818182,0
270,11,37788.19,3435.2900000000004,5186.28,996.07,1411.957666546699,11,10.0,130917.13,13091.713,48457.9,10.0,0.4110155668216363,3.4644985642339576,93128.94,21.0,168705.32,0,3070.3166666666666,82.3150462962963,11,0.0,1.0,3531.47,4482.1900000000005,5075.915,8,3440.6725,3.0,3420.9366666666665,-0.005736039490341969,-5.0,11,10.0,0.9090909090909091,0
271,9,29007.14,3223.0155555555557,5738.36,1051.03,1575.948320663713,8,9.0,207308.26,23034.251111111113,84636.59,9.0,0.4889670228079506,7.146801097936577,178301.12,18.0,236315.40000000002,0,3059.55,64.79540509259259,9,0.0,1.0,3224.04,3741.16,5574.2,7,2981.082857142857,2.0,4069.7799999999997,0.3652019064980223,-5.0,8,9.0,1.125,0
272,11,32480.32,2952.7563636363634,4605.37,872.53,1100.9905255929564,11,9.0,184676.77,20519.64111111111,58840.7,9.0,0.372868733482999,5.685805127535689,152196.44999999998,20.0,217157.09,0,67.8,78.98193287037037,9,0.0,1.2222222222222223,3002.62,3372.175,4479.235000000001,8,2974.43875,3.0,2894.9366666666665,-0.02672843182040084,-5.0,11,9.0,0.8181818181818182,0
273,9,25552.95,2839.2166666666667,5457.1,100.0,1650.1664194180537,9,11.0,186427.95,16947.995454545457,49519.8,11.0,0.5812048227215442,7.295750588483913,160875.0,20.0,211980.90000000002,0,775.5833333333334,58.62847222222222,9,0.0,1.0,2666.18,3726.68,5188.088,7,3103.752857142857,2.0,1913.34,-0.3835398344952907,-5.0,9,11.0,1.2222222222222223,0
274,2,96338.23,48169.115,50248.7,46089.53,2940.9773111076515,2,12.0,139862.54,11655.211666666668,32957.51,12.0,0.061055249013971954,1.4517864818566837,43524.31000000001,14.0,236200.77000000002,0,27885.666666666668,19.365046296296295,2,0.0,1.0,48169.115,49208.9075,50040.7415,2,48169.115,0.0,0.0,-1.0,-2.0,2,12.0,6.0,0
275,6,166067.03999999998,27677.839999999997,52397.74,14272.23,13654.737694957013,6,11.0,197496.94,17954.267272727273,64316.56,11.0,0.4933454957090949,1.1892603131843624,31429.900000000023,17.0,363563.98,0,832.9833333333333,61.5440625,6,0.0,1.0,25625.48,30245.165,47047.0525,5,22733.86,1.0,52397.74,1.3048325273402754,-4.0,6,11.0,1.8333333333333333,1
276,6,13669.11,2278.185,5287.68,100.0,1988.0306935532965,6,7.0,83977.91,11996.844285714285,29334.0,7.0,0.8726379523845941,6.143626761361932,70308.8,13.0,97647.02,0,13440.05,64.35923611111112,6,0.0,1.0,2160.84,3315.4825,4884.33,5,2713.822,1.0,100.0,-0.9631515994785215,-4.0,6,7.0,1.1666666666666667,0
277,8,29080.03,3635.00375,4884.24,2480.9,955.1020187085102,8,13.0,174529.03,13425.31,45666.75,12.0,0.262751315926018,6.001679846960268,145449.0,21.0,203609.06,0,533.2166666666667,77.17689814814815,7,0.0,1.1428571428571428,3584.8149999999996,4376.9,4871.164,6,3619.148333333333,2.0,3682.5699999999997,0.017523920222483273,-4.0,8,12.0,1.5,0
278,3,7160.379999999999,2386.793333333333,3731.41,790.35,1486.6139322074625,3,11.0,151942.26,13812.932727272728,44942.81,11.0,0.622849876210814,21.219859839840908,144781.88,14.0,159102.64,0,1009.5666666666667,12.75258101851852,2,0.0,1.5,2638.62,3185.015,3622.131,3,2386.793333333333,0.0,0.0,-1.0,-3.0,3,11.0,3.6666666666666665,0
279,12,186424.35,15535.362500000001,22298.21,7906.09,4492.179424365548,12,8.0,45346.31,5668.28875,23262.82,8.0,0.2891583266477076,0.2432424197804632,-141078.04,20.0,231770.66,0,26.566666666666666,62.13636574074074,11,0.0,1.0909090909090908,15268.045,17460.89,22252.6535,9,14720.884444444444,3.0,17978.796666666665,0.22131226112923766,-6.0,12,8.0,0.6666666666666666,0
280,9,179755.43,19972.825555555555,30989.7,3657.78,8193.33318568382,9,4.0,34622.880000000005,8655.720000000001,18474.59,4.0,0.4102240398031613,0.1926110382312234,-145132.55,13.0,214378.31,0,2104.25,75.36055555555555,9,0.0,1.0,20486.24,23657.47,30052.96,7,22230.20142857143,2.0,12072.01,-0.45695453823084053,-5.0,9,4.0,0.4444444444444444,1
281,13,146191.65,11245.511538461538,113597.87,100.0,30796.466000554035,13,9.0,214027.5,23780.833333333332,117111.21,9.0,2.738556258221331,1.4640200038784705,67835.85,22.0,360219.15,0,141.8,127.57927083333334,11,0.0,1.1818181818181819,2267.51,4721.01,49201.04599999985,10,2400.514,3.0,40728.83666666666,15.966714906335334,-7.0,13,9.0,0.6923076923076923,1
282,10,28997.48,2899.748,6095.31,100.0,1755.932378056361,10,8.0,44461.33,5557.66625,22846.74,7.0,0.6055465433742383,1.5332825473110079,15463.850000000002,18.0,73458.81,0,348.3833333333333,71.15342592592593,10,0.0,1.0,3215.64,3627.4275,5023.261499999998,7,2693.317142857143,3.0,3381.42,0.2554852698902361,-4.0,10,7.0,0.7,0
283,5,14333.710000000001,2866.742,3841.11,1427.97,938.7710244090409,5,10.0,175999.99,17599.999,59994.21,10.0,0.3274696587307267,12.27874639573425,161666.28,15.0,190333.69999999998,0,1830.7166666666667,72.64472222222223,5,0.0,1.0,3202.18,3369.9,3746.868,4,3226.435,1.0,1427.97,-0.5574155375825021,-3.0,5,10.0,2.0,0
284,8,21601.18,2700.1475,4565.87,100.0,1530.9341292421996,8,12.0,109049.90000000001,9087.491666666667,37466.48,11.0,0.5669816664616283,5.0483306930454726,87448.72,20.0,130651.08000000002,0,1813.5333333333333,58.58447916666667,8,0.0,1.0,2792.12,3833.3775,4453.407999999999,6,2977.65,2.0,1867.64,-0.3727805484190553,-4.0,8,11.0,1.375,0
285,4,249032.08999999997,62258.02249999999,78804.42,43126.85,15138.12294530242,4,9.0,115530.03,12836.67,30500.44,9.0,0.24315136166270657,0.4639162366584966,-133502.05999999997,13.0,364562.12,0,9314.783333333333,43.72605324074074,4,0.0,1.0,63550.409999999996,70896.19499999999,77222.775,3,56742.556666666664,1.0,78804.42,0.38880629688463697,-2.0,4,9.0,2.25,0
286,7,19579.89,2797.1271428571426,4327.4,1102.96,1052.8095085644932,7,9.0,173911.94,19323.54888888889,49976.42,9.0,0.37638957930567807,8.88217145244432,154332.05,16.0,193491.83000000002,0,5188.166666666667,77.61652777777778,7,0.0,1.0,2894.68,3304.5550000000003,4083.1999999999994,5,2785.6400000000003,2.0,2825.8450000000003,0.014432948981203574,-3.0,7,9.0,1.2857142857142858,0
287,7,23685.71,3383.672857142857,5932.35,1583.53,1749.0977603583158,7,10.0,140859.51,14085.951000000001,40109.21,10.0,0.5169228333247435,5.947025020571476,117173.80000000002,17.0,164545.22,0,356.6666666666667,71.688125,6,0.0,1.1666666666666667,3498.15,4584.025,5660.513999999999,5,3571.05,2.0,2915.23,-0.18364906680108095,-3.0,7,10.0,1.4285714285714286,0
288,10,27329.29,2732.929,5646.36,100.0,1585.0872365509306,10,7.0,152103.04,21729.005714285715,50074.44,7.0,0.5799957615257955,5.565568662779018,124773.75,17.0,179432.33000000002,0,687.25,81.88144675925926,9,0.0,1.1111111111111112,2855.435,3608.085,4861.249499999998,7,3338.817142857143,3.0,1319.1899999999998,-0.6048930074466065,-4.0,10,7.0,0.7,0
289,6,20048.190000000002,3341.3650000000002,4912.57,642.5,1509.4909692045196,6,4.0,60370.54,15092.635,39025.43,4.0,0.45175877798579905,3.011271341702168,40322.35,10.0,80418.73000000001,0,599.5666666666667,78.13974537037036,6,0.0,1.0,3771.465,4150.4375,4749.16,5,3157.852,1.0,4258.93,0.3486794187948012,-4.0,6,4.0,0.6666666666666666,0
290,5,24562.7,4912.54,6607.66,3291.66,1191.9177533076686,5,16.0,257440.98,16090.06125,44941.72,16.0,0.24262759250971364,10.480972368672825,232878.28,21.0,282003.68,0,2472.3333333333335,58.55564814814815,5,0.0,1.0,5024.13,5095.55,6305.237999999999,4,4884.6425,1.0,5024.13,0.02855633754159085,-3.0,5,16.0,3.2,0
291,33,387949.85,11756.05606060606,22703.14,3130.94,5052.770576191306,32,7.0,40938.54,5848.362857142857,14476.52,7.0,0.42980150401994766,0.10552534045315394,-347011.31,40.0,428888.38999999996,0,30.0,81.05146990740741,26,0.0,1.2692307692307692,10635.05,13935.73,20842.717999999997,24,11313.6875,9.0,12935.705555555556,0.14336776188626,-15.0,32,7.0,0.21875,1
292,5,64655.04,12931.008,58053.0,1273.52,25227.08679908899,5,12.0,223209.98,18600.83166666667,60471.88,11.0,1.9508987079034357,3.4523214276876173,158554.94,17.0,287865.02,0,2978.266666666667,71.42278935185185,5,0.0,1.0,1591.64,2310.23,46904.44599999999,4,1650.51,1.0,58053.0,34.17276478179472,-3.0,5,11.0,2.2,0
293,13,323915.41000000003,24916.570000000003,112433.23,8311.2,27276.54041846827,12,8.0,229501.23,28687.65375,115910.55,8.0,1.0947148993006768,0.7085221107572498,-94414.18000000002,21.0,553416.64,0,995.3166666666667,124.17693287037036,12,0.0,1.0833333333333333,17605.07,25634.06,62146.65999999988,10,15838.882000000001,3.0,55175.53,2.4835495333572153,-7.0,12,8.0,0.6666666666666666,1
294,9,29741.25,3304.5833333333335,5160.59,100.0,1605.7158367609757,9,10.0,142339.77000000002,14233.977000000003,33713.47,9.0,0.4859056875837021,4.7859377127726646,112598.52000000002,19.0,172081.02000000002,0,1181.9833333333333,54.004872685185184,8,0.0,1.125,3619.24,4392.78,5119.882,7,3102.7942857142853,2.0,4010.845,0.29265579044879375,-5.0,9,9.0,1.0,0
295,23,248366.08,10798.525217391303,21562.09,2294.13,4787.249457438402,22,8.0,105331.75,13166.46875,31481.77,8.0,0.44332437634431904,0.4240987738744357,-143034.33,31.0,353697.82999999996,0,199.5,84.08993055555555,20,0.0,1.15,11211.64,14150.08,17150.365,17,10338.434117647059,6.0,12102.116666666667,0.1705947466463139,-11.0,22,8.0,0.36363636363636365,1
296,8,164802.5,20600.3125,33847.09,11985.26,7660.430933823406,8,10.0,111295.06999999999,11129.507,46542.49,10.0,0.37185993823265573,0.6753239180230882,-53507.43000000001,18.0,276097.57,0,3288.883333333333,57.97663194444444,8,0.0,1.0,20454.684999999998,25250.675000000003,31329.602999999996,6,22129.051666666666,2.0,16014.095000000001,-0.2763316186693043,-4.0,8,10.0,1.25,0
297,9,267631.38,29736.82,68821.59,100.0,25853.185000368907,9,11.0,272465.4,24769.58181818182,57602.39,11.0,0.8693997878848144,1.0180622317158774,4834.020000000019,20.0,540096.78,0,400.48333333333335,73.16164351851852,8,0.0,1.125,32197.46,49527.66,62565.02199999999,7,38204.48285714286,2.0,100.0,-0.9973825061217573,-5.0,9,11.0,1.2222222222222223,1
298,22,217274.86,9876.13,19578.15,100.0,5409.376680005791,22,8.0,50356.71,6294.58875,21374.47,8.0,0.5477223041824876,0.23176500953676832,-166918.15,30.0,267631.57,0,115.66666666666667,88.24708333333334,21,0.0,1.0476190476190477,9394.42,13813.615,19046.822499999995,16,11100.826875,6.0,6610.271666666667,-0.40452438893957016,-10.0,22,8.0,0.36363636363636365,1
299,29,346107.03,11934.725172413793,23742.77,100.0,5704.0346223194265,29,8.0,111609.13,13951.14125,48973.01,8.0,0.47793598427418066,0.3224699885466065,-234497.90000000002,37.0,457716.16000000003,0,160.08333333333334,82.10277777777777,25,0.0,1.16,11018.68,16488.15,20288.329999999994,21,12888.007142857145,8.0,9432.36,-0.2681288972416771,-13.0,29,8.0,0.27586206896551724,1
300,3,179858.05,59952.68333333333,76509.43,31876.68,24444.642536863437,3,13.0,107829.61,8294.585384615384,26539.88,12.0,0.4077322511313245,0.5995261818973352,-72028.43999999999,16.0,287687.66,0,41127.73333333333,75.60319444444444,3,0.0,1.0,71471.94,73990.685,76005.681,3,59952.68333333333,0.0,0.0,-1.0,-3.0,3,12.0,4.0,0
301,19,235068.15,12372.007894736842,20824.47,1923.67,5564.074391606267,19,9.0,111408.36,12378.706666666667,40931.23,9.0,0.4497309118250136,0.4739406848609648,-123659.79,28.0,346476.51,0,386.1333333333333,80.22988425925926,19,0.0,1.0,13632.6,16295.445,20815.011,14,11815.285,5.0,13930.832,0.17905171140603046,-9.0,19,9.0,0.47368421052631576,1
302,2,4428.18,2214.09,3108.89,1319.29,1265.4382956114455,2,9.0,177948.77,19772.085555555554,72005.74,9.0,0.5715387791875874,40.18553220510457,173520.59,11.0,182376.94999999998,0,56275.35,39.080104166666665,2,0.0,1.0,2214.09,2661.49,3019.41,2,2214.09,0.0,0.0,-1.0,-2.0,2,9.0,4.5,0
303,11,83208.44,7564.403636363637,57602.39,1266.11,16638.846024965358,11,14.0,172193.97,12299.569285714286,60002.49,14.0,2.199624296220659,2.0694291348329568,88985.53,25.0,255402.41,0,295.9,81.50737268518519,10,0.0,1.1,2155.23,4101.924999999999,31133.7,8,9130.7825,3.0,3387.3933333333334,-0.6290139061648513,-5.0,11,14.0,1.2727272727272727,0
304,3,16155.03,5385.01,6021.21,4310.35,935.9197954953187,3,8.0,142429.16999999998,17803.646249999998,70537.3,8.0,0.1738009391803021,8.816397741136969,126274.13999999998,11.0,158584.19999999998,0,36655.566666666666,51.87309027777778,3,0.0,1.0,5823.47,5922.34,6001.436,3,5385.01,0.0,0.0,-1.0,-3.0,3,8.0,2.6666666666666665,0
305,9,181149.44,20127.715555555555,33508.2,7046.02,8878.629818820738,9,16.0,279322.61,17457.663125,74812.76,16.0,0.44111463093337,1.541945754841969,98173.16999999998,25.0,460472.05,0,1602.55,52.554340277777776,9,0.0,1.0,23599.67,25217.47,31314.067999999996,7,18904.614285714284,2.0,24408.57,0.29114350766970737,-5.0,9,16.0,1.7777777777777777,0
306,7,105807.86,15115.408571428572,82801.9,2673.39,29854.161613467128,7,8.0,162026.25999999998,20253.282499999998,86251.98,8.0,1.9750813530702718,1.5313253665653948,56218.39999999998,15.0,267834.12,0,8600.616666666667,82.36765046296296,7,0.0,1.0,3909.99,4537.39,59415.92199999994,5,4066.514,2.0,42737.645,9.509651509868156,-3.0,7,8.0,1.1428571428571428,0
307,7,24809.54,3544.2200000000003,5934.63,1627.31,1547.3640019293027,7,9.0,89607.82,9956.424444444445,23907.13,9.0,0.4365880227325907,3.6118291592669594,64798.280000000006,16.0,114417.36000000002,0,3362.2,73.34696759259259,7,0.0,1.0,3658.28,4426.59,5615.106,5,3904.79,2.0,2642.795,-0.32319151606104296,-3.0,7,9.0,1.2857142857142858,0
308,6,288072.67000000004,48012.11166666667,70889.91,12118.89,20630.11702264184,6,10.0,124747.07,12474.707,36216.8,10.0,0.4296856836014712,0.43304028112073245,-163325.60000000003,16.0,412819.74000000005,0,634.1,84.54619212962963,6,0.0,1.0,54935.205,57613.755,67656.4575,5,43436.552,1.0,70889.91,0.6320335463091085,-4.0,6,10.0,1.6666666666666667,0
309,7,20512.77,2930.3957142857143,3696.25,1656.03,852.2089516047331,7,8.0,121550.65,15193.83125,48176.29,8.0,0.29081702087202904,5.925608779311618,101037.87999999999,15.0,142063.41999999998,0,205.55,43.00377314814815,6,0.0,1.1666666666666667,3027.23,3661.935,3695.755,5,2624.384,2.0,3695.425,0.40811138918694834,-3.0,7,8.0,1.1428571428571428,0
310,7,21816.61,3116.6585714285716,4532.59,1073.5,1135.755891017499,7,12.0,187458.93,15621.5775,60104.41,12.0,0.36441460140335696,8.592486642058505,165642.32,19.0,209275.53999999998,0,2075.7166666666667,74.94050925925926,7,0.0,1.0,3409.48,3684.34,4357.093,5,2997.21,2.0,3415.2799999999997,0.13948638900844443,-3.0,7,12.0,1.7142857142857142,0
311,8,23977.14,2997.1425,4637.98,1304.85,1201.2646809181683,8,11.0,102356.51000000001,9305.137272727274,42588.51,11.0,0.40080332547356967,4.268920730328972,78379.37000000001,19.0,126333.65000000001,0,279.23333333333335,62.50938657407407,8,0.0,1.0,3182.875,3865.935,4402.472,6,3217.5983333333334,2.0,2335.7749999999996,-0.27406259016170975,-4.0,8,11.0,1.375,0
312,10,37297.090000000004,3729.7090000000003,5646.47,2297.76,1013.2974096642221,10,10.0,86848.6,8684.86,45907.16,9.0,0.27168269955222296,2.3285623623719705,49551.51,20.0,124145.69,0,1890.5333333333333,87.70282407407407,10,0.0,1.0,3527.44,4237.68,5334.521,7,3673.4814285714288,3.0,3860.906666666667,0.05102114757883118,-4.0,10,9.0,0.9,0
313,9,22700.28,2522.253333333333,4790.59,198.53,1477.030322666058,9,6.0,43467.8,7244.633333333334,27113.52,6.0,0.5855995126048896,1.9148574378818237,20767.520000000004,15.0,66168.08,0,690.9166666666666,84.75743055555556,8,0.0,1.125,2647.36,3440.55,4458.822,7,2180.332857142857,2.0,3718.9750000000004,0.7056913983644703,-5.0,9,6.0,0.6666666666666666,0
314,7,19299.739999999998,2757.105714285714,4332.7,598.75,1213.4284653528493,7,8.0,82011.42,10251.4275,33431.16,8.0,0.4401095174064493,4.249353618235272,62711.68,15.0,101311.16,0,4980.233333333334,60.65824074074074,7,0.0,1.0,2985.36,3464.1549999999997,4088.247999999999,5,2586.516,2.0,3183.58,0.23083715700966081,-3.0,7,8.0,1.1428571428571428,0
315,5,18032.2,3606.44,4863.14,2747.92,898.1023309456447,5,16.0,189663.77000000002,11853.985625000001,28995.47,15.0,0.24902738738080896,10.518060469604375,171631.57,21.0,207695.97000000003,0,10108.466666666667,53.071736111111115,5,0.0,1.0,3146.23,4227.49,4736.01,4,3451.1775000000002,1.0,4227.49,0.22494134248383327,-3.0,5,15.0,3.0,0
316,7,19661.79,2808.827142857143,5401.83,100.0,2390.9762991834828,7,12.0,111535.03,9294.585833333333,39372.65,12.0,0.8512365402277401,5.672679344047515,91873.23999999999,19.0,131196.82,0,4643.416666666667,71.84234953703704,7,0.0,1.0,4225.1,4584.3150000000005,5159.481,5,2993.558,2.0,2347.0,-0.21598312108868442,-3.0,7,12.0,1.7142857142857142,0
317,3,7429.34,2476.4466666666667,3904.5,100.0,2071.9899851431073,3,10.0,189197.23,18919.723,42118.14,10.0,0.8366786222503374,25.46622310999362,181767.89,13.0,196626.57,0,756.2333333333333,41.46525462962963,2,0.0,1.5,3424.84,3664.67,3856.534,3,2476.4466666666667,0.0,0.0,-1.0,-3.0,3,10.0,3.3333333333333335,0
318,16,554947.67,34684.229375,54106.67,15931.87,10100.065105740961,16,11.0,198903.67,18082.15181818182,45632.24,10.0,0.2912005048905879,0.3584187856847836,-356044.0,27.0,753851.3400000001,0,444.68333333333334,86.82015046296296,15,0.0,1.0666666666666667,34999.665,38586.8675,53951.99,12,34176.58583333334,4.0,36207.16,0.05941419007062409,-8.0,16,10.0,0.625,1
319,5,14888.380000000001,2977.6760000000004,4663.11,1182.15,1584.235966855948,5,13.0,213764.34,16443.41076923077,50519.97,13.0,0.5320377256813528,14.35779715455946,198875.96,18.0,228652.72,0,15385.183333333332,78.58143518518519,5,0.0,1.0,2463.23,4615.64,4653.616,4,3231.0325000000003,1.0,1964.25,-0.3920673964127567,-3.0,5,13.0,2.6,0
320,11,181087.62,16462.51090909091,45666.75,100.0,14417.421747474444,11,15.0,155829.88,10388.658666666666,41678.08,15.0,0.8757729502558975,0.8605219948221751,-25257.73999999999,26.0,336917.5,0,1762.2,78.07140046296297,11,0.0,1.0,16410.42,24160.63,39167.515,8,19564.11375,3.0,8191.57,-0.581296137168493,-5.0,11,15.0,1.3636363636363635,0
321,7,146781.64,20968.805714285718,34213.14,6888.91,9105.27009534745,7,11.0,145703.97,13245.815454545454,48051.01,11.0,0.43422931279029275,0.9926580054562681,-1077.6700000000128,18.0,292485.61,0,477.68333333333334,38.756018518518516,6,0.0,1.1666666666666667,20394.83,25640.934999999998,33073.242,5,24343.374,2.0,12532.385,-0.4851829084990437,-3.0,7,11.0,1.5714285714285714,0
322,9,102723.34999999999,11413.705555555554,75705.62,608.89,24157.236163461515,9,13.0,184877.86,14221.373846153845,78860.02,13.0,2.116511245701719,1.79976470782933,82154.51,22.0,287601.20999999996,0,3643.7833333333333,82.05383101851852,9,0.0,1.0,3827.02,4098.11,47892.47199999997,7,13488.155714285715,2.0,4153.13,-0.692090595039521,-5.0,9,13.0,1.4444444444444444,1
323,8,21595.14,2699.3925,4135.31,1701.38,857.7846367366511,8,16.0,178660.69,11166.293125,32063.03,16.0,0.31776951174631,8.273189708425138,157065.55,24.0,200255.83000000002,0,75.7,70.9811111111111,7,0.0,1.1428571428571428,2566.925,3248.4449999999997,3887.3559999999998,6,2654.4950000000003,2.0,2834.085,0.06765505303268594,-4.0,8,16.0,2.0,0
324,7,16336.810000000001,2333.8300000000004,3860.9,930.4,1026.242658698874,7,12.0,210826.33,17568.860833333332,63972.52,12.0,0.43972468375968854,12.904987571012944,194489.52,19.0,227163.13999999998,0,1546.3833333333334,87.23024305555556,7,0.0,1.0,2676.11,2861.5150000000003,3601.9699999999993,5,1950.136,2.0,3293.065,0.6886335106884853,-3.0,7,12.0,1.7142857142857142,0
325,29,394320.04000000004,13597.24275862069,27801.57,3791.55,5468.38926531054,29,11.0,180435.51,16403.228181818184,37720.24,11.0,0.402168981049012,0.45758645692975686,-213884.53000000003,40.0,574755.55,0,24.116666666666667,79.39164351851852,23,0.0,1.2608695652173914,13018.67,15861.34,22354.46,21,13626.344285714285,8.0,13520.85125,-0.007741844290906659,-13.0,29,11.0,0.3793103448275862,1
326,11,370321.5,33665.59090909091,47716.05,19835.1,7206.745229382616,11,13.0,125467.95999999999,9651.381538461537,21970.87,13.0,0.21406857966175005,0.338808197741692,-244853.54,24.0,495789.45999999996,0,172.75,53.75606481481481,10,0.0,1.1,33059.99,36411.729999999996,44433.375,8,34757.5475,3.0,30753.706666666665,-0.11519342189874977,-5.0,11,13.0,1.1818181818181819,1
327,24,319181.07,13299.21125,26893.62,100.0,6564.713118979919,24,9.0,125138.19,13904.243333333334,32429.68,9.0,0.4936167262535904,0.3920601870280089,-194042.88,33.0,444319.26,0,154.33333333333334,83.9982175925926,21,0.0,1.1428571428571428,14258.369999999999,17800.504999999997,21348.777,17,12590.449999999999,7.0,15020.488571428572,0.19300649074723883,-10.0,24,9.0,0.375,1
328,7,21566.87,3080.9814285714283,3979.39,2245.85,616.2275313396444,7,16.0,144483.02,9030.18875,32308.66,16.0,0.20001014145202856,6.699304071476297,122916.15,23.0,166049.88999999998,0,989.2,58.325208333333336,7,0.0,1.0,3205.39,3355.33,3805.4139999999993,5,2992.402,2.0,3302.43,0.10360506375814472,-3.0,7,16.0,2.2857142857142856,0
329,3,141137.98,47045.99333333334,48518.08,45952.98,1323.898389806911,3,5.0,63454.54,12690.908,25908.66,5.0,0.028140513059778327,0.44959223590985214,-77683.44,8.0,204592.52000000002,0,537.75,13.880520833333334,2,0.0,1.5,46666.92,47592.5,48332.964,3,47045.99333333334,0.0,0.0,-1.0,-3.0,3,5.0,1.6666666666666667,0
330,6,17176.93,2862.8216666666667,4482.11,100.0,1963.12366175355,6,7.0,57927.26,8275.322857142857,16789.08,7.0,0.685730335427885,3.372387265943332,40750.33,13.0,75104.19,0,9950.45,77.77603009259259,6,0.0,1.0,3725.585,4376.4125,4459.8324999999995,5,2556.786,1.0,4393.0,0.7181727371786297,-4.0,6,7.0,1.1666666666666667,0
331,8,280099.66000000003,35012.457500000004,48337.43,25059.78,8433.49188835587,8,10.0,134531.99,13453.198999999999,37082.1,10.0,0.2408711781615406,0.48030044020760315,-145567.67000000004,18.0,414631.65,0,2332.3,84.7516087962963,8,0.0,1.0,33741.785,38284.2675,47714.8675,6,37160.931666666664,2.0,28567.035,-0.23126160408877436,-4.0,8,10.0,1.25,1
332,11,35858.47,3259.860909090909,5954.48,702.77,1502.014426005653,11,12.0,109384.89,9115.4075,39384.99,12.0,0.4607602802367804,3.0504617179706774,73526.42,23.0,145243.36,0,814.8166666666667,80.5837962962963,10,0.0,1.1,3012.97,3981.71,5653.95,8,3292.1,3.0,3173.89,-0.03590717171410347,-5.0,11,12.0,1.0909090909090908,0
333,11,395383.19,35943.92636363636,54820.71,15231.36,12106.323214811566,11,11.0,200937.76,18267.06909090909,66166.78,11.0,0.33681137370288106,0.5082101745397927,-194445.43,22.0,596320.95,0,625.1,81.58013888888888,11,0.0,1.0,38896.8,41983.76,52670.34,8,36483.09125,3.0,34506.15333333333,-0.054187785325528565,-5.0,11,11.0,1.0,1
334,7,167852.65,23978.95,32047.63,16767.47,5189.946662079808,7,14.0,199077.97,14219.855,59391.65,14.0,0.2164376114083314,1.1860281622005968,31225.320000000007,21.0,366930.62,0,12.966666666666667,59.96700231481481,6,0.0,1.1666666666666667,23068.11,26751.065000000002,31225.816,5,22322.228,2.0,28120.755,0.2597647062829034,-3.0,7,14.0,2.0,0
335,7,22805.82,3257.9742857142855,6755.89,100.0,2033.4313782607064,7,9.0,47282.08,5253.564444444444,24173.02,9.0,0.6241397874676266,2.0732462152205007,24476.260000000002,16.0,70087.9,0,4676.2,52.58177083333333,7,0.0,1.0,3258.27,3882.995,6051.993999999999,5,3889.5099999999998,2.0,1679.135,-0.5682913786055314,-3.0,7,9.0,1.2857142857142858,0
336,3,166954.55,55651.51666666666,63571.51,40372.03,13235.390990074053,3,14.0,246642.08,17617.29142857143,42347.06,14.0,0.23782624055602056,1.477300738434502,79687.53,17.0,413596.63,0,11778.733333333334,82.67951388888889,3,0.0,1.0,63011.01,63291.26,63515.46,3,55651.51666666666,0.0,0.0,-1.0,-3.0,3,14.0,4.666666666666667,0
337,4,11592.869999999999,2898.2174999999997,5324.48,419.27,2003.410979011795,4,8.0,144797.85,18099.73125,77368.04,8.0,0.691256256306435,12.490250472919994,133204.98,12.0,156390.72,0,14890.583333333334,50.524976851851854,4,0.0,1.0,2924.56,3570.92,4973.767999999999,3,2910.0499999999997,1.0,2862.72,-0.01626432535523442,-2.0,4,8.0,2.0,0
338,6,229648.16999999998,38274.695,52952.87,26546.77,10173.002866003237,6,10.0,104796.55,10479.655,49019.13,10.0,0.26578926013657944,0.45633522792713743,-124851.61999999998,16.0,334444.72,0,7926.483333333334,45.45917824074074,6,0.0,1.0,39280.865,43465.1575,50620.902500000004,5,40337.274,1.0,27961.8,-0.30679995876766486,-4.0,6,10.0,1.6666666666666667,1
339,6,14255.07,2375.845,4747.63,100.0,1712.371538104392,6,10.0,102097.69,10209.769,24627.2,10.0,0.7207421099037993,7.162201939380164,87842.62,16.0,116352.76000000001,0,10427.433333333332,66.024375,6,0.0,1.0,2538.0649999999996,3293.5725,4442.610000000001,5,2831.014,1.0,100.0,-0.9646769673339659,-4.0,6,10.0,1.6666666666666667,0
340,7,189349.45,27049.92142857143,58272.34,100.0,19412.665674440854,7,12.0,222769.13999999998,18564.094999999998,66487.87,12.0,0.7176607046975102,1.1764974231506877,33419.68999999997,19.0,412118.58999999997,0,576.3,63.52319444444444,7,0.0,1.0,24267.32,37740.45,53766.393999999986,5,29199.386,2.0,21676.26,-0.2576467190097765,-3.0,7,12.0,1.7142857142857142,1
341,6,17706.89,2951.148333333333,4557.91,936.54,1343.7129127520752,6,15.0,198330.02,13222.001333333332,48686.57,15.0,0.4553186627641812,11.200725819158531,180623.13,21.0,216036.90999999997,0,1268.9,73.68881944444445,6,0.0,1.0,3306.27,3698.2925,4373.9,5,2629.796,1.0,4557.91,0.7331800641570677,-4.0,6,15.0,2.5,0
342,10,391124.36,39112.436,57690.78,6190.16,16357.330849563174,10,8.0,71258.25,8907.28125,17388.74,8.0,0.4182130422549793,0.18218821757867498,-319866.11,18.0,462382.61,0,2141.7833333333333,79.87895833333333,10,0.0,1.0,45611.325,49477.76,56655.199499999995,7,38176.06714285714,3.0,41297.29666666667,0.08175880223936383,-4.0,10,8.0,0.8,0
343,20,211310.75,10565.5375,17090.23,265.05,4042.2396733844093,20,13.0,191690.26,14745.404615384616,44149.16,13.0,0.3825872250592466,0.9071486424613987,-19620.48999999999,33.0,403001.01,0,108.61666666666666,81.76113425925926,18,0.0,1.1111111111111112,11117.875,13020.0325,15381.199,14,10549.9,6.0,10602.025,0.00494080512611494,-8.0,20,13.0,0.65,1
344,4,205594.24,51398.56,66418.22,35160.93,12811.24452559027,4,13.0,230105.96,17700.45846153846,53900.43,13.0,0.24925298540640575,1.119223768136695,24511.72,17.0,435700.19999999995,0,18793.45,66.96342592592593,4,0.0,1.0,52007.545,56430.3275,64420.6415,3,51560.06,1.0,50914.06,-0.012529077739630249,-2.0,4,13.0,3.25,0
345,29,274415.7,9462.610344827586,19269.55,443.21,4795.186001482173,29,7.0,86545.89,12363.698571428571,33988.19,7.0,0.506750867545053,0.31538242892079427,-187869.81,36.0,360961.59,0,29.666666666666668,85.28503472222222,23,0.0,1.2608695652173914,10442.57,12353.97,16357.173999999999,21,8373.843809523809,8.0,12320.6225,0.47132222432754334,-13.0,29,7.0,0.2413793103448276,0
346,31,398224.18,12845.94129032258,25150.25,100.0,5999.070063705843,31,11.0,173666.85,15787.895454545454,42557.95,11.0,0.4670012051374709,0.436103227081791,-224557.33,42.0,571891.03,0,30.4,79.20896990740741,26,0.0,1.1923076923076923,12712.32,17287.87,20412.945,22,13665.640454545455,9.0,10842.232222222221,-0.20660636006884803,-13.0,31,11.0,0.3548387096774194,1
347,6,166094.09,27682.34833333333,41714.37,11011.66,12736.061125807173,6,12.0,122340.39,10195.0325,24306.31,12.0,0.4600787827841619,0.7365728064135214,-43753.7,18.0,288434.48,0,1836.1833333333334,64.2159837962963,6,0.0,1.0,30594.545,36958.55,40911.61,5,31016.485999999997,1.0,11011.66,-0.644973966425468,-4.0,6,12.0,2.0,1
348,6,17210.94,2868.49,4038.78,1359.05,1017.4071353592916,6,6.0,145301.08000000002,24216.846666666668,45600.79,6.0,0.35468387038452,8.442367470922566,128090.14000000001,12.0,162512.02000000002,0,445.46666666666664,79.8991550925926,5,0.0,1.2,2771.1949999999997,3696.0899999999997,4013.0825,5,2654.9900000000002,1.0,3935.99,0.48248769298566074,-4.0,6,6.0,1.0,0
349,3,171943.38,57314.46,67825.13,44286.63,11969.432585202196,3,12.0,212641.26,17720.105,54112.43,12.0,0.20883791952680347,1.2366934975920563,40697.880000000005,15.0,384584.64,0,46288.5,74.43090277777777,3,0.0,1.0,59831.62,63828.375,67025.77900000001,3,57314.46,0.0,0.0,-1.0,-3.0,3,12.0,4.0,1
350,7,19737.94,2819.7057142857143,5653.72,148.19,2188.04788449931,7,9.0,129718.37000000001,14413.152222222223,41915.04,9.0,0.7759844842721768,6.572031833109231,109980.43000000001,16.0,149456.31,0,388.9166666666667,52.916180555555556,6,0.0,1.1666666666666667,2708.04,4233.8,5650.402,5,2937.4019999999996,2.0,2525.465,-0.14023855093718854,-3.0,7,9.0,1.2857142857142858,0
351,3,138670.85,46223.61666666667,62012.8,35527.59,13957.856956188994,3,9.0,106499.40999999999,11833.267777777777,68328.59,9.0,0.30196375711670465,0.768001422072483,-32171.440000000017,12.0,245170.26,0,16675.966666666667,35.43369212962963,3,0.0,1.0,41130.46,51571.630000000005,59924.566,3,46223.61666666667,0.0,0.0,-1.0,-3.0,3,9.0,3.0,0
352,5,17518.68,3503.736,5275.12,2604.59,1030.6122188437316,5,19.0,278202.68,14642.246315789473,41067.39,19.0,0.2941466534133084,15.880344866165714,260684.0,24.0,295721.36,0,4956.1,59.99778935185185,5,0.0,1.0,3217.35,3366.94,4893.4839999999995,4,3537.935,1.0,3366.94,-0.04833186590482864,-3.0,5,19.0,3.8,0
353,3,147037.78999999998,49012.59666666666,53480.56,43992.24,4768.218524945489,3,12.0,205591.31,17132.609166666665,47788.22,12.0,0.09728557246974719,1.3982208927378468,58553.52000000002,15.0,352629.1,0,2595.8166666666666,23.844363425925927,3,0.0,1.0,49564.99,51522.774999999994,53089.003,3,49012.59666666666,0.0,0.0,-1.0,-3.0,3,12.0,4.0,0
354,2,167984.25,83992.125,110189.94,57794.31,37049.30527754131,2,15.0,258058.16999999998,17203.878,113597.87,15.0,0.44110451161393177,1.5362045548913066,90073.91999999998,17.0,426042.42,0,129158.86666666667,89.69365740740741,2,0.0,1.0,83992.125,97091.0325,107570.1585,2,83992.125,0.0,0.0,-1.0,-2.0,2,15.0,7.5,1
355,10,33383.380000000005,3338.3380000000006,5317.58,747.86,1539.8056973440946,10,6.0,144814.3,24135.716666666664,60558.04,6.0,0.46124918966985795,4.337916052838268,111430.91999999998,16.0,178197.68,0,407.8,87.15378472222223,9,0.0,1.1111111111111112,3614.07,4365.285,5094.128,7,3546.964285714286,3.0,2851.5433333333335,-0.19606088372014965,-4.0,10,6.0,0.6,0
356,6,26066.129999999997,4344.355,7492.7,1365.35,2497.854549654563,6,9.0,111060.64,12340.07111111111,29755.51,9.0,0.5749655701835056,4.260726084002497,84994.51000000001,15.0,137126.77,0,8394.216666666667,58.869791666666664,6,0.0,1.0,5011.445,5742.4974999999995,7071.73,5,4051.4619999999995,1.0,5808.82,0.4337589739210192,-4.0,6,9.0,1.5,0
357,27,310941.53,11516.352962962965,23355.41,341.28,6466.839259646576,27,10.0,170911.55,17091.155,112537.95,10.0,0.5615353472096748,0.5496581624204395,-140029.98000000004,37.0,481853.08,1,1.9166666666666667,80.88071759259259,24,0.037037037037037035,1.125,10947.34,17921.559999999998,21308.69,19,10868.436842105262,8.0,13055.15375,0.2011988420840067,-11.0,27,10.0,0.37037037037037035,1
358,30,387304.58999999997,12910.152999999998,27357.17,2434.45,6110.319290040613,30,10.0,202832.7,20283.27,67718.4,10.0,0.4732956526573011,0.5237033209443762,-184471.88999999996,40.0,590137.29,0,58.21666666666667,79.32134259259259,26,0.0,1.1538461538461537,12701.02,16384.212499999998,22865.41,21,12330.92142857143,9.0,14261.693333333333,0.15657969405986136,-12.0,30,10.0,0.3333333333333333,0
359,6,16724.07,2787.345,3370.91,2085.34,520.1082101928405,6,8.0,111656.0,13957.0,25636.08,8.0,0.18659628075923165,6.676365262761995,94931.93,14.0,128380.07,0,3383.1666666666665,57.46131944444444,6,0.0,1.0,2798.21,3219.52,3347.245,5,2689.564,1.0,3276.25,0.21813424034527537,-4.0,6,8.0,1.3333333333333333,0
360,3,167171.16999999998,55723.72333333333,69897.69,39025.43,15590.166074065197,3,11.0,145568.63999999998,13233.512727272726,49478.26,11.0,0.2797761014784762,0.8707759836818753,-21602.53,14.0,312739.80999999994,0,8116.55,44.348622685185184,3,0.0,1.0,58248.05,64072.87,68732.726,3,55723.72333333333,0.0,0.0,-1.0,-3.0,3,11.0,3.6666666666666665,0
361,8,155206.83000000002,19400.853750000002,45648.48,100.0,18049.902832837743,8,10.0,68569.94,6856.994000000001,22040.45,10.0,0.9303664192014096,0.4417971812194089,-86636.89000000001,18.0,223776.77000000002,0,2238.3166666666666,70.03802083333333,8,0.0,1.0,19504.699999999997,31023.4,43997.4425,6,17868.165,2.0,23998.92,0.34311049847592057,-4.0,8,10.0,1.25,0
362,6,15110.050000000001,2518.3416666666667,4635.23,156.28,1870.588472020681,6,7.0,121983.45,17426.207142857143,37635.13,7.0,0.7427858168652046,8.073001082061277,106873.4,13.0,137093.5,0,824.5333333333333,64.62903935185186,5,0.0,1.2,2456.0950000000003,4109.3225,4554.53,5,2990.754,1.0,156.28,-0.9477456186633871,-4.0,6,7.0,1.1666666666666667,0
363,7,19222.59,2746.0842857142857,5863.75,1388.24,1555.8659196179378,7,8.0,120021.95999999999,15002.744999999999,42594.29,8.0,0.5665761709179442,6.243797531966296,100799.37,15.0,139244.55,0,4093.233333333333,74.33393518518518,7,0.0,1.0,2008.76,3136.865,5192.202999999999,5,2841.818,2.0,2506.75,-0.11790621355765928,-3.0,7,8.0,1.1428571428571428,0
364,10,31289.469999999998,3128.9469999999997,4439.08,100.0,1463.590718890815,10,4.0,53249.05,13312.2625,18748.23,4.0,0.467758232686848,1.7018201330990907,21959.580000000005,14.0,84538.52,0,26.716666666666665,76.86040509259259,9,0.0,1.1111111111111112,3705.4300000000003,4184.549999999999,4368.0475,7,2781.7328571428566,3.0,3939.1133333333332,0.4160645668107874,-4.0,10,4.0,0.4,0
365,7,228589.23,32655.604285714286,48564.55,14150.94,10896.550703430357,7,9.0,84368.82,9374.313333333334,21347.92,9.0,0.3336808778086899,0.3690848427110936,-144220.41,16.0,312958.05000000005,0,1699.0166666666667,71.15739583333334,7,0.0,1.0,33160.17,37798.255000000005,45585.549999999996,5,32615.52,2.0,32755.815,0.004301479786310267,-3.0,7,9.0,1.2857142857142858,1
366,6,16159.01,2693.1683333333335,4373.02,1593.24,1237.7554327962641,6,11.0,143027.67,13002.515454545455,41548.43,11.0,0.4595908163171868,8.85126440295538,126868.66000000002,17.0,159186.68000000002,0,2654.65,86.16872685185186,6,0.0,1.0,2085.1549999999997,3653.6224999999995,4322.2925000000005,5,2357.198,1.0,4373.02,0.8551772061574805,-4.0,6,11.0,1.8333333333333333,0
367,21,285865.44,13612.64,26597.74,3892.33,6127.52650746531,21,10.0,141979.94,14197.994,63617.45,10.0,0.45013505884716776,0.4966670332727174,-143885.5,31.0,427845.38,0,23.333333333333332,78.90645833333333,16,0.0,1.3125,13369.31,16763.53,21866.2,15,13613.281333333334,6.0,13611.036666666667,-0.00016488799516477576,-9.0,21,10.0,0.47619047619047616,1
368,12,362491.1,30207.591666666664,50128.61,1465.99,15076.939302563931,12,10.0,75299.94,7529.994000000001,24445.62,10.0,0.49911093439471255,0.20772907252067707,-287191.16,22.0,437791.04,0,282.25,69.31851851851852,12,0.0,1.0,30676.1,42051.135,47950.78049999999,9,25459.823333333334,3.0,44450.89666666667,0.7459232173252839,-6.0,12,10.0,0.8333333333333334,1
369,3,8155.950000000001,2718.65,3630.63,1418.79,1155.8101994704841,3,8.0,34379.66,4297.4575,11120.55,8.0,0.4251412279883339,4.215285772963297,26223.710000000003,11.0,42535.61,0,22926.85,77.4127662037037,3,0.0,1.0,3106.53,3368.58,3578.2200000000003,3,2718.65,0.0,0.0,-1.0,-3.0,3,8.0,2.6666666666666665,0
370,13,223041.91999999998,17157.07076923077,32264.25,100.0,8554.54644739223,13,10.0,143878.72,14387.872,40008.84,10.0,0.4986018046118818,0.6450747913217391,-79163.19999999998,23.0,366920.64,0,820.6666666666666,81.62574074074074,13,0.0,1.0,18506.53,19546.61,29206.25999999999,10,15574.246,3.0,22433.153333333332,0.44040060323519564,-7.0,13,10.0,0.7692307692307693,0
371,27,364997.19,13518.414444444445,25308.64,455.87,6150.5972080105485,27,5.0,78707.56999999999,15741.514,45061.84,5.0,0.45497918659671,0.21563883820585028,-286289.62,32.0,443704.76,0,121.63333333333334,75.81686342592593,22,0.0,1.2272727272727273,14393.13,17324.19,22125.989,19,14903.872105263159,8.0,10227.9525,-0.31373857560223584,-11.0,27,5.0,0.18518518518518517,1
372,10,32067.11,3206.7110000000002,5428.89,1813.48,1173.9818820336766,10,6.0,32805.62,5467.6033333333335,12368.11,6.0,0.3661015545316296,1.023030138980407,738.510000000002,16.0,64872.73,0,2520.5,69.55576388888889,10,0.0,1.0,3039.2250000000004,3766.4325,5002.973999999999,7,3395.865714285714,3.0,2765.35,-0.18567156870581286,-4.0,10,6.0,0.6,0
373,9,28060.0,3117.777777777778,3954.32,2068.33,666.7810335630764,9,5.0,46900.619999999995,9380.124,21624.46,5.0,0.21386419465672443,1.6714404846756947,18840.619999999995,14.0,74960.62,0,152.01666666666668,73.56174768518518,8,0.0,1.125,3134.98,3600.2,3938.344,7,3128.3514285714286,2.0,3080.77,-0.015209745342823221,-5.0,9,5.0,0.5555555555555556,0
374,8,26738.15,3342.26875,5456.82,669.69,1873.2547621829422,8,9.0,100054.67,11117.185555555556,27827.56,9.0,0.5604740080171416,3.742019174849419,73316.51999999999,17.0,126792.82,0,119.01666666666667,68.3928125,7,0.0,1.1428571428571428,3641.365,5089.69,5353.251499999999,6,3709.615,2.0,2240.23,-0.3961017517990411,-4.0,8,9.0,1.125,0
375,8,33987.6,4248.45,7034.41,2317.0,1635.8490038771042,8,15.0,172875.97,11525.064666666667,52937.4,14.0,0.3850460765401745,5.086442408407772,138888.37,23.0,206863.57,0,1261.2833333333333,74.83081018518519,8,0.0,1.0,4029.6899999999996,4774.15,6762.8904999999995,6,3449.0916666666667,2.0,6646.525,0.9270363453179701,-4.0,8,14.0,1.75,0
376,7,25018.35,3574.0499999999997,6202.3,1950.08,1566.0506108041343,7,5.0,90088.45,18017.69,42092.45,5.0,0.4381725523717168,3.600894943111756,65070.1,12.0,115106.79999999999,0,2866.5,74.78375,7,0.0,1.0,2777.93,4574.755,5773.239999999999,5,3651.3599999999997,2.0,3380.7749999999996,-0.07410526488760354,-3.0,7,5.0,0.7142857142857143,0
377,7,210504.52000000002,30072.074285714287,63951.7,100.0,19213.904569546205,7,10.0,185696.02,18569.602,59271.25,10.0,0.638928475202449,0.8821474237227779,-24808.50000000003,17.0,396200.54000000004,0,5249.4,66.96899305555556,7,0.0,1.0,29776.97,34851.825,56082.03099999998,5,34537.009999999995,2.0,18909.735,-0.45247909416593957,-3.0,7,10.0,1.4285714285714286,0
378,8,30241.01,3780.12625,6533.53,1911.57,1475.4912570388938,8,12.0,156676.65,13056.387499999999,27958.36,12.0,0.39032856562367296,5.180933110368999,126435.64,20.0,186917.66,0,2831.65,74.65178240740741,8,0.0,1.0,3310.475,4449.365,6049.5464999999995,6,3468.7533333333336,2.0,4714.245,0.3590603156177146,-4.0,8,12.0,1.5,0
379,6,16052.11,2675.351666666667,4104.55,726.6,1247.351408904751,6,15.0,319885.0,21325.666666666668,74721.16,15.0,0.4662382984809165,19.92790978880658,303832.89,21.0,335937.11,0,518.5666666666667,74.00855324074074,5,0.0,1.2,3087.6800000000003,3326.705,3929.375,5,3065.102,1.0,726.6,-0.7629442674338407,-4.0,6,15.0,2.5,0
380,10,329688.43,32968.843,62169.06,9029.37,17081.943109518405,9,8.0,162037.7,20254.7125,60972.39,8.0,0.5181238270787484,0.4914873718801719,-167650.72999999998,18.0,491726.13,0,2818.5666666666666,82.12449074074074,10,0.0,1.0,32532.72,42837.302500000005,57642.38399999999,7,29319.582857142854,3.0,41483.78333333333,0.414883135802426,-4.0,9,8.0,0.8888888888888888,1
381,2,103361.78,51680.89,57232.49,46129.29,7851.1480128704725,2,9.0,85107.49,9456.387777777778,28079.62,9.0,0.1519158825026131,0.8233941985132223,-18254.289999999994,11.0,188469.27000000002,0,40071.583333333336,27.827488425925925,2,0.0,1.0,51680.89,54456.69,56677.329999999994,2,51680.89,0.0,0.0,-1.0,-2.0,2,9.0,4.5,0
382,12,416128.47,34677.3725,57053.11,19429.54,9605.036712413039,12,11.0,124113.09,11283.00818181818,66555.3,11.0,0.27698282828126725,0.29825666578400656,-292015.38,23.0,540241.5599999999,0,527.8666666666667,82.09342592592593,9,0.0,1.3333333333333333,34699.79,37308.8675,49323.97099999999,9,31943.502222222225,3.0,42878.98333333333,0.34233820183635305,-6.0,12,11.0,0.9166666666666666,1
383,21,294254.69,14012.128095238095,26175.71,2420.87,7256.856529074155,21,9.0,46454.03,5161.558888888889,11888.21,9.0,0.5178982435609005,0.15787014303833186,-247800.66,30.0,340708.72,0,18.266666666666666,78.71054398148148,16,0.0,1.3125,12141.06,20511.81,24355.81,15,16421.51,6.0,7988.673333333332,-0.5135238273865599,-9.0,21,9.0,0.42857142857142855,0
384,7,85133.01,12161.858571428571,69476.14,100.0,25333.328379992123,7,8.0,125389.83,15673.72875,71624.89,8.0,2.0830145516990983,1.4728696894424385,40256.82000000001,15.0,210522.84,0,5101.366666666667,126.03306712962963,7,0.0,1.0,3081.02,4697.219999999999,50083.11099999995,5,2705.584,2.0,35802.545,12.2328343899136,-3.0,7,8.0,1.1428571428571428,0
385,6,16846.83,2807.8050000000003,4786.59,1113.73,1461.0409480880405,6,8.0,92094.64,11511.83,24669.9,8.0,0.520349863358759,5.4665857018798185,75247.81,14.0,108941.47,0,5480.4,70.74635416666666,6,0.0,1.0,2478.185,3909.2375,4632.64,5,3003.0080000000003,1.0,1831.79,-0.39001494501513156,-4.0,6,8.0,1.3333333333333333,0
386,13,422098.37,32469.105384615385,61747.7,100.0,17697.469974867694,13,9.0,152570.23,16952.24777777778,61891.21,9.0,0.545055669542813,0.36145657231512174,-269528.14,22.0,574668.6,0,200.6,75.86429398148148,12,0.0,1.0833333333333333,25459.72,43093.16,60348.416,10,32023.003999999997,3.0,33956.11,0.06036616677186199,-7.0,13,9.0,0.6923076923076923,0
387,3,115970.28,38656.76,51592.52,23931.36,13917.14955131258,3,9.0,171282.04,19031.33777777778,60846.19,9.0,0.36001852072735996,1.476947714535138,55311.76000000001,12.0,287252.32,0,27075.316666666666,41.89231481481482,3,0.0,1.0,40446.4,46019.46,50477.907999999996,3,38656.76,0.0,0.0,-1.0,-3.0,3,9.0,3.0,0
388,7,180409.76,25772.82285714286,40109.21,2769.84,13445.412341429217,7,8.0,111441.94,13930.2425,29984.49,8.0,0.5216895493348281,0.6177156934303333,-68967.82,15.0,291851.7,0,7099.666666666667,87.78008101851852,7,0.0,1.0,26354.89,36717.149999999994,39397.106,5,30257.006,2.0,14562.365,-0.5187109722620936,-3.0,7,8.0,1.1428571428571428,1
389,5,17397.97,3479.594,5023.16,1721.66,1343.069722493959,5,8.0,140174.4,17521.8,35597.6,8.0,0.385984606966778,8.056939976330572,122776.43,13.0,157572.37,0,386.8833333333333,35.24319444444444,5,0.0,1.0,3196.63,4605.38,4939.604,4,3198.1475,1.0,4605.38,0.4400148836162185,-3.0,5,8.0,1.6,0
390,8,159607.1,19950.8875,32308.66,12889.45,6028.729414515964,8,16.0,304213.8,19013.3625,56775.0,16.0,0.3021785078240737,1.9060167122891147,144606.69999999998,24.0,463820.9,0,8024.216666666666,76.5481712962963,8,0.0,1.0,19457.325,22005.495,28905.595999999994,6,17868.185,2.0,26198.995000000003,0.4662370576530297,-4.0,8,16.0,2.0,0
391,6,267962.98,44660.496666666666,76630.21,31951.12,16801.42441058932,6,9.0,98988.9,10998.766666666666,43710.45,9.0,0.3762032593589455,0.36941259572497664,-168974.08,15.0,366951.88,0,753.7833333333333,58.94170138888889,6,0.0,1.0,39629.405,46427.72,69380.6625,5,44066.191999999995,1.0,47632.02,0.08091981263096211,-4.0,6,9.0,1.5,0
392,9,28240.46,3137.8288888888887,4942.73,1299.99,1262.729917554071,9,10.0,194657.91,19465.791,72868.56,10.0,0.4024215348470471,6.892873203906736,166417.45,19.0,222898.37,0,1278.35,79.3671875,9,0.0,1.0,3033.39,4064.25,4666.797999999999,7,3033.7771428571427,2.0,3502.0099999999998,0.15433989877776122,-5.0,9,10.0,1.1111111111111112,0
393,3,161469.34,53823.113333333335,73577.65,34879.69,19361.726567381153,3,13.0,296673.52999999997,22821.040769230767,76643.39,13.0,0.3597288482268117,1.837336611396318,135204.18999999997,16.0,458142.87,0,16364.083333333334,55.26756944444445,3,0.0,1.0,53012.0,63294.825,71521.08499999999,3,53823.113333333335,0.0,0.0,-1.0,-3.0,3,13.0,4.333333333333333,1
394,13,390418.75,30032.21153846154,42733.5,9253.78,9816.690640801382,13,13.0,139451.55,10727.042307692307,23442.56,13.0,0.32687205296983807,0.35718456144844474,-250967.2,26.0,529870.3,0,968.6,58.53829861111111,13,0.0,1.0,33825.26,35544.46,40311.27599999999,10,32476.673,3.0,21884.006666666668,-0.326162299116456,-7.0,13,13.0,1.0,1
395,5,18066.67,3613.334,5232.18,2148.05,1109.9731917843783,5,9.0,88122.37,9791.374444444444,25160.44,9.0,0.3071880960310833,4.877621055789473,70055.7,14.0,106189.04,0,3610.633333333333,76.12041666666667,5,0.0,1.0,3608.7,3812.12,4948.168,4,3563.6375,1.0,3812.12,0.06972720990841523,-3.0,5,9.0,1.8,0
396,10,42377.99,4237.799,7016.48,2486.3,1679.190457085067,10,18.0,152857.84,8492.102222222222,26198.39,18.0,0.39624117545099874,3.607010148428465,110479.85,28.0,195235.83,0,198.9,78.97005787037037,10,0.0,1.0,3637.515,5355.045,6909.5464999999995,7,4499.7357142857145,3.0,3626.6133333333332,-0.19403859168448523,-4.0,10,18.0,1.8,0
397,25,310624.95,12424.998,23528.38,2749.64,5523.369004506368,25,11.0,152827.02,13893.365454545454,44946.02,11.0,0.4445368123605628,0.4919985339233052,-157797.93000000002,36.0,463451.97,0,217.35,86.96995370370371,23,0.0,1.0869565217391304,12858.8,15921.97,20738.897999999997,18,10983.390555555556,7.0,16131.988571428572,0.4687621722846578,-11.0,25,11.0,0.44,1
398,6,19674.23,3279.0383333333334,5425.87,815.68,1594.278391391123,6,15.0,163759.12,10917.274666666666,24190.99,15.0,0.48620303556209,8.323533881630945,144084.88999999998,21.0,183433.35,0,3010.7,41.42466435185185,6,0.0,1.0,3555.715,4019.2200000000003,5084.445,5,3291.834,1.0,3215.06,-0.023322561222710467,-4.0,6,15.0,2.5,0
399,3,11955.24,3985.08,7453.61,1806.82,3036.471114748171,3,8.0,102079.09000000001,12759.886250000001,39942.18,7.0,0.7619598890732862,8.538439211592575,90123.85,11.0,114034.33000000002,0,24167.8,57.117210648148145,3,0.0,1.0,2694.81,5074.21,6977.73,3,3985.08,0.0,0.0,-1.0,-3.0,3,7.0,2.3333333333333335,0
400,8,12779.99,1597.49875,3777.92,361.54,1216.7264924664223,8,11.0,115979.78,10543.616363636364,46611.11,11.0,0.7616447227056812,9.075107257517416,103199.79,19.0,128759.77,0,2845.45,78.95923611111111,8,0.0,1.0,1112.255,2153.8675,3515.9624999999996,6,1875.9066666666668,2.0,762.2750000000001,-0.5936498262173668,-4.0,8,11.0,1.375,0
401,5,15911.17,3182.234,4850.17,1989.28,1094.584049321933,5,15.0,202176.13,13478.408666666666,51864.16,15.0,0.3439671781905206,12.70655332071746,186264.96,20.0,218087.30000000002,0,6411.8,54.514965277777776,5,0.0,1.0,3076.59,3501.52,4580.44,4,3480.4725,1.0,1989.28,-0.42844541940785336,-3.0,5,15.0,3.0,0
402,11,206566.86,18778.805454545454,28067.77,7222.46,6191.659268547267,11,20.0,338514.62,16925.731,69995.44,19.0,0.3297152890546912,1.638765385696428,131947.76,31.0,545081.48,0,1801.8333333333333,75.55596064814814,11,0.0,1.0,19835.88,21460.18,26659.79,8,19058.791250000002,3.0,18032.176666666666,-0.053865671220536385,-5.0,11,19.0,1.7272727272727273,0
403,24,256749.28,10697.886666666667,25588.18,100.0,6867.413102789944,24,7.0,68329.43,9761.347142857141,36922.83,7.0,0.6419410970381636,0.2661328982110485,-188419.85,31.0,325078.70999999996,0,76.56666666666666,73.489375,22,0.0,1.0909090909090908,9267.49,15328.0875,23992.005499999985,17,10913.617058823529,7.0,10173.970000000001,-0.06777286163119789,-10.0,24,7.0,0.2916666666666667,0
404,7,27029.92,3861.4171428571426,5443.92,1873.15,1304.8772998985294,7,8.0,97740.86,12217.6075,47276.48,8.0,0.33792704896239817,3.616024760709614,70710.94,15.0,124770.78,0,7229.65,77.2833912037037,7,0.0,1.0,3653.56,4928.5650000000005,5296.880999999999,5,3730.214,2.0,4189.425,0.1231058057258914,-3.0,7,8.0,1.1428571428571428,0
405,9,221814.03,24646.003333333334,43819.85,100.0,14058.543466950088,9,7.0,104309.96,14901.422857142858,41069.39,7.0,0.5704187927271813,0.47025862160297077,-117504.06999999999,16.0,326123.99,0,274.65,61.98891203703704,7,0.0,1.2857142857142858,26484.76,32788.8,42045.085999999996,7,24386.81142857143,2.0,25553.175000000003,0.04782763728029118,-5.0,9,7.0,0.7777777777777778,0
406,10,197283.71,19728.371,32366.68,3564.99,8195.833069020773,9,9.0,102969.44,11441.048888888889,37719.47,9.0,0.41543384747888074,0.5219358455900895,-94314.26999999999,19.0,300253.15,0,1131.45,80.41606481481482,10,0.0,1.0,19034.96,25264.38,30658.070499999998,7,18819.79857142857,3.0,21848.373333333333,0.16092492969093816,-4.0,9,9.0,1.0,0
407,11,19516.14,1774.1945454545455,4836.53,100.0,1346.5262755205606,11,9.0,72188.28,8020.92,32666.34,9.0,0.7589507469574499,3.6989015245842674,52672.14,20.0,91704.42,0,405.15,56.89340277777778,10,0.0,1.1,1510.75,2427.31,3773.64,8,1307.26375,3.0,3019.343333333333,1.3096665331179975,-5.0,11,9.0,0.8181818181818182,0
408,24,342429.97000000003,14267.915416666669,79591.17,100.0,15229.502709661352,23,7.0,237290.79,33898.684285714284,82907.47,7.0,1.0673950794431701,0.6929615126853528,-105139.18000000002,31.0,579720.76,0,215.95,80.44607638888888,19,0.0,1.263157894736842,10996.47,16108.55,24157.567999999992,17,15410.084117647059,7.0,11494.077142857144,-0.2541197663097405,-10.0,23,7.0,0.30434782608695654,1
409,8,21292.23,2661.52875,5809.3,952.9,1487.9616609638217,8,13.0,191187.05,14706.696153846153,47061.88,13.0,0.5590627796013181,8.979193348935269,169894.81999999998,21.0,212479.28,0,675.3,52.64630787037037,8,0.0,1.0,2488.495,3037.02,4927.191499999999,6,2270.69,2.0,3834.045,0.6884933654527918,-4.0,8,13.0,1.625,0
410,4,91530.39,22882.5975,38014.36,100.0,16810.185026608866,4,10.0,158046.33,15804.632999999998,48454.16,10.0,0.734627483903821,1.72670880130632,66515.93999999999,14.0,249576.71999999997,0,7255.566666666667,39.492407407407406,4,0.0,1.0,26708.015,33986.29,37208.746,3,23585.986666666664,1.0,20772.43,-0.11928933507975628,-2.0,4,10.0,2.5,1
411,8,282427.6,35303.45,52937.4,6870.11,14015.159189849703,8,8.0,181967.93,22745.99125,60641.54,8.0,0.39699120595436715,0.6442993885866679,-100459.66999999998,16.0,464395.52999999997,0,1409.8333333333333,69.08460648148149,8,0.0,1.0,39454.065,42466.02,49498.691999999995,6,34460.556666666664,2.0,37832.13,0.09783862071487143,-4.0,8,8.0,1.0,1
412,15,568376.02,37891.73466666667,81677.47,24437.62,14386.333794797296,15,10.0,243349.13999999998,24334.913999999997,85080.7,9.0,0.3796694429894481,0.42814814741832347,-325026.88,25.0,811725.16,0,497.78333333333336,47.019756944444445,12,0.0,1.25,34024.84,42678.66499999999,59248.07699999997,11,34455.744545454545,4.0,47340.707500000004,0.3739568865664017,-7.0,15,9.0,0.6,1
413,12,44455.38,3704.615,6398.93,1739.09,1307.5784203599069,12,9.0,72523.38,8058.153333333334,26913.78,9.0,0.35295932785455625,1.6313746502673019,28068.000000000007,21.0,116978.76000000001,0,355.6,71.79168981481482,12,0.0,1.0,3657.7,4674.2325,5588.669999999999,9,3562.9177777777777,3.0,4129.706666666667,0.15907998001637869,-6.0,12,9.0,0.75,0
414,5,127756.22,25551.244,27903.57,19913.9,3213.673354547719,5,10.0,240758.48,24075.848,69897.69,10.0,0.12577365526890663,1.8845147422176391,113002.26000000001,15.0,368514.7,0,563.1333333333333,57.58668981481482,5,0.0,1.0,26489.15,27151.16,27753.088,4,25364.445,1.0,26298.44,0.03682300164659621,-3.0,5,10.0,2.0,0
415,5,12226.95,2445.3900000000003,4768.93,195.33,2096.8320193925883,5,11.0,95992.17,8726.56090909091,19370.37,11.0,0.8574632346548354,7.850867959711947,83765.22,16.0,108219.12,0,10897.683333333332,56.68899305555556,5,0.0,1.0,2648.13,4184.24,4651.992,4,2010.6775,1.0,4184.24,1.081010007820747,-3.0,5,11.0,2.2,0
416,8,21898.57,2737.32125,4746.24,1939.81,1022.2177895486083,8,13.0,241584.46,18583.42,53509.78,13.0,0.37343727541975874,11.031974233933996,219685.88999999998,21.0,263483.02999999997,0,5175.316666666667,79.68033564814814,8,0.0,1.0,2369.4350000000004,2899.4275000000002,4440.210499999999,6,2897.2466666666664,2.0,2257.545,-0.22079641130544622,-4.0,8,13.0,1.625,0
417,12,37154.11,3096.1758333333332,5189.12,166.08,1581.2863470229106,12,15.0,303946.71,20263.114,86148.62,15.0,0.5107223982562071,8.180702215717185,266792.60000000003,27.0,341100.82,0,319.31666666666666,84.74995370370371,12,0.0,1.0,3126.915,4234.405,5099.3544999999995,9,2988.967777777778,3.0,3417.7999999999997,0.14347167788508172,-6.0,12,15.0,1.25,0
418,23,277022.33,12044.449130434783,21207.2,758.08,5875.286607456937,23,8.0,103861.96,12982.745,29132.23,8.0,0.4878003588068498,0.37492270027473956,-173160.37,31.0,380884.29000000004,0,82.0,76.21013888888889,17,0.0,1.3529411764705883,13472.36,16437.475,19617.045,17,11918.038823529412,6.0,12402.611666666666,0.04065877367177027,-11.0,23,8.0,0.34782608695652173,1
419,6,19190.48,3198.4133333333334,5128.03,1418.54,1361.6476747626996,6,9.0,79870.24,8874.471111111112,30522.27,9.0,0.42572598749881174,4.161971977772312,60679.76000000001,15.0,99060.72,0,2339.8333333333335,51.66253472222222,6,0.0,1.0,3149.51,3994.52,4863.755,5,3554.388,1.0,1418.54,-0.6009045720388433,-4.0,6,9.0,1.5,0
420,13,276369.94,21259.226153846153,79645.03,4890.26,18723.809668255522,13,18.0,249772.05,13876.224999999999,82108.28,18.0,0.8807380632181698,0.9037598300307189,-26597.890000000014,31.0,526141.99,0,2817.1833333333334,126.78564814814816,13,0.0,1.0,18052.72,22354.07,47461.42599999992,10,15399.313,3.0,40792.27,1.648966872742959,-7.0,13,18.0,1.3846153846153846,1
421,10,345227.47000000003,34522.747,92671.22,8902.05,23820.12268865458,10,11.0,250719.29,22792.662727272727,96532.52,11.0,0.6899834097400933,0.7262437430022587,-94508.18000000002,21.0,595946.76,0,1803.6833333333334,86.10037037037037,10,0.0,1.0,30814.160000000003,42322.957500000004,71114.90599999996,7,27793.18857142857,3.0,50225.05000000001,0.8070992419931053,-4.0,10,11.0,1.1,1
422,4,17995.28,4498.82,5529.64,3510.99,858.8913535094727,4,10.0,136661.62,13666.162,29596.35,10.0,0.1909148073293603,7.594303617393005,118666.34,14.0,154656.9,0,3566.0666666666666,85.2642824074074,4,0.0,1.0,4477.325,4961.47,5416.006,3,4155.213333333333,1.0,5529.64,0.3307716250429181,-2.0,4,10.0,2.5,0
423,2,8644.95,4322.475,4676.95,3968.0,501.30335252220306,2,7.0,109037.18,15576.74,48904.57,7.0,0.11597599813121025,12.61281788789987,100392.23,9.0,117682.12999999999,0,14302.116666666667,9.932025462962963,2,0.0,1.0,4322.475,4499.7125,4641.5025,2,4322.475,0.0,0.0,-1.0,-2.0,2,7.0,3.5,0
424,10,34143.33,3414.333,5752.13,1257.09,1312.2690902576178,10,17.0,298576.97,17563.351176470587,76509.43,17.0,0.3843412725875355,8.744811065587333,264433.63999999996,27.0,332720.3,0,304.9166666666667,81.20980324074074,10,0.0,1.0,3432.895,4309.7725,5183.734999999999,7,3255.5014285714283,3.0,3784.94,0.16262888622380325,-4.0,10,17.0,1.7,0
425,2,157428.15,78714.075,102489.67,54938.48,33623.768902489945,2,15.0,236224.26,15748.284000000001,105659.46,15.0,0.42716336185732917,1.5005210948613703,78796.11000000002,17.0,393652.41000000003,0,103618.4,71.95722222222223,2,0.0,1.0,78714.075,90601.8725,100112.1105,2,78714.075,0.0,0.0,-1.0,-2.0,2,15.0,7.5,1
426,23,237764.9,10337.604347826087,21047.37,100.0,5289.429060395173,23,11.0,109034.99,9912.271818181818,41412.61,11.0,0.5116687466867018,0.4585832055109901,-128729.90999999999,34.0,346799.89,0,785.55,84.05931712962963,23,0.0,1.0,11051.92,14030.875,17124.315,17,10660.799411764705,6.0,9421.885,-0.11621214919375587,-11.0,23,11.0,0.4782608695652174,0
427,11,134358.19,12214.380909090909,109108.38,474.72,32162.18509843803,11,11.0,270718.5,24610.772727272728,112482.87,11.0,2.6331408311083853,2.0149013618001255,136360.31,22.0,405076.69,0,202.08333333333334,127.99079861111112,10,0.0,1.1,2282.49,4124.86,56789.985,8,2481.5375,3.0,38168.63,14.38104098769412,-5.0,11,11.0,1.0,1
428,33,386460.09,11710.91181818182,26979.09,2835.64,6251.755292404613,32,6.0,67261.36,11210.226666666667,17795.73,6.0,0.5338401816584791,0.17404477652530692,-319198.73000000004,39.0,453721.45,0,212.56666666666666,86.84391203703704,28,0.0,1.1785714285714286,9618.8,15706.94,21549.117999999995,24,11903.07,9.0,11198.49,-0.05919313252799487,-15.0,32,6.0,0.1875,1
429,7,25788.95,3684.1357142857146,5937.56,762.92,1980.7297173757045,7,8.0,155031.25,19378.90625,58676.91,8.0,0.5376375549074286,6.011537887350977,129242.3,15.0,180820.2,0,1902.5,61.821527777777774,7,0.0,1.0,3977.34,5318.3099999999995,5870.4710000000005,5,3817.6940000000004,2.0,3350.2400000000002,-0.12244407225932726,-3.0,7,8.0,1.1428571428571428,0
430,24,268086.18,11170.2575,18908.64,100.0,5914.978631407797,24,16.0,200796.65,12549.790625,56361.65,16.0,0.5295292996967883,0.7490003774159488,-67289.53,40.0,468882.82999999996,0,131.2,75.73523148148148,17,0.0,1.411764705882353,12366.619999999999,16439.6475,18589.8595,17,11269.107647058823,7.0,10930.192857142858,-0.030074678539823884,-10.0,24,16.0,0.6666666666666666,0
431,11,224587.38,20417.034545454546,42520.94,100.0,15889.680191600059,11,7.0,81133.06,11590.437142857143,36514.19,7.0,0.7782560271534431,0.3612538692067203,-143454.32,18.0,305720.44,0,1224.5666666666666,77.3522800925926,11,0.0,1.0,17047.22,33276.045,41793.925,8,18750.526250000003,3.0,24861.056666666667,0.32588580902718206,-5.0,11,7.0,0.6363636363636364,0
432,22,230147.76,10461.261818181818,23108.9,100.0,5671.697871672944,22,12.0,186989.03000000003,15582.419166666668,79533.32,12.0,0.5421619275234517,0.8124738211660197,-43158.72999999998,34.0,417136.79000000004,0,643.1166666666667,71.34520833333333,22,0.0,1.0,10407.295,12956.795,20146.078999999998,16,10766.571249999999,6.0,9647.103333333334,-0.10397626975873724,-10.0,22,12.0,0.5454545454545454,1
433,11,363781.87,33071.079090909094,47779.56,20801.85,9666.28948018365,11,7.0,125677.4,17953.914285714283,85158.57,7.0,0.29228829980455084,0.34547461092549775,-238104.47,18.0,489459.27,0,1499.8166666666666,68.98884259259259,11,0.0,1.0,32658.67,39904.03999999999,46790.759999999995,8,34005.87125,3.0,30578.3,-0.10079351370831287,-5.0,11,7.0,0.6363636363636364,1
434,29,372853.27,12857.009310344829,27282.47,4596.3,5650.022758812525,29,12.0,149910.71000000002,12492.559166666668,40158.58,12.0,0.43945077913776437,0.40206355170225544,-222942.56,41.0,522763.98000000004,1,2.316666666666667,88.72693287037038,24,0.034482758620689655,1.2083333333333333,12752.84,16619.69,20891.221999999994,21,12335.125714285716,8.0,14226.95375,0.15336917349154347,-13.0,29,12.0,0.41379310344827586,0
435,2,5879.96,2939.98,3453.87,2426.09,726.7502075679096,2,7.0,83832.02,11976.002857142857,35125.93,7.0,0.2471956297552737,14.257243246552699,77952.06,9.0,89711.98000000001,0,19155.05,13.302118055555555,2,0.0,1.0,2939.98,3196.925,3402.4809999999998,2,2939.98,0.0,0.0,-1.0,-2.0,2,7.0,3.5,0
436,7,20824.64,2974.9485714285715,4006.09,2019.31,844.8829686102206,7,9.0,133375.24,14819.47111111111,45945.48,9.0,0.28399918463279766,6.404684066567297,112550.59999999999,16.0,154199.88,0,3733.4166666666665,57.300671296296294,7,0.0,1.0,2841.49,3724.4700000000003,3996.463,5,2919.452,2.0,3113.69,0.06653234922170319,-3.0,7,9.0,1.2857142857142858,0
437,8,24232.079999999998,3029.0099999999998,5561.69,1204.81,1597.8012425115423,8,12.0,169882.86000000002,14156.905,49178.79,12.0,0.5274994940629256,7.010659423375956,145650.78000000003,20.0,194114.94,0,2026.15,61.502858796296294,8,0.0,1.0,3020.745,4063.7775,5220.033999999999,6,2638.236666666666,2.0,4201.33,0.5924765405175935,-4.0,8,12.0,1.5,0
438,6,12611.86,2101.976666666667,4024.86,883.52,1301.7052628712333,6,8.0,131413.68,16426.71,47779.56,8.0,0.6192767424652191,10.41984925300471,118801.81999999999,14.0,144025.53999999998,0,9373.133333333333,59.07193287037037,6,0.0,1.0,1852.75,2935.4175,3791.3175,5,2028.452,1.0,2469.6,0.21748012770329292,-4.0,6,8.0,1.3333333333333333,0
439,12,410251.05,34187.5875,49151.03,15814.01,11691.250478414986,12,7.0,93393.91,13341.987142857144,44775.54,7.0,0.3419735445917319,0.2276506300227629,-316857.14,19.0,503644.95999999996,0,793.7,84.2788425925926,11,0.0,1.0909090909090908,34815.43,44364.0125,49078.485,9,34168.636666666665,3.0,34244.44,0.002218506230518911,-6.0,12,7.0,0.5833333333333334,1
440,4,194813.05,48703.2625,59027.55,43481.75,7309.648788441093,4,8.0,63205.15,7900.64375,41308.67,8.0,0.15008540317891625,0.32444002083022677,-131607.9,12.0,258018.19999999998,0,11195.316666666668,68.37212962962963,4,0.0,1.0,46151.875,51313.47,57484.734,3,45261.833333333336,1.0,59027.55,0.3041351985300345,-2.0,4,8.0,2.0,0
441,16,269947.83999999997,16871.739999999998,25399.77,5216.07,5437.672024379551,16,10.0,112279.38,11227.938,21801.57,10.0,0.3222946788167404,0.41592990705167343,-157668.45999999996,26.0,382227.22,0,38.95,85.51859953703703,15,0.0,1.0666666666666667,17582.73,19813.8425,24677.5275,12,17996.479166666668,4.0,13497.5225,-0.2499909357270115,-8.0,16,10.0,0.625,0
442,5,24841.39,4968.278,6823.17,3149.94,1705.629377112742,5,14.0,295932.78,21138.055714285718,65223.18,14.0,0.34330393289440364,11.912891347867411,271091.39,19.0,320774.17000000004,0,1075.45,29.97277777777778,5,0.0,1.0,4072.53,6761.37,6810.81,4,5201.7525,1.0,4034.38,-0.22441907799342617,-3.0,5,14.0,2.8,0
443,13,457039.06,35156.85076923077,61825.81,18838.53,12734.367610077501,13,9.0,122500.85,13611.205555555556,31417.76,9.0,0.362215822277876,0.2680314675949141,-334538.20999999996,22.0,579539.91,0,2378.2,72.50373842592593,13,0.0,1.0,31744.21,45361.04,55280.859999999986,10,33372.488,3.0,41104.72666666666,0.23169500178310545,-7.0,13,9.0,0.6923076923076923,1
444,8,23088.61,2886.07625,3328.93,2535.04,362.47325016327545,8,14.0,249582.41,17827.315,42829.42,14.0,0.12559378850897493,10.80976334218474,226493.8,22.0,272671.02,0,1644.7,58.61498842592592,8,0.0,1.0,2756.285,3294.5975,3318.948,6,2868.918333333333,2.0,2937.55,0.023922488789329007,-4.0,8,14.0,1.75,0
445,8,20986.61,2623.32625,4862.89,100.0,1468.1751106043905,8,10.0,120334.28,12033.428,25815.46,10.0,0.5596616549711995,5.733859827766371,99347.67,18.0,141320.89,0,743.4166666666666,73.45310185185186,7,0.0,1.1428571428571428,2549.915,3574.87,4478.715999999999,6,2059.745,2.0,4314.07,1.0944680045345418,-4.0,8,10.0,1.25,0
446,8,279781.5,34972.6875,41207.53,27493.74,4954.798381078257,8,5.0,91240.82,18248.164,45170.12,5.0,0.14167622608580646,0.3261145572527133,-188540.68,13.0,371022.32,0,1352.3333333333333,61.88596064814815,8,0.0,1.0,35664.875,38749.765,40563.964,6,34740.88166666667,2.0,35668.104999999996,0.02668968917455495,-4.0,8,5.0,0.625,1
447,11,314681.08,28607.37090909091,50112.79,6369.92,18550.37071791098,11,9.0,76953.84,8550.426666666666,28984.51,9.0,0.6484472402885512,0.2445454934882008,-237727.24000000002,20.0,391634.92000000004,0,105.73333333333333,86.01814814814814,10,0.0,1.1,42396.55,43054.875,48203.625,8,30883.61875,3.0,22537.376666666667,-0.27024819050174725,-5.0,11,9.0,0.8181818181818182,0
448,3,152824.19,50941.39666666667,51864.16,50127.86,873.288194717721,3,11.0,177208.22,16109.838181818182,73918.54,11.0,0.017142996695439137,1.1595560886008949,24384.03,14.0,330032.41000000003,0,4775.716666666666,10.163078703703704,3,0.0,1.0,50832.17,51348.165,51760.961,3,50941.39666666667,0.0,0.0,-1.0,-3.0,3,11.0,3.6666666666666665,0
449,8,24364.260000000002,3045.5325000000003,5232.26,1118.94,1431.4662434196623,7,13.0,293383.58999999997,22567.968461538458,59243.56,13.0,0.47002166071767815,12.041555540779813,269019.32999999996,21.0,317747.85,0,440.6666666666667,79.7178125,7,0.0,1.1428571428571428,3111.795,4028.5925,4900.3025,6,2531.4133333333334,2.0,4587.89,0.8123828059160628,-4.0,7,13.0,1.8571428571428572,0
450,5,246420.46,49284.092,56988.9,30992.45,10628.807419885828,5,13.0,192473.91,14805.685384615384,54032.08,13.0,0.21566406092833829,0.7810792577856563,-53946.54999999999,18.0,438894.37,0,3299.133333333333,50.80331018518518,5,0.0,1.0,54481.51,54842.53,56559.626000000004,4,53857.0025,1.0,30992.45,-0.42454186899837215,-3.0,5,13.0,2.6,0
451,10,22746.55,2274.6549999999997,3946.83,545.44,1032.0603261572348,10,11.0,87981.88,7998.352727272728,26182.39,11.0,0.45372169676598645,3.867921948603195,65235.33,21.0,110728.43000000001,0,450.03333333333336,67.74993055555555,10,0.0,1.0,2430.675,2869.3725,3700.580999999999,7,2413.1114285714284,3.0,1951.5900000000001,-0.1912557468780672,-4.0,10,11.0,1.1,0
452,12,212239.99,17686.665833333333,35139.31,5877.81,8289.363138528202,12,11.0,101357.59,9214.326363636363,26725.88,11.0,0.46867867672976443,0.4775612267980224,-110882.4,23.0,313597.57999999996,0,81.38333333333334,83.15409722222222,10,0.0,1.2,17893.295,22097.747499999998,29917.334999999992,9,14343.67888888889,3.0,27715.626666666667,0.9322537043224072,-6.0,12,11.0,0.9166666666666666,0
453,10,482370.99,48237.099,105835.13,21840.9,24560.413369733127,10,11.0,260088.59000000003,23644.417272727274,109108.38,11.0,0.5091602496603936,0.5391878769492336,-222282.39999999997,21.0,742459.5800000001,0,735.3,126.80106481481481,10,0.0,1.0,41753.47,57763.707500000004,86795.13499999995,7,39868.79285714286,3.0,67763.14666666667,0.6996538347542741,-4.0,10,11.0,1.1,1
454,5,17795.0,3559.0,5079.11,1295.15,1632.0603214955013,5,6.0,32544.09,5424.015,19948.43,6.0,0.4585727230951113,1.828833380162967,14749.09,11.0,50339.09,0,9060.5,40.81261574074074,5,0.0,1.0,4385.83,4642.54,4991.795999999999,4,3178.9725,1.0,5079.11,0.597720647158791,-3.0,5,6.0,1.2,0
455,8,25102.53,3137.81625,4940.74,1339.06,1247.7755556525094,8,12.0,114035.89,9502.990833333333,30246.5,11.0,0.39765730566680235,4.5428046495711785,88933.36,20.0,139138.41999999998,0,2128.3166666666666,88.12862268518519,8,0.0,1.0,3384.965,3764.7125,4764.049499999999,6,3025.941666666667,2.0,3473.44,0.14788729679190762,-4.0,8,11.0,1.375,0
456,2,4303.200000000001,2151.6000000000004,2418.28,1884.92,377.1424728136569,2,7.0,125567.09,17938.155714285713,52952.87,7.0,0.1752846592366875,29.179933537832305,121263.89,9.0,129870.29,0,12319.15,8.554965277777777,2,0.0,1.0,2151.6000000000004,2284.94,2391.612,2,2151.6000000000004,0.0,0.0,-1.0,-2.0,2,7.0,3.5,0
457,10,274351.35,27435.135,56616.7,3102.7,16743.821154576694,10,9.0,159401.16,17711.24,63579.21,9.0,0.6103057686640395,0.581011028376569,-114950.18999999997,19.0,433752.51,0,171.41666666666666,65.51796296296297,8,0.0,1.25,28382.190000000002,37204.024999999994,51468.857499999984,7,29522.79857142857,3.0,22563.920000000002,-0.23571202284878232,-4.0,10,9.0,0.9,1
458,10,32136.9,3213.69,5080.64,1542.09,1165.0490013156816,10,8.0,122794.78,15349.3475,86804.66,8.0,0.36252687761286295,3.8209902012950843,90657.88,18.0,154931.68,0,574.9666666666667,83.83886574074074,10,0.0,1.0,3438.71,3882.7975,4834.5485,7,3247.131428571429,3.0,3135.66,-0.03432920133462867,-4.0,10,8.0,0.8,0
459,17,203797.37,11988.080588235294,19051.95,2438.54,4385.425625646943,17,4.0,66623.27,16655.8175,41723.95,4.0,0.36581549426274756,0.3269093708127833,-137174.09999999998,21.0,270420.64,0,584.7,78.44711805555555,15,0.0,1.1333333333333333,11866.1,14645.29,18111.454,12,11056.818333333335,5.0,14223.11,0.2863655322183551,-7.0,17,4.0,0.23529411764705882,1
460,2,124881.20000000001,62440.600000000006,69995.44,54885.76,10684.157189558757,2,5.0,81524.87,16304.973999999998,46945.71,5.0,0.171109137156894,0.6528193995573391,-43356.330000000016,7.0,206406.07,0,51250.75,35.59079861111111,2,0.0,1.0,62440.600000000006,66218.02,69239.956,2,62440.600000000006,0.0,0.0,-1.0,-2.0,2,5.0,2.5,0
461,4,210826.90999999997,52706.72749999999,70757.18,40205.1,13467.898604893475,4,11.0,196607.85,17873.44090909091,51532.35,11.0,0.25552522882194645,0.9325557633985151,-14219.059999999969,15.0,407434.76,0,994.1833333333333,43.545,4,0.0,1.0,49932.315,58760.674999999996,68357.87899999999,3,46689.909999999996,1.0,70757.18,0.5154704731707557,-2.0,4,11.0,2.75,0
462,7,22601.78,3228.825714285714,5878.02,405.14,1721.1215740891862,7,13.0,166810.4,12831.56923076923,43030.77,13.0,0.5330487695493145,7.380409861524181,144208.62,20.0,189412.18,0,3158.15,78.14452546296296,7,0.0,1.0,3154.73,4004.915,5400.749999999999,5,2487.328,2.0,5082.57,1.0433855124856874,-3.0,7,13.0,1.8571428571428572,0
463,16,439349.25,27459.328125,57624.72,100.0,17281.14771261493,16,9.0,191460.59,21273.39888888889,61947.9,9.0,0.629336145223507,0.4357822165395753,-247888.66,25.0,630809.84,0,10.583333333333334,78.55833333333334,14,0.0,1.1428571428571428,26868.96,42105.015,50045.0175,12,26868.965833333332,4.0,29230.415,0.08788760912178771,-8.0,16,9.0,0.5625,1
464,8,32129.29,4016.16125,5927.03,3081.49,906.5927436827488,8,8.0,139279.61,17409.95125,46612.7,8.0,0.22573614136702028,4.334973166229319,107150.31999999998,16.0,171408.9,0,660.9333333333333,75.83261574074074,8,0.0,1.0,3819.51,4353.12,5379.006999999999,6,3902.9383333333335,2.0,4355.83,0.11603864268074944,-4.0,8,8.0,1.0,0
465,2,132768.86000000002,66384.43000000001,70820.96,61947.9,6274.2008958751085,2,9.0,245053.34,27228.14888888889,73011.29,9.0,0.0945131395400263,1.8457139723878022,112284.47999999998,11.0,377822.2,0,171137.81666666668,118.84570601851851,2,0.0,1.0,66384.43000000001,68602.695,70377.307,2,66384.43000000001,0.0,0.0,-1.0,-2.0,2,9.0,4.5,1
466,7,243814.25,34830.607142857145,57767.79,20467.64,15529.111757268147,7,9.0,127089.82,14121.091111111113,35409.9,9.0,0.44584671445937646,0.5212567354041038,-116724.43,16.0,370904.07,0,2356.6666666666665,47.88585648148148,7,0.0,1.0,26334.85,45814.455,56823.998999999996,5,36359.628000000004,2.0,31008.055,-0.14718448164541187,-3.0,7,9.0,1.2857142857142858,1
467,6,356749.55,59458.25833333333,76072.6,41480.87,11661.36448653144,6,11.0,158736.11000000002,14430.555454545456,35456.62,11.0,0.19612691009473912,0.444951114864756,-198013.43999999997,17.0,515485.66000000003,0,2131.6833333333334,56.803715277777776,6,0.0,1.0,60892.39,63997.9525,73257.6425,5,59039.21,1.0,61553.5,0.04258678258059349,-4.0,6,11.0,1.8333333333333333,0
468,6,106745.45999999999,17790.91,36922.83,100.0,12258.415716917092,6,11.0,143924.48,13084.043636363638,43170.73,11.0,0.6890269085121049,1.3482960305759142,37179.02000000002,17.0,250669.94,0,1197.5333333333333,73.34143518518519,6,0.0,1.0,17032.42,22341.9625,33542.3425,5,21329.091999999997,1.0,100.0,-0.9953115678810893,-4.0,6,11.0,1.8333333333333333,0
469,8,25219.879999999997,3152.4849999999997,6164.0,100.0,1946.7350002504193,8,9.0,144037.82,16004.202222222222,36815.68,9.0,0.6175239534051453,5.711280941860153,118817.94,17.0,169257.7,0,1232.8166666666666,81.0811574074074,8,0.0,1.0,2928.175,4320.4875,5766.599499999999,6,3295.403333333333,2.0,2723.73,-0.17347598321298047,-4.0,8,9.0,1.125,0
470,6,13393.41,2232.235,3207.54,1464.18,684.2181742909202,6,9.0,79538.11,8837.567777777778,17497.8,9.0,0.30651708905689595,5.938600401242104,66144.7,15.0,92931.52,0,7289.1,69.03512731481482,6,0.0,1.0,1973.525,2713.935,3140.4875,5,2037.1739999999998,1.0,3207.54,0.5745046814852341,-4.0,6,9.0,1.5,0
471,9,95747.94000000002,10638.660000000002,72005.74,100.0,23066.103339376594,9,10.0,196326.72999999998,19632.673,75005.98,10.0,2.168139910418849,2.050453826996173,100578.78999999996,19.0,292074.67,0,1305.9,68.14625,9,0.0,1.0,3636.68,4653.74,45124.88799999998,7,12681.401428571427,2.0,3489.0649999999996,-0.7248675535072114,-5.0,9,10.0,1.1111111111111112,0
472,5,13312.63,2662.526,3869.7,1694.62,884.2149561220959,5,10.0,157957.66999999998,15795.766999999998,42508.64,10.0,0.33209627103062883,11.865249015408676,144645.03999999998,15.0,171270.3,0,4049.633333333333,25.380057870370372,5,0.0,1.0,2661.45,3137.09,3723.178,4,2840.715,1.0,1949.77,-0.31363406747949024,-3.0,5,10.0,2.0,0
473,6,19434.72,3239.1200000000003,5912.88,347.72,1920.9772251122604,6,8.0,111564.49,13945.56125,45389.8,8.0,0.5930552820248278,5.740473235528992,92129.77,14.0,130999.21,0,1852.6833333333334,71.42686342592593,6,0.0,1.0,3199.5150000000003,4285.715,5554.547500000001,5,3347.9800000000005,1.0,2694.82,-0.19509077115156012,-4.0,6,8.0,1.3333333333333333,0
474,9,30871.53,3430.17,5305.94,2326.69,974.8957948032189,9,10.0,82279.42,8227.942,21100.06,10.0,0.28421209292927724,2.6652200263479005,51407.89,19.0,113150.95,0,26.15,70.49765046296297,8,0.0,1.125,3473.1,3704.32,4927.672,7,3581.6771428571433,2.0,2899.895,-0.19035276370926002,-5.0,9,10.0,1.1111111111111112,0
475,3,7696.22,2565.4066666666668,2836.94,2048.67,447.700685987115,3,7.0,64636.74,9233.82,42922.11,7.0,0.1745145094554658,8.398504720499153,56940.52,10.0,72332.95999999999,0,18408.15,45.32391203703704,3,0.0,1.0,2810.61,2823.775,2834.3070000000002,3,2565.4066666666668,0.0,0.0,-1.0,-3.0,3,7.0,2.3333333333333335,0
476,12,37238.34,3103.1949999999997,5026.36,657.1,1467.6486646178455,12,10.0,84746.97,8474.697,31920.15,10.0,0.4729476119347465,2.2757988138031933,47508.630000000005,22.0,121985.31,0,48.9,72.51414351851852,11,0.0,1.0909090909090908,3098.2650000000003,4126.3099999999995,4971.3875,9,3164.6099999999997,3.0,2918.9500000000003,-0.07762725896713953,-6.0,12,10.0,0.8333333333333334,0
477,6,15695.61,2615.935,4467.1,1162.61,1165.393559373828,6,11.0,130078.3,11825.300000000001,42058.68,11.0,0.4454979039516762,8.287559387624947,114382.69,17.0,145773.91,0,4923.833333333333,52.22787037037037,6,0.0,1.0,2625.01,3064.42,4136.7425,5,2653.252,1.0,2429.35,-0.08438776263996034,-4.0,6,11.0,1.8333333333333333,0
478,6,260017.33000000002,43336.22166666667,56365.98,18372.04,16113.044431050786,6,13.0,202593.79,15584.137692307693,65269.83,13.0,0.37181470399032523,0.7791549509411546,-57423.54000000001,19.0,462611.12,0,2039.55,72.6324537037037,6,0.0,1.0,51520.645000000004,54119.4775,55892.5475,5,42007.44,1.0,49980.13,0.18979233202499354,-4.0,6,13.0,2.1666666666666665,0
479,4,186298.8,46574.7,85112.48,20477.64,27468.2988242046,4,14.0,267473.87,19105.27642857143,87744.82,14.0,0.5897686689169142,1.4357251361790844,81175.07,18.0,453772.67,0,29509.433333333334,106.94342592592592,4,0.0,1.0,40354.34,53910.807499999995,78872.14549999998,3,33728.77333333334,1.0,85112.48,1.5234383462112264,-2.0,4,14.0,3.5,1
480,4,11736.5,2934.125,4170.23,2170.1,879.9201357888488,4,8.0,79535.56999999999,9941.946249999999,21402.1,8.0,0.2998918368470494,6.776770757892046,67799.06999999999,12.0,91272.06999999999,0,3938.133333333333,45.117094907407406,4,0.0,1.0,2698.085,3233.54,3982.8919999999994,3,3087.213333333333,1.0,2474.86,-0.19835147986749638,-2.0,4,8.0,2.0,0
481,8,22045.03,2755.62875,4531.78,100.0,1502.3193680100826,8,12.0,177994.05000000002,14832.837500000001,52906.73,12.0,0.5451820634438085,8.074112396308829,155949.02000000002,20.0,200039.08000000002,0,745.5166666666667,74.93715277777778,7,0.0,1.1428571428571428,3216.76,3766.48,4330.8835,6,2397.4216666666666,2.0,3830.25,0.5976538684267056,-4.0,8,12.0,1.5,0
482,7,20066.95,2866.707142857143,5044.79,1453.39,1334.6516189467359,7,8.0,81548.0,10193.5,37764.42,8.0,0.4655695724874558,4.0637964414123715,61481.05,15.0,101614.95,0,2111.983333333333,62.69505787037037,7,0.0,1.0,2134.1,3720.705,4786.456999999999,5,2949.742,2.0,2659.12,-0.09852454892665198,-3.0,7,8.0,1.1428571428571428,0
483,6,321535.54,53589.25666666666,72634.82,38238.17,10981.505411730524,6,15.0,244144.40999999997,16276.293999999998,66418.22,15.0,0.20491990549593103,0.7593076958149012,-77391.13,21.0,565679.95,0,5536.733333333334,85.07769675925925,6,0.0,1.0,52659.375,53272.2575,67824.64,5,53917.16799999999,1.0,51949.7,-0.036490566418473494,-4.0,6,15.0,2.5,0
484,10,27766.92,2776.692,4609.91,743.6,1099.7781361589862,10,8.0,99979.21999999999,12497.402499999998,37007.09,8.0,0.39607494679243727,3.600659345725057,72212.29999999999,18.0,127746.13999999998,0,1056.75,84.36481481481482,8,0.0,1.25,2927.175,3407.3275,4155.630499999999,7,2797.868571428571,3.0,2727.28,-0.02522940932587443,-4.0,10,8.0,0.8,0
485,6,179627.57,29937.928333333333,91962.36,2381.49,41711.51874365421,6,11.0,355184.16000000003,32289.469090909093,95794.13,10.0,1.3932667043367857,1.9773365525125126,175556.59000000003,17.0,534811.73,0,3340.55,116.04858796296297,6,0.0,1.0,3993.2999999999997,57028.5775,87638.8425,5,20991.856,1.0,74668.29,2.5570123003892555,-4.0,6,10.0,1.6666666666666667,1
486,8,24799.93,3099.99125,5414.11,1709.88,1405.7633993206832,8,10.0,170516.97,17051.697,49899.84,10.0,0.4534733442620792,6.875703681421681,145717.04,18.0,195316.9,0,921.6666666666666,74.65393518518519,8,0.0,1.0,2548.7799999999997,4135.9025,5146.142999999999,6,3073.593333333333,2.0,3179.185,0.03435446892779152,-4.0,8,10.0,1.25,0
487,3,9334.83,3111.61,4739.11,1939.99,1454.1795365084736,3,4.0,32717.03,8179.2575,23064.17,4.0,0.46733990972791367,3.5048340462547256,23382.199999999997,7.0,42051.86,0,20327.45,45.288090277777776,3,0.0,1.0,2655.73,3697.42,4530.772,3,3111.61,0.0,0.0,-1.0,-3.0,3,4.0,1.3333333333333333,0
488,11,32646.17,2967.8336363636363,5322.61,1726.43,968.7794474107377,10,12.0,148143.84,12345.32,60370.69,12.0,0.32642646661210534,4.537862787579677,115497.67,23.0,180790.01,1,9.15,81.6698263888889,9,0.09090909090909091,1.2222222222222223,2594.08,3329.005,4524.53,8,2990.60625,3.0,2907.1066666666666,-0.027920620888601852,-5.0,10,12.0,1.2,0
489,3,164362.19,54787.39666666667,67833.03,47350.37,11334.777974223107,3,9.0,67248.01,7472.001111111111,17937.67,9.0,0.20688659552826183,0.40914525414877956,-97114.18000000001,12.0,231610.2,0,4305.616666666667,8.920300925925925,3,0.0,1.0,49178.79,58505.91,65967.606,3,54787.39666666667,0.0,0.0,-1.0,-3.0,3,9.0,3.0,1
490,9,404347.85,44927.538888888885,63617.45,28300.67,13082.005700222773,9,8.0,49545.25,6193.15625,15658.87,8.0,0.2911801096555972,0.12253125619438808,-354802.6,17.0,453893.1,0,105.36666666666666,78.62605324074075,8,0.0,1.125,38118.94,55982.82,62508.945999999996,7,47545.64571428572,2.0,35764.165,-0.2477930531238072,-5.0,9,8.0,0.8888888888888888,0
491,10,332125.83,33212.583,43617.41,26481.24,6234.176879187911,10,11.0,106909.47,9719.042727272727,20977.43,11.0,0.18770527059542197,0.321894475958103,-225216.36000000002,21.0,439035.30000000005,0,1175.35,72.3121875,9,0.0,1.1111111111111112,32583.9,36835.287500000006,42794.8235,7,33868.434285714284,3.0,31682.263333333336,-0.0645489228683676,-4.0,10,11.0,1.1,1
492,3,151467.26,50489.08666666667,79533.32,24849.7,27500.35108309953,3,12.0,166254.44,13854.536666666667,46129.29,11.0,0.5446791157990089,1.0976262460943704,14787.179999999993,15.0,317721.7,0,7918.116666666667,66.3380787037037,3,0.0,1.0,47084.24,63308.78,76288.412,3,50489.08666666667,0.0,0.0,-1.0,-3.0,3,11.0,3.6666666666666665,1
493,10,325909.23,32590.923,59147.76,5040.8,15037.557278299373,10,8.0,127666.12,15958.265,56434.77,8.0,0.46140323421645263,0.39172293463428454,-198243.11,18.0,453575.35,0,38.6,72.4120138888889,8,0.0,1.25,33335.265,38184.2275,53806.457999999984,7,26271.975714285712,3.0,47335.13333333333,0.8017348161445759,-4.0,10,8.0,0.8,1
494,9,24177.81,2686.4233333333336,3947.4,1402.21,914.5409888299159,9,4.0,36928.020000000004,9232.005000000001,11469.3,4.0,0.34043070482683263,1.5273517328492532,12750.210000000003,13.0,61105.83,0,259.78333333333336,60.95501157407407,8,0.0,1.125,2499.21,3421.86,3797.12,7,2379.815714285714,2.0,3759.55,0.579765179896883,-5.0,9,4.0,0.4444444444444444,0
495,23,299122.08,13005.307826086957,23000.94,100.0,6134.459083040624,22,10.0,165901.83,16590.182999999997,73577.65,10.0,0.4716888800383253,0.554629166793705,-133220.25000000003,33.0,465023.91000000003,0,37.1,79.10430555555556,18,0.0,1.2777777777777777,13864.36,16324.29,22215.716,17,12043.101764705883,6.0,15731.558333333334,0.3062713112195918,-11.0,22,10.0,0.45454545454545453,1
496,3,7336.15,2445.383333333333,4011.95,100.0,2068.9984898093408,3,12.0,107193.64,8932.803333333333,25523.7,12.0,0.8460835001230922,14.611702323425776,99857.49,15.0,114529.79,0,21777.95,50.569456018518515,3,0.0,1.0,3224.2,3618.075,3933.1749999999997,3,2445.383333333333,0.0,0.0,-1.0,-3.0,3,12.0,4.0,0
497,9,36335.64,4037.293333333333,6782.33,790.97,1673.54682649605,9,9.0,204471.26,22719.02888888889,54938.48,9.0,0.41452198003019763,5.627292102189476,168135.62,18.0,240806.90000000002,0,539.45,73.07456018518519,9,0.0,1.0,3573.94,5006.35,6120.189999999999,7,4229.2185714285715,2.0,3365.5550000000003,-0.20421351056747053,-5.0,9,9.0,1.0,0
498,3,157724.63,52574.87666666667,79532.35,22447.95,28673.877600773383,3,12.0,153529.02,12794.085,35378.27,12.0,0.5453912480398283,0.9733991450796238,-4195.610000000015,15.0,311253.65,0,12315.633333333333,40.185636574074074,3,0.0,1.0,55744.33,67638.34,77153.54800000001,3,52574.87666666667,0.0,0.0,-1.0,-3.0,3,12.0,4.0,0
499,4,123739.9,30934.975,116018.51,1563.51,56730.54053784052,4,8.0,178220.53,22277.56625,119606.71,8.0,1.8338641145771257,1.440283449396678,54480.630000000005,12.0,301960.43,0,14901.933333333332,84.56912037037037,4,0.0,1.0,3078.9399999999996,31907.809999999998,99196.36999999995,3,2573.7966666666666,1.0,116018.51,44.07679705338028,-2.0,4,8.0,2.0,1
500,11,29219.13,2656.2845454545454,5845.27,100.0,1746.9197564877654,11,9.0,92294.77,10254.974444444444,29633.99,9.0,0.6576553552883135,3.158710406504232,63075.64,20.0,121513.90000000001,0,271.96666666666664,64.03989583333333,10,0.0,1.1,3126.39,3803.255,4865.735000000001,8,2916.7799999999997,3.0,1961.63,-0.32746727555729255,-5.0,11,9.0,0.8181818181818182,0
501,12,451162.08,37596.840000000004,50110.79,20903.03,9572.797882776535,12,13.0,126701.11,9746.239230769232,37820.57,13.0,0.2546170870417975,0.2808327996005338,-324460.97000000003,25.0,577863.1900000001,0,2471.75,72.25836805555555,12,0.0,1.0,35895.100000000006,45333.020000000004,50008.5725,9,33913.24333333333,3.0,48647.630000000005,0.4344729438538909,-6.0,12,13.0,1.0833333333333333,1
502,5,83385.33,16677.066,26638.68,9933.63,6115.832111309956,5,7.0,150770.1,21538.585714285717,42682.17,7.0,0.3667211073764388,1.8081130098064013,67384.77,12.0,234155.43,0,8865.016666666666,66.74273148148148,5,0.0,1.0,15410.18,16537.23,24618.39,4,16993.7875,1.0,15410.18,-0.0931874368795066,-3.0,5,7.0,1.4,0
503,13,201955.19,15535.014615384616,31529.67,2737.4,7929.228815206027,13,14.0,168920.84,12065.774285714286,23724.96,14.0,0.5104101290869443,0.8364273282602938,-33034.350000000006,27.0,370876.03,0,815.3,81.54015046296297,13,0.0,1.0,14737.25,18740.16,28101.14399999999,10,14969.342999999999,3.0,17420.586666666666,0.16375091857182159,-7.0,13,14.0,1.0769230769230769,0
504,8,25612.25,3201.53125,4597.09,1771.82,1181.0209179765677,8,7.0,121544.4,17363.485714285714,48530.35,7.0,0.3688925160348092,4.745557301681812,95932.15,15.0,147156.65,0,923.3833333333333,85.02819444444444,7,0.0,1.1428571428571428,3442.54,4236.7825,4501.9495,6,3272.19,2.0,2989.555,-0.08637487431964531,-4.0,8,7.0,0.875,0
505,4,7897.29,1974.3225,2960.72,128.44,1258.7612586024138,4,7.0,67164.36,9594.908571428572,18112.5,7.0,0.6375661821219247,8.50473516864646,59267.07,11.0,75061.65,0,13816.35,43.10565972222222,4,0.0,1.0,2404.065,2576.0074999999997,2883.7774999999997,3,1645.5233333333333,1.0,2960.72,0.7992573791114073,-2.0,4,7.0,1.75,0
506,25,293439.77,11737.5908,20710.0,1194.67,4974.2893168002065,25,5.0,92186.95,18437.39,33503.56,5.0,0.4237913385769256,0.3141596996208114,-201252.82,30.0,385626.72000000003,0,16.166666666666668,84.08738425925925,22,0.0,1.1363636363636365,11266.16,15990.95,17348.912,18,10755.402777777777,7.0,14263.217142857144,0.3261443980812155,-11.0,25,5.0,0.2,1
507,8,30941.07,3867.63375,7803.49,2278.99,1991.9388795767914,8,8.0,160732.69999999998,20091.587499999998,95516.36,8.0,0.5150277943398315,5.194800955493782,129791.62999999998,16.0,191673.77,0,6435.683333333333,86.20625,8,0.0,1.0,2915.275,4557.887500000001,7133.726499999999,6,3489.5499999999997,2.0,5001.885,0.43338969208064093,-4.0,8,8.0,1.0,0
508,27,305026.06,11297.26148148148,22738.86,3167.09,5545.179912120285,26,11.0,186098.96,16918.087272727273,39850.58,11.0,0.4908428402060063,0.6101083953285827,-118927.1,38.0,491125.02,0,99.28333333333333,80.65151620370371,23,0.0,1.173913043478261,9737.69,15322.9,20900.227,19,11854.298421052632,8.0,9974.29875,-0.15859223416493784,-11.0,26,11.0,0.4230769230769231,1
509,8,28893.050000000003,3611.6312500000004,5715.91,1238.58,1343.3381482117863,8,9.0,134050.71,14894.523333333333,58058.68,9.0,0.37194775856803935,4.639548611171198,105157.65999999999,17.0,162943.76,0,1191.9166666666667,80.29846064814815,8,0.0,1.0,3908.425,4237.852500000001,5207.601499999999,6,3714.8033333333333,2.0,3302.1150000000002,-0.11109291564111506,-4.0,8,9.0,1.125,0
510,14,39100.34,2792.8814285714284,5089.99,100.0,1540.7801937672662,14,7.0,38888.13,5555.447142857142,13752.07,7.0,0.5516812056555449,0.994572681465174,-212.20999999999913,21.0,77988.47,0,1213.4333333333334,82.55344907407408,14,0.0,1.0,2830.21,4120.407499999999,4702.5965,10,2520.1169999999997,4.0,3474.7925,0.37882189596752863,-6.0,14,7.0,0.5,0
511,6,18018.24,3003.0400000000004,4203.66,774.74,1316.7152029045615,6,10.0,139473.46,13947.346,35601.47,10.0,0.4384607607306467,7.740681664801889,121455.21999999999,16.0,157491.69999999998,0,7139.416666666667,73.066875,6,0.0,1.0,3518.045,3850.5475,4134.335,5,2921.052,1.0,3412.98,0.1684078201962854,-4.0,6,10.0,1.6666666666666667,0
512,24,306799.9,12783.329166666668,23034.95,1685.11,5887.035468913998,24,6.0,63545.85,10590.975,15844.71,5.0,0.46052443711336255,0.20712474156608263,-243254.05000000002,30.0,370345.75,0,59.4,78.66289351851852,20,0.0,1.2,12689.45,16442.98,22343.797999999995,17,12071.569411764705,7.0,14511.888571428572,0.2021542581932703,-10.0,24,5.0,0.20833333333333334,1
513,7,21392.58,3056.0828571428574,4098.12,1976.27,904.7970068421292,7,11.0,170178.69,15470.79,57624.72,11.0,0.2960642918196358,7.955033474223305,148786.11,18.0,191571.27000000002,0,12299.983333333334,85.31471064814815,7,0.0,1.0,2773.0,3935.27,4055.2889999999998,5,3100.2239999999997,2.0,2945.73,-0.04983317334489369,-3.0,7,11.0,1.5714285714285714,0
514,10,112638.73000000001,11263.873000000001,95628.19,389.34,29658.285080306934,10,12.0,263288.65,21940.720833333336,98585.76,12.0,2.6330450530032548,2.337461102411222,150649.92,22.0,375927.38,0,242.5,126.48793981481481,9,0.0,1.1111111111111112,2331.5600000000004,2968.3650000000002,53993.7984999999,7,2133.7357142857145,3.0,32567.52666666667,14.263149249750883,-4.0,10,12.0,1.2,1
515,5,12782.55,2556.5099999999998,4557.88,576.06,1423.9520704188046,5,13.0,131375.15,10105.780769230769,54534.25,13.0,0.5569906123656096,10.277694982613015,118592.59999999999,18.0,144157.69999999998,0,3973.7,61.61210648148148,5,0.0,1.0,2579.17,2835.91,4213.486,4,3051.6225,1.0,576.06,-0.8112282892133611,-3.0,5,13.0,2.6,0
516,5,10094.76,2018.952,2895.02,1392.8,647.8941040555934,5,8.0,84363.45999999999,10545.432499999999,26173.89,8.0,0.3209061453940428,8.357153612369189,74268.7,13.0,94458.21999999999,0,1374.8666666666666,44.70153935185185,5,0.0,1.0,1892.69,2455.08,2807.0319999999997,4,2158.8975,1.0,1459.17,-0.32411334952215193,-3.0,5,8.0,1.6,0
517,5,76317.0,15263.4,66091.42,1303.03,28440.94611105615,5,10.0,191069.4,19106.94,68589.34,10.0,1.8633427749424212,2.503628287275443,114752.4,15.0,267386.4,0,5690.933333333333,124.28539351851852,5,0.0,1.0,3175.21,4294.05,53731.94599999999,4,2556.395,1.0,66091.42,24.853367730730188,-3.0,5,10.0,2.0,0
518,10,363689.65,36368.965000000004,53531.28,25175.38,9412.789221333385,10,17.0,214193.51,12599.618235294118,35556.32,17.0,0.25881377766272384,0.588945849847528,-149496.14,27.0,577883.16,0,262.3333333333333,56.86443287037037,9,0.0,1.1111111111111112,34332.21,43616.145,50051.70899999999,7,38754.34714285714,3.0,30803.073333333334,-0.20517114583852092,-4.0,10,17.0,1.7,0
519,3,9926.630000000001,3308.876666666667,4029.3,2535.76,748.1629992410301,3,7.0,99955.88,14279.41142857143,49924.94,7.0,0.22610785309043352,10.069467684400445,90029.25,10.0,109882.51000000001,0,42477.65,61.18402777777778,3,0.0,1.0,3361.57,3695.4350000000004,3962.527,3,3308.876666666667,0.0,0.0,-1.0,-3.0,3,7.0,2.3333333333333335,0
520,24,312964.48,13040.186666666666,26986.93,100.0,6145.794003355088,24,10.0,199051.31000000003,19905.131,81583.82,10.0,0.4712964745408875,0.6360188542802047,-113913.16999999995,34.0,512015.79000000004,0,344.43333333333334,85.77027777777778,22,0.0,1.0909090909090908,11799.060000000001,16542.035,25412.40849999999,17,13506.807647058824,7.0,11906.964285714286,-0.11844718627446447,-10.0,24,10.0,0.4166666666666667,1
521,12,216555.11,18046.259166666667,31414.94,1770.74,8159.918048928341,12,15.0,298783.57999999996,19918.905333333332,73119.45,15.0,0.45216673292604403,1.3797115200837329,82228.46999999997,27.0,515338.68999999994,0,1419.8166666666666,83.2392824074074,12,0.0,1.0,19622.13,22848.015,27832.074999999993,9,18424.003333333334,3.0,16913.02666666667,-0.0820113109691505,-6.0,12,15.0,1.25,0
522,5,10124.59,2024.9180000000001,3896.47,572.42,1438.2416054926236,5,7.0,110841.98,15834.56857142857,36132.88,6.0,0.7102715297570684,10.947799367678098,100717.39,12.0,120966.56999999999,0,3687.7833333333333,65.71439814814815,5,0.0,1.0,1314.03,3198.88,3756.9519999999998,4,2245.45,1.0,1142.79,-0.4910641519517246,-3.0,5,6.0,1.2,0
523,9,25967.85,2885.3166666666666,4587.57,1272.52,1090.4771311792836,9,11.0,206919.75,18810.886363636364,52218.72,11.0,0.37794019068246126,7.968305038730585,180951.9,20.0,232887.6,0,193.8,80.48821759259259,8,0.0,1.125,3077.45,3685.69,4301.157999999999,7,2983.335714285714,2.0,2542.25,-0.1478498420990884,-5.0,9,11.0,1.2222222222222223,0
524,5,266505.99,53301.198,64643.95,42003.1,9253.550683487394,5,12.0,93613.34,7801.111666666667,29869.23,11.0,0.17360868105605046,0.35126167333049435,-172892.65,17.0,360119.32999999996,0,6373.766666666666,35.87171296296296,5,0.0,1.0,52857.85,60055.38,63726.236,4,53412.034999999996,1.0,52857.85,-0.01037565784565216,-3.0,5,11.0,2.2,0
525,5,11097.8,2219.56,4481.26,100.0,1729.9502594005414,5,8.0,59975.53,7496.94125,14952.24,8.0,0.7794113515293759,5.4042720178774175,48877.729999999996,13.0,71073.33,0,2619.883333333333,49.98291666666667,5,0.0,1.0,1660.02,3418.94,4268.796,4,2359.445,1.0,1660.02,-0.2964362381831321,-3.0,5,8.0,1.6,0
526,6,18613.53,3102.2549999999997,4802.73,1631.92,1246.643949100945,6,15.0,211516.09000000003,14101.072666666669,93399.96,15.0,0.40185089526842416,11.363566717328741,192902.56000000003,21.0,230129.62000000002,0,912.0666666666667,65.38549768518519,5,0.0,1.2,3439.2799999999997,3642.945,4516.48,5,3396.322,1.0,1631.92,-0.5195037455223621,-4.0,6,15.0,2.5,0
527,7,127627.61,18232.515714285713,37338.03,100.0,13292.585510727218,7,10.0,157305.55000000002,15730.555000000002,39983.36,10.0,0.7290593201196084,1.2325354208231276,29677.940000000017,17.0,284933.16000000003,0,5404.633333333333,78.29083333333334,7,0.0,1.0,16166.09,26379.875,36214.367999999995,5,16372.809999999998,2.0,22881.78,0.39754751933235666,-3.0,7,10.0,1.4285714285714286,1
528,11,338388.83,30762.62090909091,48904.57,10338.41,13399.93241633364,11,8.0,112513.40000000001,14064.175000000001,48810.08,8.0,0.43559137746854715,0.3324973817841446,-225875.43,19.0,450902.23000000004,0,231.31666666666666,76.14940972222222,10,0.0,1.1,27911.42,40709.185,48795.57,8,33378.9325,3.0,23785.789999999997,-0.2874011174563478,-5.0,11,8.0,0.7272727272727273,0
529,32,417860.05,13058.1265625,23826.05,100.0,6005.024884804933,31,10.0,179853.47999999998,17985.347999999998,70225.56,10.0,0.4598687917491942,0.4304155901000825,-238006.57,42.0,597713.53,0,148.58333333333334,89.54381944444444,28,0.0,1.1428571428571428,15211.54,16756.4575,20181.0995,23,13326.920869565218,9.0,12371.207777777778,-0.07171297114624645,-14.0,31,10.0,0.3225806451612903,0
530,9,25520.36,2835.5955555555556,5607.42,1197.96,1539.1132991361546,9,14.0,227254.93,16232.494999999999,58535.11,14.0,0.5427830834763064,8.904848129101627,201734.57,23.0,252775.28999999998,0,4297.333333333333,82.79,9,0.0,1.0,2210.45,4049.38,5080.732,7,2673.5685714285714,2.0,3402.69,0.27271469165342416,-5.0,9,14.0,1.5555555555555556,0
531,8,251552.66,31444.0825,49820.28,13853.64,12988.155844283392,8,14.0,173081.42,12362.958571428573,39651.51,14.0,0.41305564709300685,0.688052434031109,-78471.23999999999,22.0,424634.08,0,2145.733333333333,81.29663194444444,8,0.0,1.0,30764.800000000003,39084.567500000005,49149.6835,6,25638.015,2.0,48862.285,0.9058528907171637,-4.0,8,14.0,1.75,1
532,13,439304.5,33792.653846153844,49899.84,12679.77,11526.78743070284,13,15.0,240647.13999999998,16043.142666666665,41197.1,13.0,0.34110334995233815,0.5477912017746233,-198657.36000000002,28.0,679951.64,0,1877.0,88.79178240740741,13,0.0,1.0,30216.41,44489.46,49078.14599999999,10,35880.043,3.0,26834.690000000002,-0.2520998372270623,-7.0,13,13.0,1.0,1
533,5,7968.0599999999995,1593.6119999999999,3038.9,155.71,1097.9722412565811,5,8.0,98483.75,12310.46875,35962.39,8.0,0.6889834170780473,12.359815312635698,90515.69,13.0,106451.81,0,1283.0666666666666,64.29545138888889,5,0.0,1.0,1859.37,1985.16,2828.152,4,1495.725,1.0,1985.16,0.32722258436544166,-3.0,5,8.0,1.6,0
534,4,164349.68,41087.42,43711.67,38961.88,1969.4319568004048,4,11.0,186056.41,16914.21909090909,49263.21,11.0,0.04793272385563282,1.1320764968936965,21706.73000000001,15.0,350406.08999999997,0,6995.733333333334,17.26375,4,0.0,1.0,40838.065,41729.96,43315.327999999994,3,41795.93333333333,1.0,38961.88,-0.06780691582434648,-2.0,4,11.0,2.75,0
535,5,16068.580000000002,3213.7160000000003,5768.89,860.37,2002.8397019681831,5,8.0,106744.3,13343.0375,36438.2,8.0,0.623216146656451,6.643044998375712,90675.72,13.0,122812.88,0,9078.616666666667,55.14707175925926,5,0.0,1.0,3598.17,4273.1,5469.732,4,3625.1325,1.0,1568.05,-0.5674502931961798,-3.0,5,8.0,1.6,0
536,9,26801.52,2977.9466666666667,4490.89,939.55,1113.404734732613,9,7.0,104995.65,14999.378571428571,51769.66,7.0,0.3738833697713233,3.9175259462896133,78194.12999999999,16.0,131797.16999999998,0,414.8833333333333,72.19619212962964,8,0.0,1.125,3230.73,3692.04,4220.874,7,3005.9285714285716,2.0,2880.01,-0.041890074376826715,-5.0,9,7.0,0.7777777777777778,0
537,3,10799.74,3599.9133333333334,5257.14,1545.01,1887.7466282934615,3,8.0,133451.2,16681.4,64666.71,7.0,0.5243866875388097,12.356890073279542,122651.46,11.0,144250.94,0,21213.383333333335,54.41600694444445,3,0.0,1.0,3997.59,4627.365,5131.185,3,3599.9133333333334,0.0,0.0,-1.0,-3.0,3,7.0,2.3333333333333335,0
538,10,23229.09,2322.909,5323.91,100.0,1325.9260305617017,10,11.0,145361.37,13214.67,63247.49,10.0,0.5708041212814199,6.2577298551084,122132.28,21.0,168590.46,0,10.516666666666667,74.3694212962963,9,0.0,1.1111111111111112,2207.12,2695.4674999999997,4241.479999999998,7,2298.462857142857,3.0,2379.9500000000003,0.035452886525404716,-4.0,10,10.0,1.0,0
539,10,32170.94,3217.094,5181.78,1084.6,1459.5660468493897,10,5.0,68816.49,13763.298,59027.55,4.0,0.4536908299382579,2.139088568751799,36645.55,15.0,100987.43000000001,0,3669.6666666666665,76.9696875,10,0.0,1.0,3530.3199999999997,4310.57,4965.397499999999,7,2994.6042857142857,3.0,3736.236666666666,0.24765622105408938,-4.0,10,4.0,0.4,0
540,27,334032.3,12371.566666666666,25441.51,100.0,7071.441146303805,26,11.0,98132.31999999999,8921.119999999999,26034.94,11.0,0.5715881696177368,0.2937809307662762,-235899.97999999998,38.0,432164.62,0,37.96666666666667,85.41954861111111,22,0.0,1.2272727272727273,12398.0,16114.515,24438.511,19,13087.138947368421,8.0,10672.0825,-0.18453662462673276,-11.0,26,11.0,0.4230769230769231,1
541,7,196031.03,28004.432857142856,49745.34,10990.39,14893.096721331121,7,8.0,196522.47,24565.30875,69390.09,8.0,0.5318121169353538,1.0025069500476531,491.4400000000023,15.0,392553.5,0,3195.616666666667,65.33447916666667,7,0.0,1.0,22099.62,37678.605,48853.407,5,33792.886,2.0,13533.3,-0.5995222189664416,-3.0,7,8.0,1.1428571428571428,0
542,3,177519.27000000002,59173.090000000004,66131.3,51269.3,7475.985028897531,3,10.0,166709.99,16670.999,42003.1,10.0,0.12634096054300242,0.9391092583920606,-10809.280000000028,13.0,344229.26,0,34894.916666666664,74.11320601851853,3,0.0,1.0,60118.67,63124.985,65530.037000000004,3,59173.090000000004,0.0,0.0,-1.0,-3.0,3,10.0,3.3333333333333335,0
543,26,334400.24,12861.547692307691,24627.25,100.0,7231.362286472617,26,0.0,0.0,0.0,0.0,0.0,0.5622466642018201,0.0,-334400.24,26.0,334400.24,0,15.466666666666667,82.99998842592592,22,0.0,1.1818181818181819,13525.21,17544.89,23974.3,19,13913.531578947368,7.0,10006.162857142857,-0.28083227465532684,-12.0,26,0.0,0.0,1
544,10,368973.6,36897.36,51397.45,20441.64,9923.143255117187,10,8.0,83201.5,10400.1875,39763.82,8.0,0.2689391125846724,0.2254944527196526,-285772.1,18.0,452175.1,0,2594.483333333333,79.83163194444444,10,0.0,1.0,38277.065,44855.0475,49312.712499999994,7,35959.235714285714,3.0,39086.316666666666,0.08696183025766144,-4.0,10,8.0,0.8,0
545,8,16482.73,2060.34125,4681.93,100.0,1623.849783177861,6,13.0,164460.69,12650.822307692308,56616.7,13.0,0.7881460331767182,9.977757932090134,147977.96,21.0,180943.42,0,1570.9666666666667,85.09020833333334,8,0.0,1.0,2060.46,3080.0299999999997,4268.034,6,2400.991666666667,2.0,1038.3899999999999,-0.5675161999035122,-4.0,6,13.0,2.1666666666666665,0
546,13,37897.46,2915.1892307692306,6140.88,1464.71,1368.7338679138318,13,6.0,74741.90000000001,12456.983333333335,42396.55,6.0,0.4695180173784685,1.9722139689572866,36844.44000000001,19.0,112639.36000000002,0,310.78333333333336,61.72976851851852,12,0.0,1.0833333333333333,2657.49,3783.85,5168.747999999998,10,3153.988,3.0,2119.193333333333,-0.3280908699293297,-7.0,13,6.0,0.46153846153846156,0
547,7,19885.2,2840.7428571428572,5227.17,100.0,1699.35485456211,7,13.0,127724.68000000001,9824.975384615385,33201.22,13.0,0.5982079125145721,6.42310260897552,107839.48000000001,20.0,147609.88,0,1643.8166666666666,78.35108796296296,7,0.0,1.0,2893.73,3749.585,4963.11,5,2477.206,2.0,3749.585,0.5136347158855581,-3.0,7,13.0,1.8571428571428572,0
548,6,18217.59,3036.265,5654.37,1137.77,1682.5399357132655,6,8.0,74879.49,9359.93625,29920.26,8.0,0.5541479204592701,4.110285169443379,56661.90000000001,14.0,93097.08,0,5387.083333333333,51.22996527777778,6,0.0,1.0,2828.235,3919.7574999999997,5265.545,5,2512.6440000000002,1.0,5654.37,1.2503665461561604,-4.0,6,8.0,1.3333333333333333,0
549,30,383040.69,12768.023,32091.62,3835.41,6092.640216695114,30,12.0,129513.44,10792.786666666667,29143.76,12.0,0.47717960851849295,0.33811927396016334,-253527.25,42.0,512554.13,0,217.53333333333333,88.83361111111111,28,0.0,1.0714285714285714,11335.314999999999,16337.4375,20844.658499999998,21,12040.03761904762,9.0,14466.655555555555,0.20154571051081843,-12.0,30,12.0,0.4,1
550,9,20757.16,2306.351111111111,3811.81,475.54,1111.3703899965624,9,11.0,146404.47999999998,13309.49818181818,90641.67,11.0,0.4818738936332842,7.0532038101551455,125647.31999999998,20.0,167161.63999999998,0,739.65,70.27483796296296,9,0.0,1.0,2675.28,3111.52,3673.002,7,2374.3185714285714,2.0,2068.465,-0.1288174110707252,-5.0,9,11.0,1.2222222222222223,0
551,8,23617.2,2952.15,4956.76,962.48,1281.725629365126,8,8.0,128276.62,16034.5775,45255.41,8.0,0.4341668375133804,5.431491455379977,104659.42,16.0,151893.82,0,2457.766666666667,64.8375462962963,8,0.0,1.0,3009.16,3602.4775,4681.6494999999995,6,2949.66,2.0,2959.62,0.003376660360855162,-4.0,8,8.0,1.0,0
552,7,19935.93,2847.9900000000002,4395.67,1633.26,849.3857489974741,7,5.0,6558.63,1311.726,2304.87,5.0,0.2982404253517302,0.3289854047440977,-13377.3,12.0,26494.56,0,683.7166666666667,68.33878472222223,7,0.0,1.0,2855.84,3050.35,4034.436999999999,5,2777.706,2.0,3023.7,0.08856012839371757,-3.0,7,5.0,0.7142857142857143,0
553,5,13422.44,2684.4880000000003,4530.83,100.0,1835.4130973897948,5,9.0,133050.11,14783.345555555554,44812.54,9.0,0.6837106730928931,9.912512926114774,119627.66999999998,14.0,146472.55,0,1009.8,10.115798611111112,5,0.0,1.0,3615.54,3706.28,4365.92,4,3330.61,1.0,100.0,-0.9699754699589564,-3.0,5,9.0,1.8,0
554,5,86388.43,17277.685999999998,22797.51,9840.42,6172.808250462667,5,9.0,152735.09,16970.565555555557,61708.12,9.0,0.3572705425056728,1.7680040023878199,66346.66,14.0,239123.52,0,3874.766666666667,58.74667824074074,5,0.0,1.0,20123.62,22203.36,22678.68,4,18741.2275,1.0,11423.52,-0.390460416746982,-3.0,5,9.0,1.8,0
555,4,11975.720000000001,2993.9300000000003,3322.79,2776.63,238.58690338462978,4,8.0,65421.35,8177.66875,18692.09,8.0,0.07969020764835175,5.4628322973483,53445.63,12.0,77397.07,0,258.25,49.80777777777778,3,0.0,1.3333333333333333,2938.15,3085.1225,3275.2565,3,3066.3633333333332,1.0,2776.63,-0.09448760692633722,-2.0,4,8.0,2.0,0
556,5,17497.17,3499.4339999999997,5035.87,1893.7,1173.914671997075,5,6.0,50904.340000000004,8484.056666666667,36228.87,6.0,0.33545844042124384,2.909289902309917,33407.170000000006,11.0,68401.51000000001,0,428.93333333333334,36.637569444444445,3,0.0,1.6666666666666667,3419.68,4101.13,4848.922,4,3349.01,1.0,4101.13,0.22457980119497997,-3.0,5,6.0,1.2,0
557,9,24062.43,2673.6033333333335,5461.78,114.76,1953.2290422720528,9,9.0,154250.29,17138.92111111111,39382.13,9.0,0.7305605202985931,6.410420310833112,130187.86000000002,18.0,178312.72,0,1774.0166666666667,70.14012731481482,9,0.0,1.0,2539.95,3646.79,5368.292,7,2529.957142857143,2.0,3176.365,0.2555015048250392,-5.0,9,9.0,1.0,0
558,6,13676.61,2279.435,3830.84,963.85,1289.0589788019786,6,12.0,131598.84,10966.57,24395.6,11.0,0.5655168841410168,9.622182690008708,117922.23,18.0,145275.45,0,8411.65,82.23710648148148,6,0.0,1.0,2052.415,3423.28,3794.9125000000004,5,1969.154,1.0,3830.84,0.9454242786496131,-4.0,6,11.0,1.8333333333333333,0
559,3,114197.37,38065.79,52831.24,27750.96,13119.112965742008,3,9.0,90288.35,10032.03888888889,21191.86,9.0,0.34464312879732717,0.7906342326447624,-23909.01999999999,12.0,204485.72,0,6474.183333333333,18.129930555555557,3,0.0,1.0,33615.17,43223.205,50909.632999999994,3,38065.79,0.0,0.0,-1.0,-3.0,3,9.0,3.0,0
560,8,25272.31,3159.03875,6176.54,987.14,1758.9373349142822,8,4.0,17346.64,4336.66,9020.59,4.0,0.5567951120936019,0.6863891745550762,-7925.670000000002,12.0,42618.95,0,6139.066666666667,59.473622685185184,8,0.0,1.0,3338.24,4122.62,5534.832499999999,6,2654.9483333333333,2.0,4671.3099999999995,0.7594730343151685,-4.0,8,4.0,0.5,0
561,6,15803.880000000001,2633.98,4159.57,1185.25,1228.5440942514028,6,7.0,83455.53,11922.218571428572,50127.86,7.0,0.4664211931189314,5.280698790423617,67651.65,13.0,99259.41,0,9201.983333333334,72.2659837962963,6,0.0,1.0,2723.63,3527.7875000000004,4020.9399999999996,5,2328.862,1.0,4159.57,0.786095526484609,-4.0,6,7.0,1.1666666666666667,0
562,9,28391.93,3154.658888888889,6799.49,744.08,1892.075081606465,9,12.0,236806.42,19733.868333333336,60390.83,12.0,0.5997716863368634,8.340624254849882,208414.49000000002,21.0,265198.35000000003,0,2301.133333333333,70.08417824074074,9,0.0,1.0,2944.28,3659.68,6109.105999999999,7,3168.4771428571426,2.0,3106.295,-0.019625245836891334,-5.0,9,12.0,1.3333333333333333,0
563,31,342491.22,11048.103870967741,27619.33,100.0,6911.386996999796,31,12.0,119175.4,9931.283333333333,25818.17,11.0,0.625572231915883,0.34796629239137866,-223315.81999999998,43.0,461666.62,0,508.31666666666666,81.96748842592592,28,0.0,1.1071428571428572,9597.59,15096.8,22549.485,22,11306.706818181818,9.0,10415.963333333333,-0.07878009920767726,-13.0,31,11.0,0.3548387096774194,1
564,2,120594.45999999999,60297.229999999996,77662.25,42932.21,24557.846794880043,2,4.0,31810.18,7952.545,14975.76,4.0,0.407279850083993,0.2637781204874586,-88784.28,6.0,152404.63999999998,0,14039.133333333333,9.749398148148147,2,0.0,1.0,60297.229999999996,68979.74,75925.74799999999,2,60297.229999999996,0.0,0.0,-1.0,-2.0,2,4.0,2.0,0
565,4,223831.38999999998,55957.847499999996,86148.62,32311.77,24352.51546030016,4,7.0,33620.35,4802.907142857142,9441.1,7.0,0.4351939280777404,0.15020391018435797,-190211.03999999998,11.0,257451.74,0,14576.466666666667,68.65412037037036,4,0.0,1.0,52685.5,70037.1875,82926.3335,3,61042.36666666666,1.0,40704.29,-0.33317968776876816,-2.0,4,7.0,1.75,0
566,9,294583.97,32731.55222222222,49011.56,15936.35,11121.442875482455,9,14.0,287906.15,20564.725000000002,51454.94,14.0,0.339777435545261,0.9773313530943318,-6677.819999999949,23.0,582490.12,0,1275.5333333333333,77.73181712962963,9,0.0,1.0,31161.66,38039.76,48474.932,7,30630.10714285714,2.0,40086.61,0.30873228138048125,-5.0,9,14.0,1.5555555555555556,1
567,36,419758.53,11659.959166666667,24482.88,100.0,6285.068064394883,34,12.0,160476.45,13373.0375,41406.43,12.0,0.539030023566682,0.38230658469287093,-259282.08000000002,48.0,580234.98,0,166.91666666666666,87.29855324074074,31,0.0,1.1612903225806452,12031.115000000002,14960.6675,23212.7725,26,10651.869230769229,10.0,14280.992999999999,0.34070299687378824,-16.0,34,12.0,0.35294117647058826,1
568,5,19540.6,3908.12,5250.87,2661.15,953.4984666741736,5,9.0,214662.93,23851.436666666665,61644.9,9.0,0.24397880993269747,10.985483045556432,195122.33,14.0,234203.53,0,5319.583333333333,73.5706712962963,5,0.0,1.0,3728.12,4298.64,5060.424,4,3984.695,1.0,3601.82,-0.09608640059025847,-3.0,5,9.0,1.8,0
569,7,24217.81,3459.687142857143,7171.96,1525.54,1856.9470233487568,7,11.0,188541.67,17140.15181818182,63571.51,11.0,0.5367384236411673,7.785248542291809,164323.86000000002,18.0,212759.48,0,846.9833333333333,85.75895833333334,6,0.0,1.1666666666666667,3189.9,3855.8999999999996,6219.156999999997,5,2609.98,2.0,5583.955,1.1394627545038658,-3.0,7,11.0,1.5714285714285714,0
570,3,8158.360000000001,2719.4533333333334,4042.51,1850.28,1164.4636763048186,3,10.0,124980.04000000001,12498.004,24499.13,10.0,0.42819770504298116,15.319260243480308,116821.68000000001,13.0,133138.40000000002,0,43113.7,61.53265046296296,3,0.0,1.0,2265.57,3154.04,3864.8160000000003,3,2719.4533333333334,0.0,0.0,-1.0,-3.0,3,10.0,3.3333333333333335,0
571,7,22587.54,3226.7914285714287,4766.89,1094.17,1306.8232607794698,7,7.0,96200.76,13742.965714285714,36097.63,7.0,0.4049915495647728,4.259018910425836,73613.22,14.0,118788.29999999999,0,5040.6,72.97300925925926,7,0.0,1.0,3096.7,4191.395,4765.441000000001,5,3679.3340000000003,2.0,2095.435,-0.4304852454275693,-3.0,7,7.0,1.0,0
572,34,360300.69,10597.07911764706,18664.71,2814.55,4592.871534265119,34,15.0,156084.03,10405.602,62012.8,15.0,0.43340919542789125,0.4332049155942499,-204216.66,49.0,516384.72,0,29.9,85.73923611111111,29,0.0,1.1724137931034482,10514.775,14752.302500000002,18393.494,24,11868.188750000001,10.0,7546.416,-0.3641476253063468,-14.0,34,15.0,0.4411764705882353,1
573,7,87194.55,12456.364285714286,73534.02,381.32,26976.932183929453,7,12.0,222128.06,18510.671666666665,76597.94,12.0,2.1657147756081794,2.5474993563244492,134933.51,19.0,309322.61,0,1613.85,80.29931712962963,7,0.0,1.0,2528.98,4175.295,52760.900999999954,5,16075.056,2.0,3409.635,-0.7878928073407645,-3.0,7,12.0,1.7142857142857142,0
574,27,335227.4,12415.82962962963,22860.93,4382.49,4857.457545782631,27,12.0,237048.06,19754.005,72098.37,12.0,0.3912310083726182,0.707126147802954,-98179.34000000003,39.0,572275.46,0,38.93333333333333,84.14739583333333,26,0.0,1.0384615384615385,12022.51,16476.28,19536.439,19,11512.261052631578,8.0,14561.805,0.2648953088734319,-11.0,27,12.0,0.4444444444444444,1
575,12,320034.71,26669.55916666667,89688.91,7190.97,21317.28686239941,12,7.0,159121.69,22731.670000000002,92462.79,7.0,0.7993115570145279,0.4972013504410193,-160913.02000000002,19.0,479156.4,0,87.76666666666667,124.78239583333334,10,0.0,1.2,20771.65,28969.85,58106.96949999996,9,21595.485555555555,3.0,41891.78,0.9398396897458559,-6.0,12,7.0,0.5833333333333334,1
576,6,16740.47,2790.0783333333334,4380.12,1906.55,846.6953489754544,6,6.0,103338.97,17223.161666666667,45639.58,6.0,0.30346651520851725,6.173002908520489,86598.5,12.0,120079.44,0,2879.05,54.34960648148148,6,0.0,1.0,2667.6549999999997,2793.875,3985.1825,5,2788.02,1.0,2800.37,0.004429666932087972,-4.0,6,6.0,1.0,0
577,10,155246.91,15524.691,28574.96,956.88,10909.625597151911,10,11.0,132800.51,12072.773636363638,34653.56,10.0,0.7027273906547905,0.8554148356318332,-22446.399999999994,21.0,288047.42000000004,0,653.3166666666667,74.86744212962962,9,0.0,1.1111111111111112,12109.615,27039.192499999997,28493.033,7,16280.561428571427,3.0,13760.993333333332,-0.15475928801917124,-4.0,10,10.0,1.0,0
578,6,310281.53,51713.58833333334,70479.47,19341.99,19318.9574408977,6,14.0,168847.69,12060.549285714285,49662.37,14.0,0.3735760380109837,0.5441757683739666,-141433.84000000003,20.0,479129.22000000003,0,1256.6666666666667,52.89711805555555,6,0.0,1.0,59194.075,63090.575000000004,68940.49,5,49191.596000000005,1.0,64323.55,0.30761258488136867,-4.0,6,14.0,2.3333333333333335,0
579,4,71141.14,17785.285,34589.75,2029.94,14552.750611767522,4,9.0,158874.31,17652.70111111111,68696.33,9.0,0.8182466916761537,2.23322693451356,87733.17,13.0,230015.45,0,11976.2,51.594594907407405,4,0.0,1.0,17260.725,27005.892499999998,33072.9785,3,12183.796666666667,1.0,34589.75,1.838995999878527,-2.0,4,9.0,2.25,1
580,9,30224.28,3358.253333333333,6963.1,1025.77,1945.141904200051,9,16.0,263207.62,16450.47625,45177.05,16.0,0.5792123795107926,8.708482716544447,232983.34,25.0,293431.9,0,66.68333333333334,50.53420138888889,8,0.0,1.125,3325.41,4166.51,6314.396,7,2727.81,2.0,5564.805,1.040026614756893,-5.0,9,16.0,1.7777777777777777,0
581,2,2579.17,1289.585,2479.17,100.0,1682.3272405955984,2,11.0,172218.63999999998,15656.239999999998,39052.49,11.0,1.3045493244691884,66.7728920544206,169639.46999999997,13.0,174797.81,0,33748.933333333334,23.436759259259258,2,0.0,1.0,1289.585,1884.3775,2360.2115,2,1289.585,0.0,0.0,-1.0,-2.0,2,11.0,5.5,0
582,13,43632.39,3356.337692307692,5535.4,100.0,1616.0562401009536,13,7.0,60482.21,8640.315714285714,20956.45,7.0,0.48149393423812903,1.3861768745649734,16849.82,20.0,104114.6,0,164.85,72.70847222222223,9,0.0,1.4444444444444444,3473.29,4588.03,5372.044,10,3184.352,3.0,3929.623333333333,0.23404175585278675,-7.0,13,7.0,0.5384615384615384,0
583,5,9862.359999999999,1972.4719999999998,4715.44,541.23,1666.0287181708482,5,9.0,94596.91,10510.767777777779,26146.07,9.0,0.8446399838227606,9.591711314533237,84734.55,14.0,104459.27,0,4868.616666666667,37.66771990740741,5,0.0,1.0,1304.56,2312.73,4234.897999999999,4,2139.45,1.0,1304.56,-0.3902358082684802,-3.0,5,9.0,1.8,0
584,6,21795.84,3632.64,4787.1,2501.15,881.59360741784,6,10.0,92004.88,9200.488000000001,37381.19,10.0,0.24268675327525988,4.221212855297158,70209.04000000001,16.0,113800.72,0,1199.3,57.06104166666667,5,0.0,1.2,3488.33,4298.1275000000005,4722.965,5,3858.9380000000006,1.0,2501.15,-0.3518553550225477,-4.0,6,10.0,1.6666666666666667,0
585,9,141189.54,15687.726666666667,25412.89,4895.6,6187.194648053349,9,4.0,71341.92,17835.48,45102.79,4.0,0.3943971474974714,0.5052918226095219,-69847.62000000001,13.0,212531.46000000002,0,292.56666666666666,75.09070601851852,8,0.0,1.125,17256.58,18099.22,24044.778,7,15696.237142857144,2.0,15657.94,-0.0024398932373783247,-5.0,9,4.0,0.4444444444444444,0
586,8,379912.08,47489.01,63972.52,32234.88,11266.247626808647,8,14.0,259499.77,18535.697857142855,59093.63,14.0,0.23723905018884678,0.683052168280619,-120412.31000000003,22.0,639411.85,0,142.2,18.280798611111113,7,0.0,1.1428571428571428,47856.34,55386.402500000004,61637.166,6,49669.138333333336,2.0,40948.625,-0.17557206800748812,-4.0,8,14.0,1.75,0
587,7,107318.21,15331.172857142858,85294.16,2588.7,30861.650376710637,7,11.0,232768.9,21160.80909090909,88848.08,11.0,2.0129999618608476,2.1689599556310153,125450.68999999999,18.0,340087.11,0,1957.2166666666667,82.61430555555556,7,0.0,1.0,3831.05,4666.345,61216.90099999995,5,3887.0700000000006,2.0,43941.43,10.304512138963279,-3.0,7,11.0,1.5714285714285714,1
588,6,17355.8,2892.633333333333,5088.84,1695.51,1522.6733716154188,6,10.0,176145.80000000002,17614.58,47791.73,9.0,0.5263969525860238,10.149102893557199,158790.00000000003,16.0,193501.6,0,6373.083333333333,88.86861111111111,6,0.0,1.0,2143.58,4008.825,4954.9,5,2453.392,1.0,5088.84,1.0742058342083127,-4.0,6,9.0,1.5,0
589,7,23914.83,3416.404285714286,5351.56,708.16,1623.8323943566052,7,13.0,160399.0,12338.384615384615,49150.14,13.0,0.47530451859771683,6.707093464599162,136484.16999999998,20.0,184313.83000000002,0,3765.4666666666667,76.95415509259259,7,0.0,1.0,3140.35,4721.5650000000005,5181.325,5,3084.584,2.0,4245.955,0.37650814502052793,-3.0,7,13.0,1.8571428571428572,0
590,6,14316.03,2386.005,3118.83,100.0,1171.2608090216286,6,11.0,125336.11,11394.191818181818,40372.03,11.0,0.49088782673197606,8.754948823102493,111020.08,17.0,139652.14,0,1465.0833333333333,70.58663194444445,6,0.0,1.0,2958.1549999999997,3005.4,3092.3375,5,2266.602,1.0,2983.02,0.3160757821620206,-4.0,6,11.0,1.8333333333333333,0
591,7,174089.91,24869.987142857142,84498.97,100.0,28944.59162889486,7,10.0,188010.43,18801.042999999998,42594.42,10.0,1.1638362120025454,1.0799616703805521,13920.51999999999,17.0,362100.33999999997,0,9047.183333333332,75.97100694444444,7,0.0,1.0,12719.49,30615.405,69700.78599999996,5,27458.840000000004,2.0,18397.855,-0.3299842600779932,-3.0,7,10.0,1.4285714285714286,1
592,9,28619.57,3179.952222222222,5240.85,1049.79,1400.2742819067432,9,7.0,97692.02,13956.002857142857,42779.71,7.0,0.44034444043571197,3.4134691751133928,69072.45000000001,16.0,126311.59,0,2751.2833333333333,60.16596064814815,9,0.0,1.0,3268.94,4438.35,4923.21,7,2819.21,2.0,4442.55,0.5758137918069247,-5.0,9,7.0,0.7777777777777778,0
593,10,23956.88,2395.688,5706.45,574.69,1899.7019622140733,10,9.0,78282.03,8698.003333333334,20046.56,9.0,0.792967181959451,3.2676220776662066,54325.149999999994,19.0,102238.91,0,1673.9833333333333,68.89782407407408,10,0.0,1.0,1626.83,3091.2425000000003,5682.8655,7,2717.842857142857,3.0,1643.993333333333,-0.39511096860780703,-4.0,10,9.0,0.9,0
594,7,352372.97,50338.99571428571,70225.56,33568.79,14825.863933176437,7,4.0,31370.4,7842.6,13286.05,4.0,0.29452045522173587,0.08902612479044578,-321002.56999999995,11.0,383743.37,0,336.6666666666667,38.78943287037037,6,0.0,1.1666666666666667,47629.78,61289.67,69974.919,5,53122.986,2.0,43379.020000000004,-0.183422784253882,-3.0,7,4.0,0.5714285714285714,0
595,7,17919.39,2559.912857142857,5294.66,100.0,1891.1365728375647,7,5.0,65521.130000000005,13104.226,21466.78,5.0,0.7387503709592209,3.656437523821961,47601.740000000005,12.0,83440.52,0,1606.7166666666667,77.65866898148148,7,0.0,1.0,2336.3,3889.545,4993.402999999999,5,2866.154,2.0,1794.31,-0.37396594879409834,-3.0,7,5.0,0.7142857142857143,0
596,5,15582.34,3116.468,3584.57,2536.31,420.68137268008456,5,7.0,109184.36,15597.765714285715,31925.86,7.0,0.1349865850315436,7.006929639579164,93602.02,12.0,124766.7,0,13922.883333333333,86.10024305555555,5,0.0,1.0,3236.92,3374.61,3542.578,4,3183.1025,1.0,2849.93,-0.10466910820496673,-3.0,5,7.0,1.4,0
597,9,349604.62,38844.957777777774,62074.37,12982.27,17200.237513136104,9,15.0,131193.98,8746.265333333335,42616.53,15.0,0.4427920249401308,0.3752638623597137,-218410.63999999998,24.0,480798.6,0,2933.05,81.18207175925926,9,0.0,1.0,39942.18,47975.14,60956.91,7,39414.315714285716,2.0,36852.205,-0.06500457176165252,-5.0,9,15.0,1.6666666666666667,0
598,3,161069.85,53689.950000000004,67253.05,32058.41,18933.844411730017,3,9.0,163219.05,18135.449999999997,47177.12,9.0,0.3526515560496893,1.0133432793288129,2149.1999999999825,12.0,324288.9,0,6682.45,49.541678240740744,3,0.0,1.0,61758.39,64505.72,66703.584,3,53689.950000000004,0.0,0.0,-1.0,-3.0,3,9.0,3.0,0
599,5,136100.43,27220.086,61984.8,655.94,27112.70015349873,5,5.0,81661.23,16332.246,64048.54,5.0,0.9960549042166409,0.6000071417849304,-54439.2,10.0,217761.65999999997,0,4786.7,51.62721064814815,5,0.0,1.0,22637.95,47756.03,59139.046,4,28365.62,1.0,22637.95,-0.20192296166979598,-3.0,5,5.0,1.0,0
600,3,184392.66,61464.22,65297.55,54748.46,5835.420035070315,3,6.0,98241.82,16373.636666666667,49833.44,6.0,0.09494011369655898,0.5327859579660058,-86150.84,9.0,282634.48,0,14008.9,44.604189814814816,3,0.0,1.0,64346.65,64822.100000000006,65202.46,3,61464.22,0.0,0.0,-1.0,-3.0,3,6.0,2.0,0
601,11,32869.81,2988.164545454545,5357.58,1003.18,1241.147826903497,11,12.0,222945.28,18578.773333333334,38668.58,12.0,0.41535457904802214,6.782676261286573,190075.47,23.0,255815.09,0,3140.5,70.6865162037037,11,0.0,1.0,2795.48,3579.2200000000003,4964.055,8,3079.2599999999998,3.0,2745.2433333333333,-0.10847303139931881,-5.0,11,12.0,1.0909090909090908,0
602,30,284858.97000000003,9495.299,21567.31,100.0,5202.663181614446,29,13.0,171997.89,13230.606923076924,72900.38,13.0,0.5479198897911952,0.6038001541604956,-112861.08000000002,43.0,456856.86000000004,0,284.3833333333333,88.03606481481482,26,0.0,1.1538461538461537,10026.76,12905.470000000001,16619.1085,21,10077.077619047619,9.0,8137.815555555555,-0.1924429022781848,-12.0,29,13.0,0.4482758620689655,1
603,3,71356.55,23785.516666666666,32537.69,10512.58,11687.78608056433,3,10.0,165127.91,16512.791,54621.82,10.0,0.49138247633459003,2.3141240713010927,93771.36,13.0,236484.46000000002,0,15156.183333333332,53.601145833333334,3,0.0,1.0,28306.28,30421.985,32114.549,3,23785.516666666666,0.0,0.0,-1.0,-3.0,3,10.0,3.3333333333333335,0
604,9,343017.14,38113.015555555554,63672.55,18843.61,13227.45806541086,9,11.0,104722.54,9520.23090909091,27127.21,11.0,0.3470588163282387,0.305298271684033,-238294.60000000003,20.0,447739.68,1,2.05,79.49577546296297,7,0.1111111111111111,1.2857142857142858,37799.57,45215.96,56911.674,7,37143.08714285715,2.0,41507.765,0.11750983003528306,-5.0,9,11.0,1.2222222222222223,1
605,9,334999.93,37222.21444444444,56942.28,100.0,17944.04316280901,9,9.0,152130.4,16903.377777777776,53562.26,9.0,0.4820788722710512,0.4541206919058162,-182869.53,18.0,487130.32999999996,0,402.55,63.01847222222222,7,0.0,1.2857142857142858,39205.19,50245.5,56095.348,7,42333.60571428571,2.0,19332.345,-0.5433333713533361,-5.0,9,9.0,1.0,0
606,27,304732.21,11286.37814814815,26679.88,100.0,6256.18502756705,27,10.0,192905.05,19290.504999999997,108579.93,10.0,0.5543129022833206,0.6330313753180209,-111827.16000000003,37.0,497637.26,0,37.7,81.94027777777778,21,0.0,1.2857142857142858,10170.43,14660.04,22336.120000000003,19,12322.265263157895,8.0,8826.14625,-0.2837237259946736,-11.0,27,10.0,0.37037037037037035,1
607,10,216941.65,21694.165,33636.33,2782.1,9203.77811322098,10,10.0,148368.98,14836.898000000001,65582.88,10.0,0.42425131887864687,0.6839119182508293,-68572.66999999998,20.0,365310.63,0,3399.2166666666667,83.41824074074074,10,0.0,1.0,20729.64,28095.29,33369.5745,7,23245.964285714286,3.0,18073.3,-0.2225188089484043,-4.0,10,10.0,1.0,0
608,8,23978.3,2997.2875,4916.81,675.54,1338.91821260673,7,15.0,205420.87,13694.724666666667,82559.11,15.0,0.44670997113447747,8.566948866266582,181442.57,23.0,229399.16999999998,0,48.45,46.101087962962964,7,0.0,1.1428571428571428,2929.63,3564.2774999999997,4798.1635,6,2698.9583333333335,2.0,3892.275,0.44213971439598604,-4.0,7,15.0,2.142857142857143,0
609,7,235636.41,33662.34428571429,48397.82,17361.7,11594.186396731853,7,18.0,217719.51,12095.528333333334,49745.34,18.0,0.3444259941709474,0.923963788108977,-17916.899999999994,25.0,453355.92000000004,0,2921.4333333333334,56.12608796296296,7,0.0,1.0,29633.99,43589.635,47555.746999999996,5,32586.395999999997,2.0,36352.215000000004,0.11556414523410344,-3.0,7,18.0,2.5714285714285716,1
610,6,20137.47,3356.2450000000003,6712.77,521.13,2019.5401743540533,6,11.0,173878.94,15807.176363636363,50913.55,11.0,0.6017260880400724,8.634597096854769,153741.47,17.0,194016.41,0,4452.833333333333,71.28432870370371,6,0.0,1.0,3192.495,3771.3599999999997,5988.55,5,3486.9559999999997,1.0,2702.69,-0.2249142231791854,-4.0,6,11.0,1.8333333333333333,0
611,3,156802.15,52267.38333333333,65269.83,45042.83,11283.657243045507,3,14.0,185186.53,13227.609285714285,31148.24,14.0,0.21588333915789115,1.181020349529646,28384.380000000005,17.0,341988.68,0,23340.766666666666,65.72626157407407,3,0.0,1.0,46489.49,55879.66,63391.796,3,52267.38333333333,0.0,0.0,-1.0,-3.0,3,14.0,4.666666666666667,0
612,7,223828.36000000002,31975.480000000003,51769.66,12850.4,13775.775300310084,7,13.0,213299.97,16407.69,71381.15,13.0,0.4308230963322547,0.9529622162267551,-10528.390000000014,20.0,437128.33,0,640.7166666666667,44.39547453703704,6,0.0,1.1666666666666667,35768.93,39187.755000000005,48167.907999999996,5,28612.26,2.0,40383.53,0.4114065089580481,-3.0,7,13.0,1.8571428571428572,1
613,12,327259.06,27271.588333333333,39666.21,100.0,11397.27887251788,12,13.0,199071.33000000002,15313.179230769232,58982.63,13.0,0.4179176780322432,0.6082989115717683,-128187.72999999998,25.0,526330.39,0,844.7833333333333,86.53400462962964,11,0.0,1.0909090909090908,30622.95,35217.11,37932.599,9,29118.396666666667,3.0,21731.163333333334,-0.25369643177468904,-6.0,12,13.0,1.0833333333333333,1
614,6,168977.75,28162.958333333332,63579.21,11813.22,20070.518577353618,6,11.0,77255.23,7023.202727272727,19351.49,11.0,0.7126566158214422,0.4571917308639747,-91722.52,17.0,246232.97999999998,0,2484.9166666666665,65.82038194444445,6,0.0,1.0,21293.195,35283.755,57149.9775,5,30787.908000000003,1.0,15038.21,-0.5115546662020688,-4.0,6,11.0,1.8333333333333333,0
615,10,27176.14,2717.614,5337.0,100.0,1584.6767188588763,10,14.0,146720.68,10480.048571428571,70561.95,14.0,0.5831132452433923,5.398878575103013,119544.54,24.0,173896.82,0,200.28333333333333,70.36331018518518,9,0.0,1.1111111111111112,3129.84,3494.6225,4622.912999999999,7,3234.7671428571425,3.0,1510.9233333333334,-0.5329112524622733,-4.0,10,14.0,1.4,0
616,9,352763.25,39195.916666666664,53567.3,22541.16,9658.334063303826,9,15.0,129286.96,8619.130666666668,38251.4,15.0,0.2464117409331455,0.3664978140438382,-223476.28999999998,24.0,482050.21,0,109.93333333333334,69.71993055555555,8,0.0,1.125,40008.84,44785.57,51615.652,7,38940.67285714286,2.0,40089.270000000004,0.02949607848510652,-5.0,9,15.0,1.6666666666666667,1
617,12,416840.38,34736.698333333334,49150.14,1935.12,14529.4694212373,12,9.0,101096.17,11232.907777777778,68024.92,9.0,0.4182743357417715,0.2425296944600233,-315744.21,21.0,517936.55,0,818.2333333333333,59.117349537037036,12,0.0,1.0,37955.205,43268.825,47277.9455,9,40374.08666666667,3.0,17824.533333333333,-0.55851550326092,-6.0,12,9.0,0.75,1
618,8,25286.68,3160.835,6129.99,704.61,1828.1278097238478,8,8.0,130275.12,16284.39,46093.79,8.0,0.5783686303536401,5.15192662698306,104988.44,16.0,155561.8,0,6080.633333333333,78.6078125,8,0.0,1.0,2900.71,4411.4825,5646.492999999999,6,3048.883333333333,2.0,3496.6899999999996,0.14687563206201168,-4.0,8,8.0,1.0,0
619,7,20147.190000000002,2878.1700000000005,4805.13,1182.47,1193.1592524749858,7,8.0,94234.31,11779.28875,23044.9,8.0,0.4145548221526128,4.677292962442901,74087.12,15.0,114381.5,0,3076.383333333333,71.0995138888889,7,0.0,1.0,2936.86,3409.88,4508.579999999999,5,3405.112,2.0,1560.815,-0.5416259435812978,-3.0,7,8.0,1.1428571428571428,0
620,8,32856.19,4107.02375,5655.5,2538.91,1097.967682804885,8,5.0,81435.90000000001,16287.180000000002,46772.23,5.0,0.26733901473174704,2.478555791161422,48579.71000000001,13.0,114292.09000000001,0,608.2666666666667,62.730243055555555,7,0.0,1.1428571428571428,3856.4849999999997,4997.7225,5565.403,6,4110.296666666666,2.0,4097.205,-0.0031850904517028967,-4.0,8,5.0,0.625,0
621,31,415385.02,13399.51677419355,25216.02,1153.52,6242.207013804966,31,13.0,201495.1,15499.623076923077,54761.84,12.0,0.4658531437362713,0.48508032379212906,-213889.92,44.0,616880.12,0,495.1,83.18877314814814,29,0.0,1.0689655172413792,13578.45,17891.035,23306.29,22,13566.421363636364,9.0,12991.527777777777,-0.04237621480632613,-13.0,31,12.0,0.3870967741935484,1
622,8,14157.35,1769.66875,4500.52,100.0,1741.6059844247002,8,12.0,127316.26,10609.688333333334,37503.7,12.0,0.984142362475859,8.992944301016786,113158.90999999999,20.0,141473.61,0,4524.466666666666,81.21159722222222,8,0.0,1.0,1260.31,2231.4175,4468.999,6,2100.4500000000003,2.0,777.325,-0.6299245399795282,-4.0,8,12.0,1.5,0
623,10,325876.73,32587.673,50899.05,564.22,15973.942005085135,10,12.0,366219.42,30518.285,102489.67,12.0,0.4901835735581714,1.1237973941864459,40342.69,22.0,692096.1499999999,0,304.6333333333333,76.12766203703704,9,0.0,1.1111111111111112,36612.05,42602.0675,50651.019,7,32304.925714285717,3.0,33247.416666666664,0.029174837320989844,-4.0,10,12.0,1.2,0
624,5,15268.27,3053.654,4132.08,1407.22,1050.2356973936853,5,11.0,222161.77,20196.524545454544,51056.29,11.0,0.34392753645098145,14.550552878616895,206893.5,16.0,237430.03999999998,0,6305.133333333333,82.35344907407408,5,0.0,1.0,2996.77,3778.26,4061.316,4,2784.0475,1.0,4132.08,0.4841988148549907,-3.0,5,11.0,2.2,0
625,10,265008.76,26500.876,51532.35,6033.22,17813.10653199192,9,9.0,115134.86,12792.762222222222,27397.39,9.0,0.6721704796472359,0.4344568081447572,-149873.90000000002,19.0,380143.62,0,4975.616666666667,77.95846064814815,10,0.0,1.0,28680.239999999998,41481.13,49485.169499999996,7,21920.83142857143,3.0,37187.64666666667,0.696452380825145,-4.0,9,9.0,1.0,1
626,9,31824.49,3536.0544444444445,6376.61,1518.13,1691.5625323211607,9,7.0,219325.66,31332.237142857142,49833.04,7.0,0.47837570345637737,6.891725837554663,187501.17,16.0,251150.15,0,799.4,58.48678240740741,8,0.0,1.125,3196.94,4123.51,6169.938,7,3963.094285714286,2.0,2041.415,-0.48489365813004703,-5.0,9,7.0,0.7777777777777778,0
627,18,210772.21,11709.567222222222,24949.57,1066.59,6199.718533754107,18,5.0,81183.17,16236.634,26679.88,5.0,0.529457529565088,0.38517017969304396,-129589.04,23.0,291955.38,0,848.5166666666667,85.08979166666667,17,0.0,1.0588235294117647,11400.744999999999,16348.235,20346.20799999999,13,12456.105384615385,5.0,9768.568,-0.21576064922626456,-8.0,18,5.0,0.2777777777777778,0
628,7,18196.8,2599.542857142857,5588.4,207.57,2001.6671053958523,7,7.0,87898.64,12556.948571428571,31709.6,7.0,0.7700073495213976,4.830444913391366,69701.84,14.0,106095.44,0,2617.866666666667,48.72545138888889,7,0.0,1.0,1870.6,4041.0,5284.799999999999,5,3149.714,2.0,1224.115,-0.6113567771550051,-3.0,7,7.0,1.0,0
629,4,210358.04,52589.51,64872.96,28606.58,16301.334357671461,4,7.0,109731.14,15675.877142857144,47026.89,7.0,0.30997311740823336,0.5216398669620614,-100626.90000000001,11.0,320089.18,0,3610.233333333333,37.33575231481481,4,0.0,1.0,58439.25,60918.6975,64082.1075,3,50252.47666666666,1.0,59600.61,0.18602333563261206,-2.0,4,7.0,1.75,0
630,30,394878.29,13162.609666666665,24377.33,5320.3,5300.988766076136,29,13.0,232833.12,17910.239999999998,49115.07,13.0,0.4027308338026993,0.5896326181923043,-162045.16999999998,43.0,627711.4099999999,0,318.0,83.16008101851853,26,0.0,1.1538461538461537,12364.515,17880.4775,21009.49499999999,21,13431.126190476192,9.0,12536.07111111111,-0.06664035961479922,-12.0,29,13.0,0.4482758620689655,1
631,11,201118.99,18283.544545454544,36132.88,7449.16,8936.6174861917,11,7.0,93391.1,13341.585714285715,76630.21,7.0,0.4887792661852007,0.4643574433224829,-107727.88999999998,18.0,294510.08999999997,0,865.4333333333333,81.50568287037036,10,0.0,1.1,17244.96,21539.705,33393.58,8,19588.22,3.0,14804.410000000002,-0.24421871920981075,-5.0,11,7.0,0.6363636363636364,0
632,33,344849.61,10449.988181818182,20575.4,951.47,5328.791992735933,33,8.0,111587.04,13948.38,77319.92,8.0,0.5099328248052413,0.32358174915726307,-233262.57,41.0,456436.64999999997,0,425.2,84.86606481481482,27,0.0,1.2222222222222223,10257.47,15297.21,18350.307999999994,24,10114.966666666667,9.0,11343.378888888888,0.12144500943046982,-15.0,33,8.0,0.24242424242424243,1
633,6,21317.24,3552.8733333333334,4896.95,1620.76,1267.7468327496097,6,7.0,215385.49,30769.355714285713,94943.59,7.0,0.3568229750426255,10.103816910631958,194068.25,13.0,236702.72999999998,0,2451.983333333333,43.13481481481482,6,0.0,1.0,3879.98,4441.5625,4787.7675,5,3588.5739999999996,1.0,3374.37,-0.059690562323641574,-4.0,6,7.0,1.1666666666666667,0
634,5,15273.119999999999,3054.624,4385.19,2274.31,951.3180602879354,5,7.0,136292.85,19470.407142857144,37258.9,7.0,0.31143540425529803,8.923707140387819,121019.73000000001,12.0,151565.97,0,191.83333333333334,41.7494212962963,4,0.0,1.25,2519.2,3737.84,4255.719999999999,4,3249.7025,1.0,2274.31,-0.3001482443392895,-3.0,5,7.0,1.4,0
635,2,2306.55,1153.275,2206.55,100.0,1489.5557899085218,2,7.0,105245.0,15035.0,23955.48,7.0,1.2915876871591958,45.628752899351845,102938.45,9.0,107551.55,0,42886.066666666666,29.781990740740742,2,0.0,1.0,1153.275,1679.9125000000001,2101.2225,2,1153.275,0.0,0.0,-1.0,-2.0,2,7.0,3.5,0
636,6,18991.18,3165.1966666666667,4410.99,1551.6,1184.4392093419851,6,13.0,258955.6,19919.66153846154,52773.05,13.0,0.3742071454249768,13.635571881262775,239964.42,19.0,277946.78,0,6625.2,51.10960648148148,6,0.0,1.0,3410.625,4100.2075,4368.66,5,3405.1020000000003,1.0,1965.67,-0.422728012259251,-4.0,6,13.0,2.1666666666666665,0
637,13,429384.15,33029.55,51602.22,13953.54,14333.295790914592,13,10.0,102920.12,10292.011999999999,37005.5,10.0,0.4339537108714648,0.2396924059726005,-326464.03,23.0,532304.27,0,700.5666666666667,80.95759259259259,13,0.0,1.0,30364.73,49263.21,50283.294,10,31939.054000000004,3.0,36664.53666666667,0.14795311929610258,-7.0,13,10.0,0.7692307692307693,1
638,11,325115.3,29555.936363636363,44771.85,6652.46,10710.955095584402,11,9.0,68386.79000000001,7598.532222222223,17435.2,9.0,0.36239606703046096,0.21034626792402575,-256728.50999999998,20.0,393502.08999999997,0,1552.0333333333333,85.41774305555556,11,0.0,1.0,27869.7,35803.235,43888.865,8,27926.0,3.0,33902.433333333334,0.21400964453675192,-5.0,11,9.0,0.8181818181818182,1
639,21,250601.06,11933.38380952381,23085.39,100.0,6062.647032984418,21,8.0,98451.20999999999,12306.401249999999,45259.52,8.0,0.5080408985208313,0.392860309529417,-152149.85,29.0,349052.27,0,43.36666666666667,78.92362268518518,19,0.0,1.105263157894737,12577.45,15570.92,19626.92,15,11705.052,6.0,12504.213333333333,0.06827490670979791,-9.0,21,8.0,0.38095238095238093,0
640,10,163943.89,16394.389000000003,22584.04,7679.52,5273.8576499801775,10,7.0,49799.85,7114.2642857142855,23216.31,7.0,0.32168674599463126,0.30376154914952913,-114144.04000000001,17.0,213743.74000000002,0,57.15,78.8931712962963,9,0.0,1.1111111111111112,17809.13,20336.7875,21851.9845,7,16415.637142857144,3.0,16344.81,-0.004314614305906667,-4.0,10,7.0,0.7,0
641,13,493686.58999999997,37975.89153846154,47652.49,28741.34,5204.859203953625,13,7.0,93672.42,13381.774285714286,58053.0,7.0,0.13705693251946974,0.18974066117534205,-400014.17,20.0,587359.01,0,2403.8166666666666,73.19043981481481,13,0.0,1.0,35864.15,42331.86,44981.37399999999,10,38123.191999999995,3.0,37484.89,-0.016743141550161805,-7.0,13,7.0,0.5384615384615384,1
642,27,315181.28,11673.380740740742,28415.19,100.0,7966.742511290258,27,13.0,124411.51,9570.116153846153,27961.8,13.0,0.6824708872457049,0.3947300106148436,-190769.77000000002,40.0,439592.79000000004,0,147.93333333333334,85.88805555555555,20,0.0,1.35,9206.08,16174.57,25993.980999999996,19,11490.781052631579,8.0,12107.055,0.05363203289190551,-11.0,27,13.0,0.48148148148148145,0
643,11,32651.6,2968.3272727272724,5956.94,416.76,1822.203884542511,11,4.0,63437.479999999996,15859.369999999999,27231.03,4.0,0.6138824048428753,1.942859767974617,30785.879999999997,15.0,96089.07999999999,0,4601.616666666667,71.95788194444444,11,0.0,1.0,2905.94,3591.21,5937.135,8,3018.93125,3.0,2833.383333333333,-0.06146145814571527,-5.0,11,4.0,0.36363636363636365,0
644,7,12796.2,1828.0285714285715,5232.17,100.0,1937.7306623507525,7,8.0,125607.54000000001,15700.942500000001,55180.62,8.0,1.0600111467822688,9.81600318844657,112811.34000000001,15.0,138403.74000000002,0,3353.9,76.19649305555555,7,0.0,1.0,1759.08,2752.4750000000004,4598.164999999999,5,2519.2400000000002,2.0,100.0,-0.9603054889569871,-3.0,7,8.0,1.1428571428571428,0
645,8,352724.62,44090.5775,73304.15,28256.44,15226.150812320744,8,7.0,170623.15000000002,24374.735714285718,80833.94,7.0,0.3453379764037054,0.48372906319950115,-182101.46999999997,15.0,523347.77,0,1048.7,70.20951388888889,8,0.0,1.0,43616.095,50215.8875,66587.04799999998,6,39858.24333333333,2.0,56787.58,0.4247386550653304,-4.0,8,7.0,0.875,0
646,4,59606.56,14901.64,22399.01,7396.1,7757.83382543091,4,13.0,134994.07,10384.159230769232,32249.75,13.0,0.5206026870486007,2.2647518997908955,75387.51000000001,17.0,194600.63,0,12217.166666666666,75.20760416666667,4,0.0,1.0,14905.724999999999,21152.524999999998,22149.712999999996,3,12956.51,1.0,20737.03,0.6005104769725796,-2.0,4,13.0,3.25,0
647,4,11849.32,2962.33,5540.68,1422.01,1822.4379877698627,4,12.0,256834.26,21402.855,110189.94,12.0,0.6152042438789274,21.67502101386409,244984.94,16.0,268683.58,0,2134.4,57.878680555555555,4,0.0,1.0,2443.315,3554.995,5143.543,3,3285.263333333334,1.0,1993.53,-0.39319019581383136,-2.0,4,12.0,3.0,0
648,5,15225.650000000001,3045.13,4214.07,1715.55,912.6492862266424,5,11.0,97634.39,8875.853636363636,20526.46,10.0,0.29970782404253427,6.412494047873161,82408.73999999999,16.0,112860.04000000001,0,51.05,24.591944444444444,4,0.0,1.25,3242.68,3307.57,4032.7699999999995,4,2979.52,1.0,3307.57,0.11010162710772212,-3.0,5,10.0,2.0,0
649,10,377252.89,37725.289000000004,54647.77,23259.48,12515.630452166113,10,7.0,68771.89,9824.555714285714,20978.93,7.0,0.33175704637189424,0.1822965226323382,-308481.0,17.0,446024.78,0,477.6666666666667,74.20711805555555,9,0.0,1.1111111111111112,37402.86,47484.8375,53271.5485,7,37189.47285714286,3.0,38975.526666666665,0.04802578988910747,-4.0,10,7.0,0.7,1
650,4,7134.1900000000005,1783.5475000000001,3373.79,994.07,1076.683988437802,4,10.0,144004.15,14400.414999999999,36548.84,10.0,0.6036755334174179,20.185073568267732,136869.96,14.0,151138.34,0,3178.15,34.46818287037037,4,0.0,1.0,1383.165,1918.2725,3082.6864999999993,3,1933.6533333333334,1.0,1333.23,-0.3105123979479259,-2.0,4,10.0,2.5,0
651,10,26790.34,2679.034,4092.66,1481.67,946.9741437066214,10,6.0,55269.56,9211.593333333332,15231.36,6.0,0.35347597070683734,2.0630406333028994,28479.219999999998,16.0,82059.9,0,6245.333333333333,82.1830787037037,10,0.0,1.0,2395.2200000000003,3521.2075,3979.2419999999997,7,2689.175714285714,3.0,2655.37,-0.012571032121898184,-4.0,10,6.0,0.6,0
652,10,214328.26,21432.826,69677.86,100.0,21043.022533805568,10,6.0,212403.54,35400.590000000004,72581.1,6.0,0.9818127825889861,0.9910197563307797,-1924.7200000000012,16.0,426731.80000000005,0,976.3666666666667,60.899340277777775,9,0.0,1.1111111111111112,15566.585,32628.760000000002,54278.30199999997,7,18460.577142857142,3.0,28368.073333333334,0.5366839895528212,-4.0,10,6.0,0.6,0
653,17,548375.96,32257.409411764704,51484.38,1861.65,11972.145076681889,16,10.0,97993.2,9799.32,25235.33,10.0,0.37114403465752244,0.1786971113759254,-450382.75999999995,27.0,646369.1599999999,0,532.3833333333333,83.3965162037037,16,0.0,1.0625,29707.42,41197.1,51430.1,12,36808.06916666667,5.0,21335.826,-0.42034922007477393,-7.0,16,10.0,0.625,1
654,3,7375.99,2458.6633333333334,3074.03,1995.27,555.205101681652,3,15.0,132817.6,8854.506666666666,42147.45,15.0,0.22581583015228543,18.006748924551147,125441.61,18.0,140193.59,0,5779.5,35.951331018518516,3,0.0,1.0,2306.69,2690.36,2997.2960000000003,3,2458.6633333333334,0.0,0.0,-1.0,-3.0,3,15.0,5.0,0
655,13,230777.94,17752.14923076923,30758.99,6659.38,6396.63499303014,13,7.0,137378.76,19625.537142857145,61769.47,7.0,0.3603301724133243,0.5952854939254593,-93399.18,20.0,368156.7,0,329.35,71.84157407407407,12,0.0,1.0833333333333333,17960.18,21808.57,28022.629999999994,10,18579.313000000002,3.0,14994.936666666666,-0.19292297478024806,-7.0,13,7.0,0.5384615384615384,0
656,5,12872.06,2574.412,3491.42,1030.42,989.3503729569217,5,11.0,218838.16,19894.37818181818,78150.68,11.0,0.38430149212982295,17.001020815627026,205966.1,16.0,231710.22,0,11.933333333333334,67.06137731481482,4,0.0,1.25,3006.84,3163.89,3425.9139999999998,4,2960.41,1.0,1030.42,-0.6519333470701693,-3.0,5,11.0,2.2,0
657,7,125466.38,17923.768571428573,30510.17,8523.78,7612.976642550158,7,13.0,144032.06,11079.389230769231,52665.38,13.0,0.424741962730184,1.1479733455288978,18565.679999999993,20.0,269498.44,0,5649.216666666666,67.32541666666667,7,0.0,1.0,19605.74,21377.004999999997,28238.491999999995,5,17208.908,2.0,19710.92,0.1453905151913183,-3.0,7,13.0,1.8571428571428572,0
658,4,11940.23,2985.0575,4973.53,1378.45,1561.7976221729243,4,6.0,21631.11,3605.185,10979.43,6.0,0.5232052053177951,1.8116158566459777,9690.880000000001,10.0,33571.34,0,16384.533333333333,62.94116898148148,4,0.0,1.0,2794.125,3785.6875,4735.961499999999,3,3247.24,1.0,2198.51,-0.3229604217735676,-2.0,4,6.0,1.5,0
659,2,86554.62,43277.31,56327.38,30227.24,18455.585983918252,2,7.0,107858.23,15408.31857142857,37002.46,7.0,0.4264494716496532,1.2461290916648933,21303.61,9.0,194412.84999999998,0,38760.38333333333,26.91693287037037,2,0.0,1.0,43277.31,49802.345,55022.373,2,43277.31,0.0,0.0,-1.0,-2.0,2,7.0,3.5,0
660,11,35326.65,3211.5136363636366,7750.26,442.2,1984.0372537040362,11,15.0,148480.91,9898.727333333334,41490.8,15.0,0.6177888305498652,4.203084923138763,113154.26000000001,26.0,183807.56,0,864.9166666666666,68.94606481481482,11,0.0,1.0,2795.64,3818.68,6546.91,8,3421.84625,3.0,2650.6266666666666,-0.22538113257816114,-5.0,11,15.0,1.3636363636363635,0
661,6,22943.0,3823.8333333333335,5164.65,2065.3,1296.0849153611296,6,15.0,197553.29,13170.219333333334,57617.06,15.0,0.33894911267780053,8.610612823083294,174610.29,21.0,220496.29,0,4701.883333333333,82.7294212962963,6,0.0,1.0,4097.41,4853.4275,5132.795,5,4092.4,1.0,2481.0,-0.3937542762193334,-4.0,6,15.0,2.5,0
662,11,196579.52,17870.865454545452,24592.63,100.0,7712.721008382664,10,8.0,95547.42,11943.4275,18971.75,8.0,0.43158072159403643,0.4860497166744532,-101032.09999999999,19.0,292126.94,0,1383.5166666666667,85.37113425925926,11,0.0,1.0,21034.6,22898.04,24017.595,8,19355.645,3.0,13911.453333333333,-0.28127151880842344,-5.0,10,8.0,0.8,0
663,12,36015.12,3001.26,6002.37,100.0,1862.3108065811923,12,7.0,53222.950000000004,7603.278571428572,29259.95,7.0,0.6205096548053791,1.4777946040440793,17207.83,19.0,89238.07,0,1880.8333333333333,84.82969907407407,12,0.0,1.0,2954.4750000000004,4513.9875,5691.862,9,2785.6766666666667,3.0,3648.01,0.30955973593489555,-6.0,12,7.0,0.5833333333333334,0
664,10,34125.75,3412.575,5188.7,100.0,1676.4198790295811,10,10.0,69136.42,6913.642,24639.81,10.0,0.4912477759549845,2.0259311516962994,35010.67,20.0,103262.17,0,2292.766666666667,75.56047453703704,10,0.0,1.0,3912.6000000000004,4632.0075,4960.1269999999995,7,3260.671428571429,3.0,3767.0166666666664,0.15528864198288095,-4.0,10,10.0,1.0,0
665,5,10122.21,2024.4419999999998,3551.0,819.74,1009.7980491761708,5,4.0,36744.130000000005,9186.032500000001,18843.61,4.0,0.49880315127633734,3.630050157030926,26621.920000000006,9.0,46866.340000000004,0,9430.966666666667,72.34371527777778,5,0.0,1.0,1940.72,2267.12,3294.2239999999997,4,1963.7725,1.0,2267.12,0.15447181381753733,-3.0,5,4.0,0.8,0
666,12,387472.17,32289.3475,62368.93,8386.64,15119.070672581413,12,10.0,66562.48000000001,6656.248000000001,18509.56,10.0,0.4682371073798073,0.17178647952961373,-320909.68999999994,22.0,454034.65,0,383.8,86.76789351851852,11,0.0,1.0909090909090908,34052.755,41679.955,52771.49599999999,9,31822.634444444448,3.0,33689.486666666664,0.05866428895072604,-6.0,12,10.0,0.8333333333333334,1
667,23,268612.08999999997,11678.786521739128,24639.81,805.92,6237.5961529077185,23,10.0,166823.15,16682.315,44109.41,9.0,0.5340962557451437,0.6210559993781367,-101788.93999999997,33.0,435435.24,1,1.95,81.10413194444445,20,0.043478260869565216,1.15,11052.75,16531.76,21434.295999999995,17,12068.135294117646,6.0,10575.631666666666,-0.12367309373623522,-11.0,23,9.0,0.391304347826087,1
668,12,303027.79,25252.31583333333,50207.77,100.0,14739.793808885004,12,6.0,132671.63999999998,22111.94,65415.95,6.0,0.5837006754615478,0.43782004284161524,-170356.15,18.0,435699.42999999993,0,1374.3,77.47741898148148,12,0.0,1.0,24528.54,37052.51,45450.84749999999,9,24243.79888888889,3.0,28277.86666666667,0.1663958604947272,-6.0,12,6.0,0.5,1
669,6,13846.94,2307.8233333333333,5727.68,929.8,1801.6712259973149,6,9.0,145435.43,16159.492222222221,56365.98,9.0,0.7806798726638441,10.503073603265413,131588.49,15.0,159282.37,0,2273.5,26.30320601851852,6,0.0,1.0,1773.6,2498.0025,4942.547500000001,5,2583.428,1.0,929.8,-0.6400906082925477,-4.0,6,9.0,1.5,0
670,4,10296.95,2574.2375,4185.82,1264.68,1422.7274040699667,4,8.0,134332.02,16791.5025,86894.13,8.0,0.5526791541456321,13.045806768023539,124035.06999999999,12.0,144628.97,0,12988.816666666668,74.72380787037036,4,0.0,1.0,2423.225,3558.325,4060.3209999999995,3,2315.93,1.0,3349.16,0.44614042738770177,-2.0,4,8.0,2.0,0
671,8,35957.88,4494.735,8578.73,1106.74,2458.411794855718,8,6.0,162817.53,27136.255,106594.79,6.0,0.5469536679816982,4.52800693478036,126859.65,14.0,198775.41,0,319.3666666666667,66.68206018518518,6,0.0,1.3333333333333333,4447.465,5619.57,7974.794499999999,6,5272.386666666666,2.0,2161.78,-0.5899807550786613,-4.0,8,6.0,0.75,0
672,6,290808.48,48468.079999999994,72868.56,32982.57,14924.341593112911,6,6.0,50923.78,8487.296666666667,28230.39,6.0,0.3079210398495858,0.17511105590868603,-239884.69999999998,12.0,341732.26,0,4609.833333333333,67.2734375,6,0.0,1.0,45419.630000000005,55495.1125,68938.41,5,46732.10400000001,1.0,57147.96,0.22288437944073716,-4.0,6,6.0,1.0,0
673,14,321932.37,22995.169285714284,42210.7,100.0,13041.454104089931,14,8.0,115135.11000000002,14391.888750000002,44636.4,8.0,0.5671388604297823,0.35763756841227246,-206797.25999999998,22.0,437067.48,0,1265.1833333333334,84.6749074074074,14,0.0,1.0,23501.02,34403.265,41257.3125,10,18069.874,4.0,35308.4075,0.953993010687291,-6.0,14,8.0,0.5714285714285714,0
674,12,413987.89,34498.99083333334,54032.08,15422.89,12307.378535910488,12,9.0,118790.41,13198.934444444445,46489.49,9.0,0.3567460449892045,0.28694175088068397,-295197.48,21.0,532778.3,0,1403.1666666666667,73.9934375,12,0.0,1.0,32307.09,46820.8425,50461.3865,9,34575.63,3.0,34269.073333333334,-0.008866264090246908,-6.0,12,9.0,0.75,1
675,5,302840.53,60568.10600000001,88841.4,36868.82,21111.145679180463,5,3.0,18805.239999999998,6268.413333333333,12860.56,3.0,0.34855218486079886,0.06209617979469259,-284035.29000000004,8.0,321645.77,0,14592.716666666667,66.24686342592592,5,0.0,1.0,55177.58,74981.64,86069.44799999999,4,56964.722499999996,1.0,74981.64,0.3162820199817528,-3.0,5,3.0,0.6,0
676,6,17948.6,2991.433333333333,3631.81,2542.31,374.63722093068475,6,17.0,223628.93,13154.64294117647,54748.51,17.0,0.12523669398081794,12.459407976109558,205680.33,23.0,241577.53,0,6742.366666666667,85.1904050925926,6,0.0,1.0,2946.705,3100.1375,3508.0325,5,3009.1279999999997,1.0,2902.96,-0.035281982022698825,-4.0,6,17.0,2.8333333333333335,0
677,5,65165.31,13033.062,21659.26,5316.29,6167.863864833594,5,10.0,79446.11,7944.611,38523.56,10.0,0.47324748895030144,1.2191472732961757,14280.800000000003,15.0,144611.41999999998,0,12976.2,73.98984953703703,5,0.0,1.0,14288.42,14623.8,20252.167999999998,4,13971.9425,1.0,9277.54,-0.3359878198754396,-3.0,5,10.0,2.0,0
678,2,7578.06,3789.03,4392.02,3186.04,852.7566359753529,2,10.0,129311.95999999999,12931.196,31122.44,10.0,0.22505935185927609,17.063992631359476,121733.9,12.0,136890.02,0,3761.15,2.6119097222222223,2,0.0,1.0,3789.03,4090.5250000000005,4331.7210000000005,2,3789.03,0.0,0.0,-1.0,-2.0,2,10.0,5.0,0
679,10,33893.64,3389.364,5666.71,921.07,1570.2407883520425,10,9.0,95555.02,10617.224444444444,36019.41,9.0,0.4632847898166271,2.819261076709377,61661.380000000005,19.0,129448.66,0,3811.05,87.52541666666667,10,0.0,1.0,2983.335,4717.905000000001,5588.1804999999995,7,3125.64,3.0,4004.72,0.28124800040951614,-4.0,10,9.0,0.9,0
680,7,24930.02,3561.4314285714286,5236.36,503.05,1762.9129137635489,7,10.0,207889.54,20788.954,53567.3,10.0,0.49500122327799345,8.338923915825179,182959.52000000002,17.0,232819.56,0,6973.75,71.12273148148148,7,0.0,1.0,4441.33,4872.655000000001,5138.602,5,3130.7760000000003,2.0,4638.07,0.4814442170247885,-3.0,7,10.0,1.4285714285714286,0
681,4,11441.9,2860.475,3631.85,1569.48,895.8305503646694,4,8.0,133133.23,16641.65375,41558.82,8.0,0.31317545175702266,11.635587620937084,121691.33000000002,12.0,144575.13,0,3614.15,46.03611111111111,4,0.0,1.0,3120.285,3303.41,3566.162,3,2749.3233333333333,1.0,3193.93,0.16171494319208238,-2.0,4,8.0,2.0,0
682,9,33636.6,3737.3999999999996,5383.27,2362.47,1052.0264518656365,9,6.0,75835.3,12639.216666666667,25641.92,6.0,0.2814861807314274,2.2545471302093554,42198.700000000004,15.0,109471.9,0,145.11666666666667,69.51870370370371,8,0.0,1.125,3187.52,4370.89,5272.478,7,4016.022857142857,2.0,2762.22,-0.31220012976590916,-5.0,9,6.0,0.6666666666666666,0
683,2,5034.22,2517.11,4008.56,1025.66,2109.2288176013526,2,8.0,221103.58000000002,27637.947500000002,68821.59,8.0,0.8379565523959431,43.9201266531856,216069.36000000002,10.0,226137.80000000002,0,61830.76666666667,42.938032407407405,2,0.0,1.0,2517.11,3262.835,3859.415,2,2517.11,0.0,0.0,-1.0,-2.0,2,8.0,4.0,0
684,9,16191.08,1799.0088888888888,2891.05,774.56,832.8750208981603,9,9.0,94572.23,10508.025555555556,57384.63,9.0,0.46296326051649694,5.8410081353436585,78381.15,18.0,110763.31,0,47.13333333333333,75.67664351851852,8,0.0,1.125,1721.69,2603.94,2877.718,7,1658.81,2.0,2289.705,0.38032987503089566,-5.0,9,9.0,1.0,0
685,7,310384.25,44340.607142857145,68024.92,24173.02,16099.19478779163,7,4.0,64297.89,16074.4725,57277.89,4.0,0.3630801611697159,0.20715577546218922,-246086.36,11.0,374682.14,0,2401.7166666666667,44.964618055555555,7,0.0,1.0,42118.14,53696.875,66110.91399999999,5,45513.544,2.0,41408.265,-0.09019906250324083,-3.0,7,4.0,0.5714285714285714,0
686,11,32946.31,2995.1190909090906,5275.2,396.16,1562.5262241860426,11,10.0,168868.97,16886.897,61275.19,10.0,0.5216908499327078,5.125580679596593,135922.66,21.0,201815.28,0,1738.2833333333333,57.124143518518515,11,0.0,1.0,2821.89,4241.925,5103.17,8,3146.57875,3.0,2591.226666666667,-0.1764939407072946,-5.0,11,10.0,0.9090909090909091,0
687,8,20703.25,2587.90625,4640.02,442.29,1455.5159548218878,8,11.0,169867.97,15442.542727272727,69143.53,11.0,0.5624299391919193,8.204893917621629,149164.72,19.0,190571.22,0,2581.35,65.75946759259259,8,0.0,1.0,2581.8199999999997,3762.9300000000003,4368.7699999999995,6,2874.5066666666667,2.0,1728.105,-0.3988168404549418,-4.0,8,11.0,1.375,0
688,8,229553.16999999998,28694.146249999998,50804.24,100.0,16947.27873212345,8,16.0,327910.76,20494.4225,112433.23,16.0,0.5906179812589284,1.428474109070243,98357.59000000003,24.0,557463.9299999999,0,520.85,62.30212962962963,8,0.0,1.0,26889.025,43299.735,48723.68949999999,6,30753.778333333332,2.0,22515.25,-0.26788670465260445,-4.0,8,16.0,2.0,1
689,30,306341.07,10211.369,21049.53,100.0,5614.037897138374,30,7.0,114169.53,16309.932857142858,30927.72,7.0,0.5497830797357703,0.372687638650606,-192171.54,37.0,420510.6,0,64.18333333333334,85.4606712962963,24,0.0,1.25,10055.69,14559.6375,18336.347499999996,21,10240.365714285714,9.0,10143.71,-0.009438697501874961,-12.0,30,7.0,0.23333333333333334,1
690,9,22532.91,2503.6566666666668,4609.9,892.57,1160.4724890534887,9,12.0,204964.72,17080.393333333333,81677.47,12.0,0.46351103348308753,9.096238346489645,182431.81,21.0,227497.63,0,79.45,75.49996527777778,8,0.0,1.125,2354.84,3026.16,4228.704,7,2510.128571428572,2.0,2481.005,-0.011602422186683779,-5.0,9,12.0,1.3333333333333333,0
691,7,22195.04,3170.7200000000003,6776.74,895.53,2099.5947614718416,7,8.0,49150.799999999996,6143.849999999999,21140.37,8.0,0.6621823312912656,2.214494770002667,26955.759999999995,15.0,71345.84,0,5016.3,51.42086805555556,7,0.0,1.0,2924.05,4106.885,6246.519999999999,5,2081.792,2.0,5893.04,1.8307535046728973,-3.0,7,8.0,1.1428571428571428,0
692,8,173030.32,21628.79,28974.6,3909.3,8495.364830965178,8,12.0,145029.53,12085.794166666667,32624.63,12.0,0.3927804019996115,0.8381740841720687,-28000.790000000008,20.0,318059.85,0,742.5666666666667,72.26258101851852,7,0.0,1.1428571428571428,24355.71,26730.7475,28910.7985,6,24509.801666666666,2.0,12985.755,-0.4701811472566656,-4.0,8,12.0,1.5,0
693,2,4654.54,2327.27,3146.07,1508.47,1157.9580648710903,2,6.0,84918.63,14153.105000000001,33307.58,6.0,0.49756068907822915,18.24425829405269,80264.09000000001,8.0,89573.17,0,26866.766666666666,18.65747685185185,2,0.0,1.0,2327.27,2736.67,3064.19,2,2327.27,0.0,0.0,-1.0,-2.0,2,6.0,3.0,0
694,2,4919.86,2459.93,3688.12,1231.74,1736.9229551710114,2,10.0,147821.11,14782.110999999999,43561.64,10.0,0.7060863338269835,30.045796018585893,142901.25,12.0,152740.96999999997,0,104582.76666666666,72.6269212962963,2,0.0,1.0,2459.93,3074.0249999999996,3565.301,2,2459.93,0.0,0.0,-1.0,-2.0,2,10.0,5.0,0
695,6,101952.41,16992.068333333333,24710.06,4643.25,7780.002815818042,6,9.0,131996.63,14666.292222222222,46885.6,9.0,0.4578608479672845,1.2946886689583894,30044.22,15.0,233949.04,0,3165.9666666666667,41.89384259259259,6,0.0,1.0,17183.905,23527.735,24657.3275,5,15448.470000000001,1.0,24710.06,0.5995150328802787,-4.0,6,9.0,1.5,0
696,7,18845.09,2692.155714285714,4624.61,1131.84,1137.684978349413,6,12.0,215891.22,17990.935,80037.86,12.0,0.4225925611629285,11.456099174904445,197046.13,19.0,234736.31,0,109.81666666666666,76.48780092592592,6,0.0,1.1666666666666667,2904.15,3129.39,4235.968999999999,5,2428.656,2.0,3350.9049999999997,0.37973636447483705,-3.0,6,12.0,2.0,0
697,5,206322.77,41264.554,59243.56,26581.27,13376.632905269173,5,9.0,78374.08,8708.231111111112,25422.04,9.0,0.32416763562424966,0.37986151504266835,-127948.68999999999,14.0,284696.85,0,1031.1,43.34298611111111,4,0.0,1.25,35879.67,50844.78,57563.804,4,43137.32,1.0,33773.49,-0.21707027696667297,-3.0,5,9.0,1.8,1
698,2,63592.69,31796.345,44941.72,18650.97,18590.367607480224,2,11.0,113821.31,10347.391818181817,34925.43,11.0,0.5846699552253639,1.789848959054885,50228.619999999995,13.0,177414.0,0,97642.65,67.80739583333333,2,0.0,1.0,31796.345,38369.0325,43627.1825,2,31796.345,0.0,0.0,-1.0,-2.0,2,11.0,5.5,0
699,9,326077.36,36230.817777777775,45945.48,25709.37,7062.496653881999,9,11.0,266573.12,24233.92,64872.96,11.0,0.19493064432605195,0.8175149602536036,-59504.23999999999,20.0,592650.48,0,1203.0166666666667,70.30219907407407,9,0.0,1.0,34653.56,41359.6,45669.452000000005,7,36444.654285714285,2.0,35482.39,-0.026403441178792512,-5.0,9,11.0,1.2222222222222223,1
700,4,15359.4,3839.85,4611.75,3332.94,570.4857598573343,4,9.0,146673.74,16297.082222222221,46815.7,9.0,0.14856980347079557,9.549444639764573,131314.34,13.0,162033.13999999998,0,25232.2,78.15787037037038,4,0.0,1.0,3707.355,4091.19,4507.638,3,3813.91,1.0,3917.67,0.02720567606472104,-2.0,4,9.0,2.25,0
701,4,14274.35,3568.5875,4845.37,1963.79,1191.750885165044,4,10.0,133212.95,13321.295000000002,40901.96,10.0,0.33395590977243633,9.332330368808387,118938.6,14.0,147487.30000000002,0,4010.883333333333,52.75244212962963,4,0.0,1.0,3732.5950000000003,4031.0874999999996,4682.513499999999,3,4103.52,1.0,1963.79,-0.5214376925176435,-2.0,4,10.0,2.5,0
702,8,20020.09,2502.51125,4533.19,1016.97,1371.7260511428399,8,14.0,229087.39,16363.385,33133.63,14.0,0.548139814013959,11.442875131929977,209067.30000000002,22.0,249107.48,0,809.3,68.2140625,8,0.0,1.0,2152.83,3445.54,4399.777,6,2475.185,2.0,2584.4900000000002,0.0441603354900746,-4.0,8,14.0,1.75,0
703,8,23160.02,2895.0025,7114.47,489.51,1950.5535403260717,8,11.0,152570.89,13870.08090909091,54647.77,11.0,0.6737657533373708,6.587683862103747,129410.87000000001,19.0,175730.91,0,1182.1333333333334,87.17775462962963,8,0.0,1.0,2969.3900000000003,3059.3725,5704.827499999998,6,2997.126666666667,2.0,2588.63,-0.13629609692839148,-4.0,8,11.0,1.375,0
704,12,190815.9,15901.324999999999,39822.14,100.0,9970.246328164709,12,7.0,122439.64,17491.37714285714,48996.09,7.0,0.6270072668890617,0.6416637187991148,-68376.26,19.0,313255.54,0,2905.3333333333335,78.0743287037037,12,0.0,1.0,14918.755000000001,19532.0775,31957.33799999999,9,16035.23111111111,3.0,15499.606666666667,-0.03340297627973067,-6.0,12,7.0,0.5833333333333334,0
705,4,12016.76,3004.19,4561.25,1485.63,1459.0387702182556,4,12.0,31643.25,2636.9375,4747.28,11.0,0.48566794051583145,2.6332597139328735,19626.489999999998,16.0,43660.01,0,13031.133333333333,49.23738425925926,4,0.0,1.0,2984.9399999999996,4061.3075,4461.2615,3,3510.3766666666666,1.0,1485.63,-0.5767890055483125,-2.0,4,11.0,2.75,0
706,4,226749.95,56687.4875,64018.27,51893.15,5807.102623433794,4,10.0,65488.0,6548.8,19727.75,10.0,0.10244064218640478,0.28881153005766924,-161261.95,14.0,292237.95,0,3276.7833333333333,39.14900462962963,4,0.0,1.0,55419.265,60012.25,63217.066,3,54243.89333333333,1.0,64018.27,0.1801931252722272,-2.0,4,10.0,2.5,0
707,25,259808.22,10392.3288,17271.35,100.0,4544.444116846893,25,7.0,61744.12,8820.588571428572,18539.54,7.0,0.4372883310665549,0.23765268088900343,-198064.1,32.0,321552.34,0,36.46666666666667,83.32444444444444,22,0.0,1.1363636363636365,8766.7,14429.84,16716.433999999997,18,10393.86611111111,7.0,10388.375714285716,-0.0005282343226959132,-11.0,25,7.0,0.28,1
708,35,413970.25,11827.721428571429,24461.84,100.0,5519.350667311138,34,17.0,194343.07,11431.945294117648,55744.33,17.0,0.46664530447753144,0.4694614407677847,-219627.18,52.0,608313.3200000001,0,51.03333333333333,79.83563657407407,30,0.0,1.1666666666666667,11098.73,14666.485,21660.581999999995,25,12130.463600000001,10.0,11070.866,-0.08735013227359265,-15.0,34,17.0,0.5,1
709,3,10278.47,3426.1566666666663,5517.25,2028.29,1844.8937310678177,3,6.0,51826.88,8637.813333333334,38961.88,6.0,0.5384732545995128,5.042275747265887,41548.409999999996,9.0,62105.35,0,10148.333333333334,52.928900462962964,3,0.0,1.0,2732.93,4125.09,5238.817999999999,3,3426.1566666666663,0.0,0.0,-1.0,-3.0,3,6.0,2.0,0
710,10,42350.92,4235.092,6744.04,1774.13,1679.5863311330231,10,10.0,66186.96,6618.696000000001,22034.21,10.0,0.3965879209077449,1.5628222480172806,23836.040000000008,20.0,108537.88,0,85.76666666666667,88.37319444444445,10,0.0,1.0,4305.475,5229.025,6496.2609999999995,7,4307.381428571428,3.0,4066.4166666666665,-0.05594228556273434,-4.0,10,10.0,1.0,0
711,6,67036.37,11172.728333333333,37328.84,100.0,14391.07860030153,6,12.0,192742.96,16061.913333333332,48742.11,12.0,1.288054105581928,2.875199835551955,125706.59,18.0,259779.33,0,599.5833333333334,72.23659722222222,6,0.0,1.0,6990.04,14475.09,31758.367499999997,5,10397.884,1.0,15046.95,0.44711654794379324,-4.0,6,12.0,2.0,0
712,4,143478.66,35869.665,45284.16,19020.56,11704.722525287247,4,6.0,67254.54,11209.089999999998,26753.01,6.0,0.32631256872031694,0.46874245968006667,-76224.12000000001,10.0,210733.2,0,20196.266666666666,51.2609375,4,0.0,1.0,39586.97,42757.32,44778.792,3,41486.03333333333,1.0,19020.56,-0.5415189529648934,-2.0,4,6.0,1.5,0
713,35,519991.57999999996,14856.902285714285,109891.53,100.0,17794.071827975065,35,7.0,219152.57,31307.510000000002,113290.24,7.0,1.1976973049816064,0.4214540743140495,-300839.00999999995,42.0,739144.1499999999,0,170.51666666666668,127.6250925925926,28,0.0,1.25,13464.43,16963.17,22904.660999999993,25,12986.826000000001,10.0,19532.093,0.5039928154885573,-15.0,35,7.0,0.2,1
714,8,165395.79,20674.47375,27726.16,14237.53,4350.088683693496,8,11.0,218898.52,19899.865454545452,64839.63,11.0,0.2104086776909374,1.3234830221494753,53502.72999999998,19.0,384294.31,0,1818.4333333333334,79.13212962962963,8,0.0,1.0,21897.93,22616.745000000003,26018.362999999998,6,20205.208333333332,2.0,22082.27,0.09289989173583553,-4.0,8,11.0,1.375,0
715,25,322114.57,12884.5828,24995.61,100.0,6811.780402321727,25,10.0,136676.47,13667.647,61984.8,10.0,0.5286768309115703,0.42431011425530984,-185438.1,35.0,458791.04000000004,0,209.85,79.21479166666667,23,0.0,1.0869565217391304,11899.47,18691.37,22918.363999999998,18,14016.924444444445,7.0,9972.847142857145,-0.2885138831714367,-11.0,25,10.0,0.4,1
716,13,31214.0,2401.076923076923,3987.86,821.76,842.8322746883927,13,11.0,180921.6,16447.418181818182,49497.63,11.0,0.3510226043105371,5.79616838598065,149707.6,24.0,212135.6,0,1905.7666666666667,86.47824074074074,13,0.0,1.0,2391.84,2990.22,3500.623999999999,10,2267.908,3.0,2844.9733333333334,0.2544482991961462,-7.0,13,11.0,0.8461538461538461,0
717,4,207532.29,51883.0725,60390.83,46505.25,6415.360402005878,4,14.0,169761.24,12125.802857142857,47904.29,14.0,0.12365035632779608,0.8179991653347052,-37771.05000000002,18.0,377293.53,0,16784.15,58.36604166666667,4,0.0,1.0,50318.104999999996,55040.149999999994,59320.693999999996,3,49047.15333333333,1.0,60390.83,0.23128104070735755,-2.0,4,14.0,3.5,0
718,3,5022.77,1674.256666666667,2502.48,1022.56,755.5872217244898,3,6.0,95866.76,15977.793333333333,32234.88,6.0,0.4512971259232394,19.08643238691001,90843.98999999999,9.0,100889.53,0,1512.0166666666667,19.525474537037038,3,0.0,1.0,1497.73,2000.105,2402.005,3,1674.256666666667,0.0,0.0,-1.0,-3.0,3,6.0,2.0,0
719,14,487290.68,34806.47714285714,53488.32,16973.85,9298.07181891818,14,8.0,93826.76000000001,11728.345000000001,45590.91,8.0,0.2671362511280834,0.1925478238163718,-393463.92,22.0,581117.44,0,517.9,79.28457175925926,13,0.0,1.0769230769230769,35142.46,40582.4275,46894.8695,10,37042.763,4.0,29215.7625,-0.21129634687347698,-6.0,14,8.0,0.5714285714285714,1
720,8,323342.57999999996,40417.822499999995,60641.54,14881.89,15673.881856637221,8,8.0,114827.25,14353.40625,45357.97,8.0,0.3877962959691167,0.35512566888035596,-208515.32999999996,16.0,438169.82999999996,0,203.53333333333333,76.41971064814815,7,0.0,1.1428571428571428,40634.33,50006.765,60011.498,6,33976.60333333333,2.0,59741.479999999996,0.7583123131496075,-4.0,8,8.0,1.0,0
721,10,35167.63,3516.763,6289.2,1352.75,1564.6215034246743,10,11.0,147188.82,13380.801818181819,39288.03,11.0,0.4449038799102113,4.18534942502523,112021.19,21.0,182356.45,1,4.333333333333333,80.0235300925926,8,0.1,1.25,3594.87,4236.8375,5863.130999999999,7,3590.612857142857,3.0,3344.4466666666667,-0.06855826575301442,-4.0,10,11.0,1.1,0
722,7,91839.22,13119.888571428572,68696.33,2717.8,24526.28210178857,7,13.0,313011.93,24077.84076923077,70820.96,13.0,1.8693971346067615,3.4082598915800895,221172.71,20.0,404851.15,0,496.53333333333336,99.71773148148148,7,0.0,1.0,4029.03,5080.965,49614.89299999995,5,3930.156,2.0,36094.22,8.183915345853956,-3.0,7,13.0,1.8571428571428572,0
723,10,23975.239999999998,2397.524,4174.08,100.0,1496.0687944684303,10,13.0,134324.13999999998,10332.626153846153,49100.61,12.0,0.624005763641336,5.602619202143544,110348.9,23.0,158299.37999999998,0,678.5166666666667,78.28357638888889,10,0.0,1.0,2586.64,3603.6425,4157.2455,7,2702.511428571429,3.0,1685.8866666666665,-0.37617778454397105,-4.0,10,12.0,1.2,0
724,8,177833.75,22229.21875,63173.46,100.0,23188.206429445017,8,9.0,159528.4,17725.377777777776,68147.65,9.0,1.0431408629439582,0.8970648147497311,-18305.350000000006,17.0,337362.15,0,137.01666666666668,59.18300925925926,7,0.0,1.1428571428571428,15121.975,31043.7275,58561.11099999999,6,28350.22333333333,2.0,3866.205,-0.8636270002340958,-4.0,8,9.0,1.125,0
725,15,39889.52,2659.3013333333333,5323.98,476.33,1281.4947354769888,15,9.0,125943.20999999999,13993.689999999999,28622.28,9.0,0.4818915101549187,3.1573007145736525,86053.69,24.0,165832.72999999998,0,77.06666666666666,76.47472222222223,14,0.0,1.0714285714285714,2704.19,3395.87,4342.040999999998,11,2954.258181818182,4.0,1848.17,-0.37440471135039594,-7.0,15,9.0,0.6,0
726,4,13745.11,3436.2775,5064.58,2474.04,1156.5897827197277,4,14.0,206188.81,14727.772142857142,51949.7,14.0,0.3365821831094048,15.000884678260123,192443.7,18.0,219933.91999999998,0,13321.983333333334,57.43763888888889,4,0.0,1.0,3103.245,3838.915,4819.446999999999,3,3656.3266666666664,1.0,2776.13,-0.24073250201933077,-2.0,4,14.0,3.5,0
727,7,20217.61,2888.23,5260.26,100.0,1856.9888013663412,7,14.0,324984.61,23213.18642857143,109229.76,13.0,0.6429504580197357,16.07433371204608,304767.0,21.0,345202.22,0,2963.8,56.236469907407404,7,0.0,1.0,3409.12,4086.7200000000003,5110.148999999999,5,3080.262,2.0,2408.15,-0.21819962068161736,-3.0,7,13.0,1.8571428571428572,0
728,12,34815.89,2901.3241666666668,4433.7,100.0,1342.7113355612578,12,9.0,60514.369999999995,6723.818888888888,23874.1,9.0,0.4627925934604887,1.7381250342875048,25698.479999999996,21.0,95330.26,0,1457.5,88.85925925925926,12,0.0,1.0,2740.6400000000003,4187.889999999999,4429.454,9,3027.027777777778,3.0,2524.213333333333,-0.16610830205647278,-6.0,12,9.0,0.75,0
729,7,23708.309999999998,3386.9014285714284,6591.08,966.96,1977.8186607002892,7,11.0,217500.02,19772.72909090909,39534.03,11.0,0.5839610931737448,9.173999327661905,193791.71,18.0,241208.33,0,6657.516666666666,83.89333333333333,7,0.0,1.0,2754.24,4610.77,6044.989999999999,5,3300.6619999999994,2.0,3602.5,0.09144771564007484,-3.0,7,11.0,1.5714285714285714,0
730,7,18679.6,2668.5142857142855,3399.0,1810.48,600.574406821146,7,6.0,127405.61000000002,21234.268333333337,59164.19,6.0,0.22505946849761357,6.820574851709888,108726.01000000001,13.0,146085.21000000002,0,7618.116666666667,60.02135416666667,7,0.0,1.0,2607.93,3128.3500000000004,3344.076,5,2814.584,2.0,2303.34,-0.18164105246103854,-3.0,7,6.0,0.8571428571428571,0
731,8,22237.48,2779.685,7295.07,100.0,2172.2984205477583,8,14.0,256761.0,18340.071428571428,56414.54,14.0,0.7814908597728729,11.54631729854282,234523.52,22.0,278998.48,0,71.13333333333334,72.08528935185186,7,0.0,1.1428571428571428,2002.3400000000001,3720.7625,6059.174499999998,6,2782.94,2.0,2769.92,-0.004678505465443014,-4.0,8,14.0,1.75,0
732,10,37529.92,3752.9919999999997,6932.15,1050.27,1591.9105577736177,10,9.0,127211.46,14134.606666666667,46770.36,9.0,0.4241710501311002,3.3896011502289376,89681.54000000001,19.0,164741.38,0,167.15,80.75518518518518,8,0.0,1.25,3642.92,4490.429999999999,6006.315499999998,7,3352.73,3.0,4686.9366666666665,0.39794635018825447,-4.0,10,9.0,0.9,0
733,6,23313.460000000003,3885.5766666666673,5196.81,2049.23,1263.1965226941795,6,11.0,243900.62,22172.783636363634,72817.44,11.0,0.32509885431699437,10.461794173837774,220587.16,17.0,267214.08,0,127.41666666666667,45.75269675925926,4,0.0,1.5,4146.595,4878.9925,5146.05,5,4252.8460000000005,1.0,2049.23,-0.5181509041239678,-4.0,6,11.0,1.8333333333333333,0
734,8,25863.7,3232.9625,4898.26,100.0,1730.278776207134,8,6.0,99062.08,16510.346666666668,64927.12,6.0,0.5351991482137927,3.830158871313849,73198.38,14.0,124925.78,0,1514.9666666666667,87.07454861111111,8,0.0,1.0,3786.64,4548.1900000000005,4875.979,6,2869.5833333333335,2.0,4323.1,0.5065253375925658,-4.0,8,6.0,0.75,0
735,5,14402.29,2880.458,5784.47,1657.85,1655.6499852082263,5,5.0,35141.700000000004,7028.340000000001,18312.45,5.0,0.574787059977346,2.440007804314453,20739.410000000003,10.0,49543.990000000005,0,1210.5333333333333,51.863136574074076,5,0.0,1.0,2283.63,2552.99,5138.174,4,3029.665,1.0,2283.63,-0.24624339654714295,-3.0,5,5.0,1.0,0
736,16,564301.59,35268.849375,61429.47,4410.87,15924.36281531686,16,10.0,247252.02,24725.201999999997,63011.01,10.0,0.45151353382695547,0.43815580955566685,-317049.56999999995,26.0,811553.61,0,122.33333333333333,76.65387731481482,15,0.0,1.0666666666666667,35216.285,45085.14,58901.3775,12,31807.615833333333,4.0,45652.55,0.4352710444948733,-8.0,16,10.0,0.625,1
737,10,25232.28,2523.228,4459.11,100.0,1345.714094489118,10,9.0,219345.94,24371.771111111113,52109.78,9.0,0.533330358766278,8.693068561382484,194113.66,19.0,244578.22,0,3790.95,80.47215277777778,10,0.0,1.0,2624.775,3233.295,4327.4355,7,2357.5814285714287,3.0,2909.736666666666,0.234204100610775,-4.0,10,9.0,0.9,0
738,5,16081.3,3216.2599999999998,5845.47,1324.76,1673.2387989764045,5,12.0,181511.62,15125.968333333332,57767.79,12.0,0.5202436367011388,11.287123553444063,165430.32,17.0,197592.91999999998,0,5145.416666666667,53.627743055555555,5,0.0,1.0,2898.11,3515.97,5379.57,4,2558.9575,1.0,5845.47,1.2843169532905492,-3.0,5,12.0,2.4,0
739,9,18663.3,2073.7,4675.41,100.0,1821.967882009724,8,6.0,157885.36,26314.226666666666,39964.14,6.0,0.8786072633503998,8.45967004763359,139222.06,15.0,176548.65999999997,0,385.1333333333333,42.69545138888889,8,0.0,1.125,2467.1,3150.24,4506.7339999999995,7,1983.9842857142855,2.0,2387.705,0.20348987499180948,-5.0,8,6.0,0.75,0
740,8,19776.37,2472.04625,4893.28,602.39,1396.2670873842512,8,7.0,71188.01,10169.715714285714,36868.82,7.0,0.5648223965810718,3.59964998632206,51411.64,15.0,90964.37999999999,0,501.28333333333336,45.06701388888889,8,0.0,1.0,1876.83,3469.3375,4484.494,6,2726.443333333333,2.0,1708.855,-0.3732292253766506,-4.0,8,7.0,0.875,0
741,8,24243.18,3030.3975,4536.5,1122.02,1357.2693775660643,8,7.0,62293.549999999996,8899.07857142857,18971.87,7.0,0.44788493178405286,2.5695288324386487,38050.369999999995,15.0,86536.73,0,793.3166666666667,75.9383912037037,8,0.0,1.0,3390.125,4150.83,4490.251,6,3175.806666666667,2.0,2594.17,-0.18314611930617106,-4.0,8,7.0,0.875,0
742,8,22067.68,2758.46,4816.13,1474.49,1123.7077019276092,8,10.0,131893.23,13189.323,46475.41,10.0,0.40736777112142614,5.976760130652611,109825.55000000002,18.0,153960.91,0,621.2166666666667,87.72155092592592,8,0.0,1.0,2485.39,3073.5475,4545.362999999999,6,2201.5066666666667,2.0,4429.32,1.011949392234409,-4.0,8,10.0,1.25,0
743,11,187689.73,17062.70272727273,32658.96,6110.08,8370.762604900572,11,8.0,90799.5,11349.9375,33438.41,8.0,0.4905883164406826,0.48377447183711114,-96890.23000000001,19.0,278489.23,0,91.46666666666667,77.55416666666666,8,0.0,1.375,16212.02,21919.905,29445.095,8,16814.115,3.0,17725.603333333333,0.0542097120980397,-5.0,11,8.0,0.7272727272727273,1
744,3,6586.42,2195.4733333333334,2744.31,1214.89,851.2257469281185,3,10.0,117285.83,11728.583,56586.72,10.0,0.3877185543564418,17.80722000722699,110699.41,13.0,123872.25,0,25217.133333333335,37.13449074074074,3,0.0,1.0,2627.22,2685.765,2732.601,3,2195.4733333333334,0.0,0.0,-1.0,-3.0,3,10.0,3.3333333333333335,0
745,8,82527.01000000001,10315.876250000001,63978.21,1035.14,21704.746734194825,8,9.0,167476.76,18608.52888888889,66643.97,9.0,2.1040138722287236,2.029356934172218,84949.75,17.0,250003.77000000002,0,2766.4666666666667,65.38549768518519,8,0.0,1.0,2893.6,3424.3199999999997,43128.07649999997,6,2918.943333333333,2.0,32506.675,10.136452917322822,-4.0,8,9.0,1.125,0
746,5,19670.87,3934.174,5887.98,2387.29,1687.2265607884435,5,8.0,163710.39,20463.79875,65120.75,8.0,0.4288642446390128,8.322478365217197,144039.52000000002,13.0,183381.26,0,5657.1,74.97660879629629,5,0.0,1.0,3180.58,5615.61,5833.505999999999,4,4267.865,1.0,2599.41,-0.390934343049745,-3.0,5,8.0,1.6,0
747,7,23519.46,3359.922857142857,4972.7,565.41,1368.7728392458491,7,13.0,211020.71,16232.362307692307,72634.82,13.0,0.40738222198642926,8.972174956397808,187501.25,20.0,234540.16999999998,0,20.6,25.678715277777776,6,0.0,1.1666666666666667,3738.15,3901.685,4694.464999999999,5,3967.0199999999995,2.0,1842.1799999999998,-0.5356262383350726,-3.0,7,13.0,1.8571428571428572,0
748,9,22813.57,2534.841111111111,4437.23,665.08,1105.1231057719817,9,12.0,90140.02,7511.668333333334,19015.65,12.0,0.4359733242954889,3.9511580169171245,67326.45000000001,21.0,112953.59,0,1232.1166666666666,74.90251157407407,9,0.0,1.0,2474.73,2950.15,4119.773999999999,7,2742.62,2.0,1807.615,-0.3409167146742895,-5.0,9,12.0,1.3333333333333333,0
749,21,242661.42,11555.305714285714,21374.47,100.0,5520.120078898259,21,11.0,198119.31,18010.846363636363,44771.85,11.0,0.47771302771105284,0.8164433802456112,-44542.110000000015,32.0,440780.73,0,678.7166666666667,87.83113425925926,20,0.0,1.05,10934.76,15820.19,20603.83,15,12856.388666666668,6.0,8302.598333333333,-0.35420446996442706,-9.0,21,11.0,0.5238095238095238,1
750,28,364138.11,13004.932499999999,27590.3,100.0,6669.19692885001,28,11.0,126437.22,11494.292727272727,28569.77,11.0,0.5128205724135831,0.347223255484025,-237700.88999999998,39.0,490575.32999999996,0,56.916666666666664,68.57387731481481,24,0.0,1.1666666666666667,13174.945,18072.7825,21157.460499999997,20,13468.166500000001,8.0,11846.8475,-0.12038156789938713,-12.0,28,11.0,0.39285714285714285,1
751,8,29582.98,3697.8725,4788.67,1273.03,1139.2345923940086,8,13.0,202751.25999999998,15596.250769230768,44583.67,12.0,0.3080783862596692,6.853645575935892,173168.27999999997,21.0,232334.24,0,6515.916666666667,81.32734953703704,8,0.0,1.0,3804.195,4569.6875,4738.8405,6,3612.5750000000003,2.0,3953.7650000000003,0.09444509802564653,-4.0,8,12.0,1.5,0
752,10,26644.22,2664.422,4204.88,1256.79,1058.3970448413436,10,10.0,152017.38,15201.738000000001,34142.68,10.0,0.3972332629145622,5.705454316170637,125373.16,20.0,178661.6,0,1840.2166666666667,71.04394675925926,10,0.0,1.0,2628.8199999999997,3327.0074999999997,4182.5824999999995,7,2940.2014285714286,3.0,2020.9366666666667,-0.31265366820511,-4.0,10,10.0,1.0,0
753,4,12894.720000000001,3223.6800000000003,4778.44,1373.22,1718.6920726141336,4,4.0,57192.509999999995,14298.127499999999,50240.52,4.0,0.5331459923485375,4.4353433033055385,44297.78999999999,8.0,70087.23,0,28346.766666666666,65.95444444444445,4,0.0,1.0,3371.53,4638.2125,4750.394499999999,3,2705.4266666666667,1.0,4778.44,0.7662426628948236,-2.0,4,4.0,1.0,0
754,8,22835.76,2854.47,3931.27,1194.69,942.7083652510386,8,14.0,111853.92,7989.565714285714,27918.23,14.0,0.33025688315205226,4.898191257921786,89018.16,22.0,134689.68,0,1742.6666666666667,75.17202546296296,8,0.0,1.0,3034.0249999999996,3438.2875,3930.199,6,2620.7566666666667,2.0,3555.6099999999997,0.3567112297084683,-4.0,8,14.0,1.75,0
755,8,217629.75,27203.71875,34642.47,14687.52,6588.207471224491,8,8.0,98792.33,12349.04125,44391.93,8.0,0.2421803993700123,0.4539468064453504,-118837.42,16.0,316422.08,0,1651.7166666666667,58.69721064814815,8,0.0,1.0,27794.625,31589.8075,34476.3005,6,24803.263333333332,2.0,34405.085,0.38711928900753517,-4.0,8,8.0,1.0,1
756,4,13103.880000000001,3275.9700000000003,6172.89,1251.54,2153.057880457467,4,8.0,118268.41,14783.55125,40806.04,8.0,0.6572275937989258,9.02544971413047,105164.53,12.0,131372.29,0,6536.916666666667,72.26300925925926,4,0.0,1.0,2839.725,4212.78,5780.8679999999995,3,3950.78,1.0,1251.54,-0.6832169850004303,-2.0,4,8.0,2.0,0
757,10,27598.62,2759.862,4948.92,100.0,1422.587070772432,10,13.0,197469.1,15189.93076923077,56766.31,13.0,0.5154558708994986,7.155035287996284,169870.48,23.0,225067.72,0,546.45,82.61265046296296,9,0.0,1.1111111111111112,3215.98,3456.035,4374.382499999999,7,2519.065714285714,3.0,3321.72,0.31863173761700775,-4.0,10,13.0,1.3,0
758,8,132121.59,16515.19875,43955.53,100.0,14272.13696964067,8,6.0,59867.54,9977.923333333334,16635.24,6.0,0.8641819687238502,0.45312458016891866,-72254.04999999999,14.0,191989.13,0,476.23333333333335,55.77121527777778,7,0.0,1.1428571428571428,14458.44,20982.94,38767.37499999999,6,15961.255,2.0,18177.03,0.13882210390097768,-4.0,8,6.0,0.75,0
759,4,13623.49,3405.8725,4358.28,2054.48,968.8733420275669,4,9.0,198044.36,22004.928888888888,74668.29,9.0,0.2844714069676909,14.53697694203174,184420.87,13.0,211667.84999999998,0,1868.6,24.885023148148147,4,0.0,1.0,3605.365,3823.6425,4251.352499999999,3,3352.7299999999996,1.0,3565.3,0.06340206339311566,-2.0,4,9.0,2.25,0
760,9,29741.690000000002,3304.6322222222225,5514.31,876.18,1627.839647314638,8,4.0,27507.85,6876.9625,13862.66,4.0,0.49259328658969076,0.9248919614184666,-2233.840000000004,13.0,57249.54,0,550.4833333333333,59.877303240740744,9,0.0,1.0,3712.14,4596.4,5308.442,7,3406.7685714285717,2.0,2947.1549999999997,-0.1349118854985329,-5.0,8,4.0,0.5,0
761,14,462059.12,33004.22285714286,68589.34,7898.08,14771.68207683223,14,11.0,203106.39,18464.217272727274,71447.23,11.0,0.4475694562108226,0.43956797130202735,-258952.72999999998,25.0,665165.51,0,488.06666666666666,72.2967824074074,13,0.0,1.0769230769230769,31006.89,40273.505000000005,55825.354999999996,10,35306.155,4.0,27249.3925,-0.22819710897434164,-6.0,14,11.0,0.7857142857142857,1
762,6,20722.95,3453.8250000000003,4993.96,2026.85,1183.6349861464894,6,9.0,101783.05,11309.227777777778,39199.22,9.0,0.342702651740169,4.9116100748204286,81060.1,15.0,122506.0,0,3247.3166666666666,26.625555555555554,6,0.0,1.0,3349.645,4351.78,4875.405,5,3647.968,1.0,2483.11,-0.31931694576268205,-4.0,6,9.0,1.5,0
763,11,95535.36,8685.032727272728,65582.88,1104.14,18925.664772694297,11,9.0,280671.85,31185.761111111107,68315.5,9.0,2.1791126604812843,2.937884464977156,185136.49,20.0,376207.20999999996,0,475.1666666666667,72.45076388888889,11,0.0,1.0,3143.0,4464.08,35622.205,8,3030.9825,3.0,23762.5,6.839867105798203,-5.0,11,9.0,0.8181818181818182,0
764,12,27257.94,2271.495,4216.65,110.51,1315.2629409534256,12,15.0,222316.41,14821.094000000001,44703.88,15.0,0.5790296438924258,8.156023896156496,195058.47,27.0,249574.35,0,119.45,82.46043981481482,10,0.0,1.2,2319.17,3199.01,4028.6599999999994,9,2546.9455555555555,3.0,1445.1433333333334,-0.4325974773268721,-6.0,12,15.0,1.25,0
765,6,119369.06,19894.843333333334,27462.33,6945.46,7169.355362657557,6,7.0,104032.3,14861.757142857143,43126.85,7.0,0.36036249406626253,0.8715181304100075,-15336.759999999995,13.0,223401.36,0,2490.733333333333,50.09023148148148,6,0.0,1.0,20556.305,24158.4725,26923.46,5,19731.144,1.0,20713.34,0.04977896872071887,-4.0,6,7.0,1.1666666666666667,0
766,10,24601.58,2460.1580000000004,5078.01,100.0,1415.0118794381592,10,13.0,286238.04,22018.310769230768,82801.9,13.0,0.575171139186247,11.63494539781591,261636.45999999996,23.0,310839.62,0,2150.016666666667,88.95850694444445,10,0.0,1.0,2588.83,3286.82,4390.540499999998,7,2567.9514285714286,3.0,2208.64,-0.13992142708529204,-4.0,10,13.0,1.3,0
767,10,34429.31,3442.9309999999996,5988.36,1692.47,1444.4486338119164,10,7.0,74123.43,10589.061428571427,24831.82,7.0,0.41954039561406153,2.1529165121229554,39694.119999999995,17.0,108552.73999999999,0,696.8833333333333,83.29268518518519,10,0.0,1.0,2945.6099999999997,4614.88,5615.669999999999,7,3309.337142857143,3.0,3754.65,0.13456255374403844,-4.0,10,7.0,0.7,0
768,6,17864.14,2977.3566666666666,6299.38,1773.44,1660.5081745377427,6,10.0,135463.03,13546.303,58996.5,10.0,0.5577122126912606,7.582958373590892,117598.89,16.0,153327.16999999998,0,116.25,68.7455787037037,5,0.0,1.2,2415.965,2695.0425,5410.1525,5,3062.2760000000003,1.0,2552.76,-0.1663847412839339,-4.0,6,10.0,1.6666666666666667,0
769,9,19489.61,2165.512222222222,4526.25,602.52,1162.498632405408,9,10.0,145982.12,14598.212,31161.66,10.0,0.5368238611059263,7.490253524826818,126492.51,19.0,165471.72999999998,0,233.45,50.76084490740741,8,0.0,1.125,1867.97,2751.69,3968.8299999999995,7,2051.574285714286,2.0,2564.295,0.24991574414630707,-5.0,9,10.0,1.1111111111111112,0
770,8,361285.07,45160.63375,70537.3,21945.44,18874.224177124994,8,17.0,183329.25,10784.073529411764,49011.56,17.0,0.4179353257442937,0.5074365514190774,-177955.82,25.0,544614.3200000001,0,561.95,63.08857638888889,8,0.0,1.0,41319.270000000004,60479.149999999994,70022.142,6,40643.695,2.0,58711.45,0.4445401679153433,-4.0,8,17.0,2.125,0
771,2,6743.93,3371.965,3771.17,2972.76,564.5611251671513,2,6.0,152753.86,25458.976666666666,75705.62,6.0,0.16742793153759047,22.650570216476147,146009.93,8.0,159497.78999999998,0,41223.71666666667,28.62758101851852,2,0.0,1.0,3371.965,3571.5675,3731.2495,2,3371.965,0.0,0.0,-1.0,-2.0,2,6.0,3.0,0
772,5,243714.91,48742.982,72900.38,15909.59,22131.152467313357,5,12.0,179908.07,14992.339166666667,48442.14,12.0,0.45403772110851476,0.7381906589137284,-63806.84,17.0,423622.98,0,1358.4166666666667,40.70607638888889,5,0.0,1.0,56479.15,60104.41,70341.186,4,51348.38250000001,1.0,38321.38,-0.25369840033422686,-3.0,5,12.0,2.4,0
773,2,81516.05,40758.025,48969.6,32546.45,11612.920733443845,2,9.0,99882.3,11098.033333333333,32377.53,9.0,0.28492353919121066,1.2253083901881898,18366.25,11.0,181398.35,0,54242.75,37.66857638888889,2,0.0,1.0,40758.025,44863.8125,48148.4425,2,40758.025,0.0,0.0,-1.0,-2.0,2,9.0,4.5,0
774,22,314862.91,14311.950454545453,22519.43,3540.69,5695.951717782491,21,13.0,103401.79000000001,7953.983846153847,51298.21,12.0,0.3979857068309977,0.3284025736788116,-211461.11999999997,35.0,418264.69999999995,0,877.0833333333334,77.36376157407408,20,0.0,1.1,14387.84,18324.434999999998,21774.636499999997,16,14496.859375,6.0,13818.86,-0.04676870744633262,-10.0,21,12.0,0.5714285714285714,1
775,6,21729.27,3621.545,4764.63,1949.95,1252.2866583933567,6,6.0,108688.35999999999,18114.726666666666,47632.02,6.0,0.3457879602195628,5.001933336922961,86959.08999999998,12.0,130417.62999999999,0,3133.55,63.868159722222224,6,0.0,1.0,3988.745,4670.8,4754.92,5,3651.522,1.0,3471.66,-0.04925672089610855,-4.0,6,6.0,1.0,0
776,14,262221.39,18730.09928571429,26853.16,100.0,7442.814670113269,14,10.0,184805.23,18480.523,84341.64,10.0,0.3973718748939046,0.7047679443694506,-77416.16,24.0,447026.62,0,948.6,68.46314814814815,13,0.0,1.0769230769230769,20764.66,23781.6325,26576.104,10,18962.961,4.0,18147.945,-0.042979363824035687,-6.0,14,10.0,0.7142857142857143,1
777,7,430780.88,61540.125714285714,81434.57,46118.86,12673.728946977757,7,14.0,128024.64,9144.617142857143,26695.82,14.0,0.2059425261140752,0.2971920202215103,-302756.24,21.0,558805.52,0,1409.5666666666666,78.18274305555556,7,0.0,1.0,58535.11,69696.22,78377.636,5,65225.382000000005,2.0,52326.985,-0.19775119139969166,-3.0,7,14.0,2.0,0
778,10,24287.08,2428.708,5169.11,100.0,1877.9935299663723,10,11.0,98272.05,8933.822727272727,27976.03,11.0,0.7732479696885637,4.046268633363912,73984.97,21.0,122559.13,0,3283.3166666666666,84.50537037037037,10,0.0,1.0,2609.74,3482.2125,5007.978499999999,7,2379.258571428571,3.0,2544.09,0.0692784847140258,-4.0,10,11.0,1.1,0
779,31,372588.03,12018.96870967742,37961.52,100.0,6860.222312953004,31,11.0,157798.01,14345.273636363638,39793.61,11.0,0.5707829414206976,0.4235187319356448,-214790.02000000002,42.0,530386.04,0,374.2,84.61976851851851,28,0.0,1.1071428571428572,11479.85,14634.5,20583.02,22,12141.481363636365,9.0,11719.493333333332,-0.03475589326084079,-13.0,31,11.0,0.3548387096774194,0
780,15,323148.22,21543.214666666663,72817.44,5978.24,15822.19267236862,15,19.0,270206.7,14221.405263157896,75851.5,19.0,0.7344397257875328,0.836169544737087,-52941.51999999996,34.0,593354.9199999999,0,297.48333333333335,86.505625,14,0.0,1.0714285714285714,18925.06,24491.515,42932.99099999996,11,19394.491818181818,4.0,27452.202500000003,0.41546387280249836,-7.0,15,19.0,1.2666666666666666,1
781,8,110462.68,13807.835,86071.68,844.74,29268.448217249726,8,15.0,282482.68,18832.178666666667,89658.0,15.0,2.119698578180412,2.557268029347106,172020.0,23.0,392945.36,0,1059.0333333333333,72.42655092592592,8,0.0,1.0,3572.385,5414.9,58455.65799999995,6,3893.235,2.0,43551.634999999995,10.18649015535923,-4.0,8,15.0,1.875,1
782,12,251365.98,20947.165,32957.51,7100.71,8199.01863513444,11,16.0,146405.19999999998,9150.324999999999,49718.59,16.0,0.3914142384009693,0.5824384031602048,-104960.78000000003,28.0,397771.18,0,1456.8666666666666,74.07606481481481,12,0.0,1.0,20681.455,27256.965,31458.144,9,19045.957777777778,3.0,26650.786666666667,0.39928834126483065,-6.0,11,16.0,1.4545454545454546,0
783,9,26020.6,2891.1777777777775,4410.9,100.0,1240.9743971853102,9,12.0,224169.81,18680.8175,57786.06,12.0,0.42922797993389056,8.61508996717985,198149.21,21.0,250190.41,0,789.0833333333334,68.42209490740741,8,0.0,1.125,2839.4,3432.36,4290.428,7,2771.2557142857145,2.0,3310.905,0.19473096002379528,-5.0,9,12.0,1.3333333333333333,0
784,5,249205.52000000002,49841.10400000001,85158.57,18126.36,24735.372938736546,5,14.0,348398.68,24885.62,88706.84,14.0,0.4962846115675235,1.39803757155941,99193.15999999997,19.0,597604.2,0,2688.4,41.21119212962963,5,0.0,1.0,49197.95,58093.05,79745.466,4,47778.1175,1.0,58093.05,0.21589240095112586,-3.0,5,14.0,2.8,0
785,13,359513.86,27654.912307692306,63247.49,5690.74,13932.264489200452,13,6.0,84192.5,14032.083333333334,26702.68,5.0,0.5037898632325494,0.23418429542605118,-275321.36,19.0,443706.36,0,830.4,70.60046296296296,13,0.0,1.0,24855.65,31732.62,51252.553999999975,10,26855.571999999996,3.0,30319.38,0.1289791183743919,-7.0,13,5.0,0.38461538461538464,0
786,8,17793.01,2224.12625,3698.43,100.0,1299.0158512057997,8,9.0,195079.69,21675.521111111113,53101.03,9.0,0.5840567059562378,10.963838608532228,177286.68,17.0,212872.7,0,4316.1,52.90677083333333,8,0.0,1.0,2528.19,3196.4249999999997,3650.5815,6,2296.5416666666665,2.0,2006.88,-0.12612950632291298,-4.0,8,9.0,1.125,0
787,31,333933.07,10772.034516129033,23564.92,100.0,6442.710646291584,31,9.0,114098.29,12677.587777777777,26005.69,9.0,0.5980959898192746,0.3416801157189972,-219834.78000000003,40.0,448031.36,0,399.06666666666666,69.04541666666667,25,0.0,1.24,10805.16,14500.6,21011.144999999997,22,11502.71590909091,9.0,8985.924444444445,-0.21879975864285897,-13.0,31,9.0,0.2903225806451613,1
788,6,15777.1,2629.516666666667,4446.59,2036.84,939.0386665876259,6,10.0,138420.94999999998,13842.094999999998,43105.77,10.0,0.3571145520739398,8.773535694138973,122643.84999999998,16.0,154198.05,0,1803.5166666666667,52.51601851851852,6,0.0,1.0,2196.5,2699.8199999999997,4044.6400000000003,5,2743.044,1.0,2061.88,-0.24832412458567918,-4.0,6,10.0,1.6666666666666667,0
789,21,276600.41,13171.448095238095,25235.33,3428.3,6418.972676821907,21,11.0,238408.33000000002,21673.484545454547,55935.57,11.0,0.4873399363842594,0.8619232704680374,-38192.07999999996,32.0,515008.74,0,1544.0666666666666,84.3383449074074,21,0.0,1.0,12514.15,18827.79,22123.1,15,12590.885333333334,6.0,14622.855000000001,0.1613841769559441,-9.0,21,11.0,0.5238095238095238,0
790,6,252474.63,42079.105,67089.41,26826.12,16373.438635095255,6,8.0,79655.48,9956.935,28880.27,8.0,0.3891109051652894,0.3154989473595822,-172819.15000000002,14.0,332130.11,0,2555.65,61.264386574074074,6,0.0,1.0,36509.675,52319.5925,64617.62,5,39054.476,1.0,57202.25,0.46467846604829616,-4.0,6,8.0,1.3333333333333333,0
791,8,25480.0,3185.0,4556.59,2298.8,886.3973304820555,8,12.0,163722.34999999998,13643.529166666665,40662.27,12.0,0.2783037144370661,6.425523940345368,138242.34999999998,20.0,189202.34999999998,0,4827.583333333333,62.794895833333335,8,0.0,1.0,2835.505,4005.255,4373.0779999999995,6,3439.405,2.0,2421.785,-0.2958709427938845,-4.0,8,12.0,1.5,0
792,13,42824.42,3294.1861538461535,5709.45,880.01,1731.6767779502927,13,13.0,202803.88,15600.298461538461,63703.31,13.0,0.5256766609647908,4.735706403028926,159979.46000000002,26.0,245628.3,0,165.01666666666668,84.66859953703704,10,0.0,1.3,2903.52,4979.45,5680.158,10,3776.7480000000005,3.0,1685.6466666666665,-0.5536777495700888,-7.0,13,13.0,1.0,0
793,12,25285.9,2107.1583333333333,4380.9,100.0,1517.748332886183,11,13.0,124357.09999999999,9565.930769230768,45941.58,13.0,0.7202820542133836,4.918041279922802,99071.19999999998,25.0,149643.0,0,2407.133333333333,74.0980324074074,12,0.0,1.0,2134.595,3080.1600000000003,4272.66,9,2087.8533333333335,3.0,2165.0733333333333,0.03698535657038479,-6.0,11,13.0,1.1818181818181819,0
794,6,11690.0,1948.3333333333333,3181.5,636.37,997.930953636907,6,7.0,157303.94,22471.99142857143,64018.27,7.0,0.512197238821338,13.456282292557741,145613.94,13.0,168993.94,0,4826.7,67.4205787037037,6,0.0,1.0,2203.6,2537.2625,3022.0375,5,1834.3799999999999,1.0,2518.1,0.37272538950490086,-4.0,6,7.0,1.1666666666666667,0
795,9,24686.92,2742.991111111111,4421.2,361.94,1088.2343151459206,9,10.0,243107.43,24310.743,92671.22,10.0,0.3967327166091714,9.847620926385309,218420.51,19.0,267794.35,0,1098.1333333333334,79.37069444444444,9,0.0,1.0,3018.13,3162.28,3997.1039999999994,7,2731.6442857142856,2.0,2782.705,0.018692299928196057,-5.0,9,10.0,1.1111111111111112,0
796,9,38880.87,4320.096666666667,6819.25,2351.36,1346.4253215087717,9,11.0,124372.13,11306.557272727274,47975.14,11.0,0.3116655541292914,3.198800078290429,85491.26000000001,20.0,163253.0,0,232.1,51.42023148148148,7,0.0,1.2857142857142858,4039.65,4432.46,6482.849999999999,7,4467.5371428571425,2.0,3804.0550000000003,-0.14851183585970654,-5.0,9,11.0,1.2222222222222223,0
797,10,29410.94,2941.094,5287.58,706.09,1329.0850286335249,10,7.0,191039.9,27291.414285714283,62169.06,7.0,0.45190158105573125,6.495538734906127,161628.96,17.0,220450.84,0,1033.8666666666666,82.35984953703704,9,0.0,1.1111111111111112,3201.62,3696.9175,4651.846999999999,7,2859.9371428571426,3.0,3130.4600000000005,0.09459049050029099,-4.0,10,7.0,0.7,0
798,11,22329.85,2029.9863636363634,5991.44,100.0,1748.9314007889086,11,4.0,54445.0,13611.25,33568.79,4.0,0.8615483493475324,2.438216109826085,32115.15,15.0,76774.85,0,673.3666666666667,84.83034722222222,10,0.0,1.1,2091.48,2525.21,4843.23,8,1687.03,3.0,2944.536666666667,0.7453967425989264,-5.0,11,4.0,0.36363636363636365,0
799,10,319706.61,31970.661,52508.36,19918.81,10322.00678206138,10,12.0,142758.59,11896.549166666666,35164.62,12.0,0.3228587229416802,0.44652999198233656,-176948.02,22.0,462465.19999999995,0,1697.3,44.14725694444444,10,0.0,1.0,28601.655,34304.86,49804.17049999999,7,29052.25857142857,3.0,38780.26666666667,0.3348451574365755,-4.0,10,12.0,1.2,0
800,12,350546.75,29212.229166666668,57496.94,5508.53,13416.793880158659,12,13.0,119363.47,9181.805384615385,23400.88,13.0,0.4592868898710483,0.3405065658146881,-231183.28,25.0,469910.22,0,332.6666666666667,72.48369212962963,10,0.0,1.2,28147.235,35023.85,48747.605999999985,9,31752.976666666666,3.0,21589.986666666668,-0.32006416616268935,-6.0,12,13.0,1.0833333333333333,1
801,12,426245.21,35520.434166666666,56857.0,24005.26,9796.15085731632,12,10.0,104437.14,10443.714,21701.67,10.0,0.2757891643821542,0.24501657156452267,-321808.07,22.0,530682.35,1,2.35,73.7737962962963,10,0.08333333333333333,1.2,33007.195,41486.86,50469.35499999999,9,36275.88222222222,3.0,33254.090000000004,-0.08330030965783379,-6.0,12,10.0,0.8333333333333334,1
802,8,20783.44,2597.93,4455.69,100.0,1302.0579594626345,8,12.0,139967.48,11663.956666666667,31771.63,12.0,0.5011905476524134,6.734567521064848,119184.04000000001,20.0,160750.92,0,446.26666666666665,83.3474074074074,7,0.0,1.1428571428571428,2706.525,3264.585,4180.4535,6,2199.6783333333333,2.0,3792.6849999999995,0.7241998261867074,-4.0,8,12.0,1.5,0
803,13,169657.03,13050.540769230769,30212.94,100.0,10220.961939582352,12,8.0,85518.3,10689.7875,31414.94,8.0,0.7831830205595994,0.5040657613775273,-84138.73,21.0,255175.33000000002,0,1288.9,88.90399305555556,12,0.0,1.0833333333333333,13900.62,18886.09,29971.212,10,11262.338,3.0,19011.216666666664,0.6880346395807571,-7.0,12,8.0,0.6666666666666666,0
804,5,211691.91999999998,42338.384,62335.24,25641.92,16535.906242481236,5,16.0,244475.39,15279.711875,35879.35,16.0,0.3905653612684234,1.154864059053364,32783.47000000003,21.0,456167.31,0,1966.4333333333334,49.89927083333333,5,0.0,1.0,42497.41,54910.59,60850.31,4,46346.29,1.0,26306.76,-0.4323869289213873,-3.0,5,16.0,3.2,0
805,7,20292.63,2898.947142857143,5739.72,100.0,1947.795521418289,7,11.0,192399.09,17490.826363636363,57863.29,11.0,0.671897563298992,9.481229884938521,172106.46,18.0,212691.72,0,2383.5333333333333,79.52832175925926,7,0.0,1.0,3730.79,3902.71,5196.284999999999,5,3023.38,2.0,2587.865,-0.14404904444694358,-3.0,7,11.0,1.5714285714285714,0
806,7,18795.47,2685.067142857143,4686.62,463.66,1499.57595540333,7,16.0,305972.85,19123.303125,50248.7,15.0,0.5584873210312543,16.27907415989065,287177.38,23.0,324768.31999999995,0,2932.1833333333334,70.71274305555555,7,0.0,1.0,3108.84,3610.225,4466.0779999999995,5,2569.834,2.0,2973.15,0.15694243285753098,-3.0,7,15.0,2.142857142857143,0
807,8,325183.38,40647.9225,62147.98,20556.08,13550.582800419377,8,6.0,37230.39,6205.065,14391.99,6.0,0.33336470764082415,0.11449044536039941,-287952.99,14.0,362413.77,0,143.93333333333334,82.17344907407407,7,0.0,1.1428571428571428,41016.75,47469.595,58939.768,6,41940.94,2.0,36768.87,-0.1233179323114837,-4.0,8,6.0,0.75,1
808,10,36140.479999999996,3614.048,5313.19,258.23,1462.6303234378809,10,8.0,63559.38,7944.9225,15243.01,8.0,0.40470694452256334,1.7586755903629394,27418.9,18.0,99699.85999999999,0,321.95,75.36373842592593,9,0.0,1.1111111111111112,3950.285,4516.995,5148.156999999999,7,3511.65,3.0,3852.976666666667,0.09719837303451848,-4.0,10,8.0,0.8,0
809,8,27404.52,3425.565,4900.92,1508.93,1155.9313685509185,8,15.0,131892.57,8792.838,47669.99,14.0,0.3374425440915348,4.812803508326364,104488.05,23.0,159297.09,0,63.6,63.116203703703704,7,0.0,1.1428571428571428,3346.125,4494.985,4760.15,6,3769.5266666666666,2.0,2393.68,-0.36499189111276575,-4.0,8,14.0,1.75,0
810,5,79031.11,15806.222,41412.61,2162.37,17677.7189598763,5,10.0,179665.32,17966.532,71282.2,10.0,1.1184025480520456,2.273349317756008,100634.21,15.0,258696.43,0,760.6333333333333,46.840833333333336,4,0.0,1.25,6003.24,27171.02,38564.292,4,19187.31,1.0,2281.87,-0.8810740015145427,-3.0,5,10.0,2.0,0
811,3,9573.09,3191.03,5348.2,875.43,2240.5898591442387,3,8.0,166684.21,20835.52625,74981.64,8.0,0.7021525523558972,17.411745841729264,157111.12,11.0,176257.3,0,17657.683333333334,70.05534722222222,3,0.0,1.0,3349.46,4348.83,5148.326,3,3191.03,0.0,0.0,-1.0,-3.0,3,8.0,2.6666666666666665,0
812,7,233058.16999999998,33294.02428571428,115910.55,410.02,53982.18392168223,7,13.0,357406.19,27492.783846153845,119495.41,13.0,1.621377561884124,1.5335492851419885,124348.02000000002,20.0,590464.36,1,8.0,128.59625,6,0.14285714285714285,1.1666666666666667,2115.23,55863.575,113711.364,5,1713.538,2.0,112245.23999999999,64.50496108052461,-3.0,7,13.0,1.8571428571428572,1
813,12,237059.66,19754.971666666668,52755.82,100.0,16550.21745255761,12,11.0,137809.13,12528.102727272728,47684.22,11.0,0.8377748007851327,0.5813267849958108,-99250.53,23.0,374868.79000000004,0,830.0166666666667,84.30149305555555,11,0.0,1.0909090909090908,18020.275,28807.182500000003,44884.92399999999,9,19776.127777777776,3.0,19691.50333333333,-0.0042791210390305595,-6.0,12,11.0,0.9166666666666666,1
814,4,189328.15,47332.0375,53441.95,42032.69,4721.9391830572795,4,12.0,129762.81999999999,10813.568333333333,46961.18,12.0,0.09976200967594687,0.6853857706843911,-59565.33,16.0,319090.97,0,2311.35,43.384166666666665,4,0.0,1.0,46926.755000000005,49123.6525,52578.290499999996,3,47719.619999999995,1.0,46169.29,-0.03248831403100014,-2.0,4,12.0,3.0,0
815,3,7149.69,2383.23,3132.95,1445.85,859.0627504437614,3,12.0,133753.96,11146.163333333332,30510.17,12.0,0.3604615376794356,18.70765865373184,126604.26999999999,15.0,140903.65,0,4808.733333333334,21.042905092592594,3,0.0,1.0,2570.89,2851.92,3076.7439999999997,3,2383.23,0.0,0.0,-1.0,-3.0,3,12.0,4.0,0
816,12,179157.99,14929.832499999999,28742.05,100.0,9061.870667645258,12,16.0,168553.11000000002,10534.569375000001,69214.82,16.0,0.6069639875494424,0.9408071055050351,-10604.879999999976,28.0,347711.1,0,1194.1666666666667,81.91710648148148,12,0.0,1.0,14484.525,22531.237500000003,27719.440499999997,9,17367.10777777778,3.0,7618.006666666665,-0.5613543277243696,-6.0,12,16.0,1.3333333333333333,0
817,16,294685.83,18417.864375,34211.21,1948.38,8202.107957381824,16,7.0,57056.9,8150.9857142857145,19450.16,7.0,0.4453343661556756,0.19361942174145258,-237628.93000000002,23.0,351742.73000000004,0,870.0,87.11872685185185,15,0.0,1.0666666666666667,20234.715,22262.0875,28353.125,12,18280.074166666665,4.0,18831.235,0.03015090793987945,-8.0,16,7.0,0.4375,0
818,8,77513.84,9689.23,60558.04,321.32,20603.959896417276,8,8.0,175246.45,21905.80625,63081.29,8.0,2.1264806281218713,2.2608407737250538,97732.61000000002,16.0,252760.29,0,2487.9166666666665,63.96849537037037,8,0.0,1.0,2731.235,4200.702499999999,40918.55999999997,6,2664.1266666666666,2.0,30764.54,10.547701685855777,-4.0,8,8.0,1.0,0
819,5,243287.31,48657.462,67217.88,27725.03,14841.559773051822,5,5.0,40619.29,8123.858,19746.24,5.0,0.3050212477800799,0.16696016738398728,-202668.02,10.0,283906.6,0,989.2,52.19872685185185,5,0.0,1.0,49833.44,56195.71,65013.446,4,53890.57,1.0,27725.03,-0.4855309565291293,-3.0,5,5.0,1.0,0
820,12,43543.38,3628.615,6027.62,964.52,1579.321238239563,12,8.0,64497.33,8062.16625,22584.04,8.0,0.4352407842219588,1.4812201073963482,20953.950000000004,20.0,108040.70999999999,0,389.8333333333333,87.22054398148148,11,0.0,1.0909090909090908,3873.25,4806.26,5400.086499999999,9,4002.5099999999998,3.0,2506.9300000000003,-0.37366052801866817,-6.0,12,8.0,0.6666666666666666,0
821,9,28292.11,3143.567777777778,5550.72,1020.84,1423.8854257258356,9,12.0,262480.55,21873.379166666666,50128.61,12.0,0.45295203615186425,9.277517654215256,234188.44,21.0,290772.66,0,1673.4166666666667,79.38211805555555,9,0.0,1.0,2950.26,3649.23,5266.132,7,3617.3885714285716,2.0,1485.195,-0.5894289566427559,-5.0,9,12.0,1.3333333333333333,0
822,5,295253.08,59050.616,79374.58,48457.9,12009.430803902824,5,7.0,216189.44,30884.205714285716,76072.6,7.0,0.20337519940355614,0.7322173912631157,-79063.64000000001,12.0,511442.52,0,12233.4,85.99328703703704,5,0.0,1.0,55553.92,59093.63,75318.39,4,61698.795,1.0,48457.9,-0.21460540679927376,-3.0,5,7.0,1.4,0
823,9,107675.12,11963.902222222221,82559.11,387.78,26518.024962257172,9,11.0,244863.25,22260.295454545456,85112.48,11.0,2.2165029828647005,2.2740931238339925,137188.13,20.0,352538.37,0,543.8666666666667,114.65987268518519,9,0.0,1.0,3957.44,4875.42,51580.86199999998,7,3256.052857142857,2.0,42441.375,12.034608730904244,-5.0,9,11.0,1.2222222222222223,1
824,12,417236.38,34769.698333333334,58898.7,16483.65,12515.616983228909,12,10.0,151586.62,15158.662,67089.41,10.0,0.35995759477816125,0.3633111283344947,-265649.76,22.0,568823.0,0,3792.5333333333333,66.9228587962963,12,0.0,1.0,31525.760000000002,42140.035,54002.70999999999,9,35337.350000000006,3.0,33066.74333333334,-0.0642551483534183,-6.0,12,10.0,0.8333333333333334,1
825,28,368755.34,13169.833571428573,28906.4,3280.8,5492.184046571675,28,5.0,109016.28,21803.256,48653.88,5.0,0.4170275969535977,0.29563308832354807,-259739.06000000003,33.0,477771.62,0,228.71666666666667,86.40305555555555,23,0.0,1.2173913043478262,12731.1,15780.9375,22716.67949999999,20,11634.4895,8.0,17008.19375,0.46187709826030604,-12.0,28,5.0,0.17857142857142858,1
826,8,29935.33,3741.91625,6396.84,1281.26,1710.7695502812892,8,7.0,139727.9,19961.12857142857,45975.83,7.0,0.4571907642992515,4.66765858268474,109792.56999999999,15.0,169663.22999999998,0,8879.333333333334,61.153310185185184,8,0.0,1.0,3622.145,4993.105,5961.691999999999,6,4080.4233333333336,2.0,2726.395,-0.33183525892329807,-4.0,8,7.0,0.875,0
827,3,128722.73999999999,42907.579999999994,59034.57,13488.57,25517.01149743637,3,14.0,77286.65,5520.474999999999,16680.97,14.0,0.5946970557984481,0.6004117842737033,-51436.09,17.0,206009.38999999998,0,1009.7333333333333,23.618761574074075,3,0.0,1.0,56199.6,57617.085,58751.073,3,42907.579999999994,0.0,0.0,-1.0,-3.0,3,14.0,4.666666666666667,0
828,2,2231.72,1115.86,2131.72,100.0,1436.6429894723321,2,14.0,181453.88,12960.99142857143,34738.61,14.0,1.2874760180240643,81.30674098901297,179222.16,16.0,183685.6,0,52102.78333333333,36.182488425925925,2,0.0,1.0,1115.86,1623.79,2030.1339999999998,2,1115.86,0.0,0.0,-1.0,-2.0,2,14.0,7.0,0
829,11,213234.2,19384.927272727273,36186.64,100.0,10546.827311644096,11,8.0,236373.30000000002,29546.662500000002,63103.61,8.0,0.5440736074611158,1.1085149567939852,23139.100000000006,19.0,449607.5,0,2666.65,76.94733796296296,11,0.0,1.0,22729.61,24802.87,32585.574999999997,8,21511.53,3.0,13713.986666666666,-0.36248204257592714,-5.0,11,8.0,0.7272727272727273,0
830,7,20343.61,2906.23,5084.34,100.0,1671.375733081384,7,7.0,122683.0,17526.14285714286,36155.13,7.0,0.575100984120797,6.030542268555089,102339.39,14.0,143026.61,0,7553.166666666667,73.8933912037037,7,0.0,1.0,3167.12,3788.8999999999996,4881.549,5,2418.43,2.0,4125.73,0.7059538626298879,-3.0,7,7.0,1.0,0
831,4,202177.99,50544.4975,67055.74,33201.22,13914.16817667607,4,8.0,127574.56,15946.82,59142.41,8.0,0.2752855180067043,0.6310012281752332,-74603.43,12.0,329752.55,0,20.5,54.90144675925926,3,0.0,1.3333333333333333,50960.515,56393.0125,64923.1945,3,45040.75,1.0,67055.74,0.48877938311418007,-2.0,4,8.0,2.0,0
832,3,151800.63,50600.21,52323.76,49107.41,1620.5434281437824,3,9.0,57816.8,6424.088888888889,19183.87,9.0,0.03202641704735578,0.3808732546103399,-93983.83,12.0,209617.43,0,18489.183333333334,35.910069444444446,3,0.0,1.0,50369.46,51346.61,52128.33,3,50600.21,0.0,0.0,-1.0,-3.0,3,9.0,3.0,0
833,4,19059.989999999998,4764.9974999999995,6076.83,4005.95,903.8755065226997,4,7.0,40369.17,5767.024285714286,16184.93,7.0,0.1896906570302922,2.1180058331615075,21309.18,11.0,59429.159999999996,0,5982.916666666667,81.019375,4,0.0,1.0,4488.605,4903.485,5842.160999999999,3,4849.206666666666,1.0,4512.37,-0.0694622213118021,-2.0,4,7.0,1.75,0
834,9,312891.88,34765.764444444445,53660.24,23513.69,10091.09436617024,9,7.0,140928.18,20132.597142857143,44479.55,7.0,0.29025952765387253,0.45040536047148294,-171963.7,16.0,453820.06,0,1542.75,71.40744212962963,9,0.0,1.0,32166.54,40759.72,49294.34,7,34965.194285714286,2.0,34067.76,-0.02566650362017145,-5.0,9,7.0,0.7777777777777778,1
835,10,328217.58,32821.758,42606.8,14023.4,9461.170544700411,10,7.0,93137.42,13305.345714285713,53256.59,7.0,0.28825910375368713,0.283767310696764,-235080.16000000003,17.0,421355.0,0,1030.9,82.61011574074074,10,0.0,1.0,35718.705,40059.5525,42230.8025,7,32723.104285714286,3.0,33051.950000000004,0.010049343467370263,-4.0,10,7.0,0.7,1
836,4,165160.7,41290.175,56330.62,31660.86,11890.98724315325,4,11.0,172011.62,15637.42,59831.62,11.0,0.2879858766196377,1.0414803279472657,6850.919999999984,15.0,337172.32,0,3616.016666666667,35.12253472222222,4,0.0,1.0,38584.61,48069.2275,54678.341499999995,3,36276.693333333336,1.0,56330.62,0.55280470252342,-2.0,4,11.0,2.75,0
837,35,406022.97000000003,11600.656285714287,28406.68,2311.92,6304.736447311136,33,6.0,147070.63999999998,24511.77333333333,54817.42,6.0,0.5434810145245963,0.36222246243851663,-258952.33000000005,41.0,553093.61,0,104.05,87.50438657407408,28,0.0,1.25,10785.33,15836.4,24032.579,25,12867.032,10.0,8434.717,-0.34447065958956186,-15.0,33,6.0,0.18181818181818182,1
838,5,81120.42,16224.083999999999,47947.05,4804.35,17899.366324542887,5,11.0,126316.85,11483.35,42737.18,11.0,1.1032589774894463,1.5571523175052595,45196.43000000001,16.0,207437.27000000002,0,1895.15,38.994872685185186,5,0.0,1.0,9097.78,11531.99,40664.03799999999,4,18005.66,1.0,9097.78,-0.4947266581730411,-3.0,5,11.0,2.2,1
839,7,19534.75,2790.6785714285716,4664.47,933.71,1196.4529174108575,7,5.0,99584.56,19916.912,67055.74,5.0,0.4287318968441368,5.097815943382946,80049.81,12.0,119119.31,0,764.1166666666667,59.61143518518519,7,0.0,1.0,2525.45,3441.8900000000003,4381.317999999999,5,3087.578,2.0,2048.4300000000003,-0.33655765133706733,-3.0,7,5.0,0.7142857142857143,0
840,13,26195.53,2015.0407692307692,4106.64,100.0,1190.5134755674512,13,18.0,303985.85,16888.102777777778,56899.98,18.0,0.5908135923333815,11.604493209337623,277790.31999999995,31.0,330181.38,0,957.2333333333333,78.56457175925927,12,0.0,1.0833333333333333,1928.92,2887.17,3880.4879999999994,10,2205.971,3.0,1378.6066666666666,-0.375056758830163,-7.0,13,18.0,1.3846153846153846,0
841,8,102561.3,12820.1625,86761.97,921.58,29890.978316628654,7,10.0,239564.58,23956.458,89445.33,10.0,2.3315600185745424,2.3358184812399996,137003.27999999997,18.0,342125.88,0,3451.25,121.1678587962963,8,0.0,1.0,2458.55,3180.59,57685.06549999995,6,2313.851666666667,2.0,44339.095,18.16246215725439,-4.0,7,10.0,1.4285714285714286,1
842,27,371243.15,13749.746296296296,26744.87,1867.11,6242.7984041682585,27,6.0,45002.86,7500.4766666666665,15124.42,6.0,0.45403007951134716,0.12122206160571582,-326240.29000000004,33.0,416246.01,0,215.66666666666666,85.21445601851852,25,0.0,1.08,12705.56,17311.165,24371.067,19,13888.090000000002,8.0,13421.18,-0.033619453790982176,-11.0,27,6.0,0.2222222222222222,0
843,8,17781.02,2222.6275,4612.62,100.0,1463.085468070328,8,10.0,89738.04000000001,8973.804,35876.19,10.0,0.6582684089305689,5.046844331764994,71957.02,18.0,107519.06000000001,0,2622.9333333333334,75.10597222222222,8,0.0,1.0,2332.42,2808.8025,4174.538999999999,6,2071.75,2.0,2675.26,0.29130445275733086,-4.0,8,10.0,1.25,0
844,7,14610.55,2087.2214285714285,4481.26,100.0,1346.05634041854,7,16.0,180140.6,11258.7875,35942.89,16.0,0.644903469269109,12.329487938510187,165530.05000000002,23.0,194751.15,0,2135.516666666667,55.56548611111111,7,0.0,1.0,1923.03,2542.335,3913.839999999999,5,2317.792,2.0,1510.795,-0.3481749009402051,-3.0,7,16.0,2.2857142857142856,0
845,8,24173.98,3021.7475,5567.59,398.6,1644.2725503373392,8,11.0,124723.31,11338.482727272727,38002.99,11.0,0.5441462433036973,5.1594032095666496,100549.33,19.0,148897.29,0,2573.516666666667,83.07523148148148,8,0.0,1.0,2940.91,3993.96,5247.598999999999,6,2942.456666666667,2.0,3259.62,0.10778861654150657,-4.0,8,11.0,1.375,0
846,9,171824.57,19091.61888888889,34097.45,3054.22,9958.160956851478,9,10.0,106823.25,10682.325,31744.21,10.0,0.5215985619033605,0.6216995043258365,-65001.32000000001,19.0,278647.82,0,177.81666666666666,88.9028125,8,0.0,1.125,16847.13,27338.92,31578.529999999995,7,19287.217142857142,2.0,18407.025,-0.045636036362203355,-5.0,9,10.0,1.1111111111111112,1
847,5,13104.62,2620.924,3180.96,2366.09,338.73012816990456,5,9.0,226537.14,25170.793333333335,45915.6,8.0,0.1292407289070208,17.286814879027396,213432.52000000002,14.0,239641.76,0,585.6,40.03652777777778,4,0.0,1.25,2489.96,2688.79,3082.526,4,2653.665,1.0,2489.96,-0.06169015305247645,-3.0,5,8.0,1.6,0
848,10,300708.95,30070.895,56598.78,3732.69,17585.79733912079,10,12.0,228597.98,19049.83166666667,47716.05,12.0,0.5848112382129228,0.7601967949407559,-72110.97,22.0,529306.93,0,898.0333333333333,63.614189814814814,9,0.0,1.1111111111111112,25206.989999999998,44448.6925,55261.901999999995,7,24210.46,3.0,43745.243333333325,0.8068736956395428,-4.0,10,12.0,1.2,1
849,5,18313.54,3662.708,4446.27,2422.32,862.9498692971684,5,11.0,100448.84,9131.712727272727,34750.23,11.0,0.23560433135733683,5.484949387174734,82135.29999999999,16.0,118762.38,0,1205.5,49.80681712962963,5,0.0,1.0,3858.49,4407.15,4438.446,4,3613.7625,1.0,3858.49,0.06772096948817195,-3.0,5,11.0,2.2,0
850,9,330377.2,36708.57777777778,70695.33,12325.86,16840.582165677777,9,12.0,207030.65,17252.554166666665,72881.78,12.0,0.4587642231095245,0.6266493268905965,-123346.55000000002,21.0,537407.85,0,234.7,124.15456018518519,8,0.0,1.125,33432.33,45170.12,62350.41399999999,7,33796.94,2.0,46899.31,0.38767918042284283,-5.0,9,12.0,1.3333333333333333,0
851,6,23094.870000000003,3849.1450000000004,4672.85,2147.79,1075.806855931863,6,9.0,141484.76,15720.52888888889,49404.01,9.0,0.27949242128625007,6.126241888350097,118389.89000000001,15.0,164579.63,0,8622.083333333334,84.29115740740741,6,0.0,1.0,4431.9400000000005,4555.92,4645.400000000001,5,3712.068,1.0,4534.53,0.22156436789412248,-4.0,6,9.0,1.5,0
852,6,17571.129999999997,2928.521666666666,4717.15,290.93,1617.0839996415357,6,13.0,218748.26,16826.78923076923,51069.42,13.0,0.5521844069134549,12.449299504357434,201177.13,19.0,236319.39,0,146.11666666666667,63.87138888888889,5,0.0,1.2,3108.8450000000003,4048.575,4622.9025,5,2570.796,1.0,4717.15,0.834898607279613,-4.0,6,13.0,2.1666666666666665,0
853,11,211397.42,19217.947272727273,35115.15,5964.38,7986.399525012621,11,7.0,110018.33,15716.904285714287,36203.94,7.0,0.41556985310009376,0.5204336457843242,-101379.09000000001,18.0,321415.75,0,767.55,73.57708333333333,10,0.0,1.1,19787.57,21754.17,31937.165,8,22230.64,3.0,11184.1,-0.49690607197993397,-5.0,11,7.0,0.6363636363636364,0
854,12,255705.76,21308.813333333335,32429.68,9822.99,6077.900520655787,12,7.0,152605.19,21800.74142857143,53441.95,7.0,0.2852294224731951,0.5967999704034825,-103100.57,19.0,408310.95,0,155.88333333333333,62.97222222222222,10,0.0,1.2,22703.949999999997,24478.954999999998,28843.580999999995,9,19999.23222222222,3.0,25237.556666666667,0.26192627728097795,-6.0,12,7.0,0.5833333333333334,0
855,3,6200.5599999999995,2066.853333333333,2330.98,1858.84,241.01986335846536,3,12.0,223450.93,18620.91083333333,46971.09,12.0,0.1166119818331564,36.03721760615171,217250.37,15.0,229651.49,0,3874.95,40.52935185185185,3,0.0,1.0,2010.74,2170.86,2298.956,3,2066.853333333333,0.0,0.0,-1.0,-3.0,3,12.0,4.0,0
856,7,25550.65,3650.092857142857,4548.53,2169.64,726.5119201984758,7,10.0,153759.09,15375.909,36060.29,10.0,0.19903929807614798,6.017815202352973,128208.44,17.0,179309.74,0,2653.4333333333334,68.75123842592592,7,0.0,1.0,3781.86,3898.1450000000004,4354.648999999999,5,3627.2580000000003,2.0,3707.1800000000003,0.022033723545443973,-3.0,7,10.0,1.4285714285714286,0
857,13,501429.52,38571.50153846154,55935.57,21597.32,10118.60060805581,13,12.0,112731.18,9394.265,54875.67,12.0,0.26233359357208474,0.22481959179427646,-388698.34,25.0,614160.7,0,349.93333333333334,78.12346064814815,12,0.0,1.0833333333333333,39528.99,41808.56,53998.134,10,38530.04,3.0,38709.706666666665,0.004663028293421555,-7.0,13,12.0,0.9230769230769231,1
858,6,117303.12,19550.52,26702.68,9393.34,6706.884199569871,6,7.0,153932.68,21990.382857142857,66866.41,7.0,0.34305400570265504,1.3122641580206904,36629.56,13.0,271235.8,0,869.8166666666667,65.84402777777778,6,0.0,1.0,21540.825,24067.655,26153.3675,5,20736.620000000003,1.0,13620.02,-0.3431899702072952,-4.0,6,7.0,1.1666666666666667,0
859,7,25110.22,3587.174285714286,4151.26,2307.2,623.716741313906,7,7.0,56324.86,8046.408571428571,28721.46,7.0,0.1738741113856168,2.2431049986818117,31214.64,14.0,81435.08,0,268.75,70.21935185185185,7,0.0,1.0,3790.5,3918.0249999999996,4081.636,5,3776.768,2.0,3113.1899999999996,-0.17569996356673231,-3.0,7,7.0,1.0,0
860,5,8652.49,1730.498,2425.85,739.34,661.0131369496374,5,8.0,235305.58000000002,29413.197500000002,73534.02,8.0,0.3819785616334936,27.19512880107345,226653.09000000003,13.0,243958.07,0,12703.55,60.88079861111111,5,0.0,1.0,1887.22,2151.9,2371.06,4,1801.0774999999999,1.0,1448.18,-0.1959368766752124,-3.0,5,8.0,1.6,0
861,13,546161.28,42012.406153846154,86894.13,18515.22,17764.162208950613,13,13.0,238218.65,18324.51153846154,90514.72,13.0,0.4228313451959794,0.436169056144002,-307942.63,26.0,784379.93,0,401.01666666666665,72.75238425925926,12,0.0,1.0833333333333333,41133.61,52283.21,68897.63999999996,10,37608.094,3.0,56693.44666666668,0.5074799235150466,-7.0,13,13.0,1.0,1
862,14,518152.67,37010.905,95086.82,11487.86,20225.750051409046,14,9.0,105943.15000000001,11771.461111111112,37308.48,9.0,0.5464808291342523,0.2044631942164845,-412209.51999999996,23.0,624095.82,0,196.55,78.46297453703704,13,0.0,1.0769230769230769,33443.38,43852.59,64186.26849999999,10,36870.808999999994,4.0,37361.145000000004,0.013298758917929095,-6.0,14,9.0,0.6428571428571429,1
863,35,412575.85,11787.881428571427,23177.99,100.0,6632.609309789084,35,9.0,62538.42,6948.713333333333,16366.72,9.0,0.5626633886656671,0.15158041848547366,-350037.43,44.0,475114.26999999996,0,131.56666666666666,86.63125,28,0.0,1.25,12428.96,16534.32,21651.979,25,12440.3128,10.0,10156.803,-0.1835572655375675,-15.0,35,9.0,0.2571428571428571,1
864,3,152860.59,50953.53,64839.63,39047.95,13009.401750595604,3,10.0,95888.0,9588.8,32490.82,10.0,0.2553189494544461,0.6272905266164418,-56972.59,13.0,248748.59,0,24821.616666666665,72.34679398148148,3,0.0,1.0,48973.01,56906.32,63252.96799999999,3,50953.53,0.0,0.0,-1.0,-3.0,3,10.0,3.3333333333333335,0
865,7,17272.48,2467.497142857143,4572.36,1365.02,1119.6623848094312,7,9.0,123426.74,13714.082222222223,27266.07,9.0,0.453764409839584,7.145860930219633,106154.26000000001,16.0,140699.22,0,4069.2166666666667,70.93497685185186,7,0.0,1.0,2001.18,2943.8,4121.276999999998,5,2159.204,2.0,3238.2299999999996,0.4997332350254998,-3.0,7,9.0,1.2857142857142858,0
866,8,121938.03,15242.25375,38675.67,100.0,11314.807316181415,8,6.0,159378.69,26563.115,71244.79,6.0,0.7423316460783508,1.307046620320174,37440.66,14.0,281316.72,0,1573.65,88.22288194444444,8,0.0,1.0,14709.73,18225.3925,31787.295499999986,6,13860.393333333333,2.0,19387.835,0.39879399766913776,-4.0,8,6.0,0.75,0
867,7,120371.43000000001,17195.918571428574,34235.69,1840.25,11157.928783344203,7,5.0,43610.58,8722.116,23085.39,5.0,0.6488707618029412,0.3623000906444328,-76760.85,12.0,163982.01,0,1424.0333333333333,71.40460648148148,7,0.0,1.0,16787.86,23739.125,31982.746999999996,5,22233.784000000003,2.0,4601.255,-0.7930511963235768,-3.0,7,5.0,0.7142857142857143,0
868,25,265581.77,10623.2708,21496.81,2061.41,5927.882242190939,25,10.0,164020.58000000002,16402.058,81253.97,10.0,0.5580091436802062,0.6175897539955397,-101561.19,35.0,429602.35000000003,0,268.46666666666664,82.95008101851852,24,0.0,1.0416666666666667,10588.03,14937.79,19788.769999999997,18,10136.671666666667,7.0,11874.525714285714,0.17144227462094772,-11.0,25,10.0,0.4,1
869,6,16939.89,2823.315,3535.21,2138.53,572.3703016666747,6,12.0,216106.15,18008.845833333333,49995.32,12.0,0.20272987664028796,12.757234551109836,199166.26,18.0,233046.03999999998,0,3558.7166666666667,62.760173611111114,6,0.0,1.0,2863.085,3220.13,3457.135,5,2680.936,1.0,3535.21,0.31864766633742836,-4.0,6,12.0,2.0,0
870,6,16682.1,2780.35,3360.11,1887.95,550.3912437166855,6,9.0,130045.42,14449.49111111111,53660.24,9.0,0.19795753905684016,7.795506560924585,113363.32,15.0,146727.52,0,559.2333333333333,74.55444444444444,5,0.0,1.2,2915.75,3148.9225,3308.4225,5,2664.398,1.0,3360.11,0.2611141428570356,-4.0,6,9.0,1.5,0
871,17,592394.26,34846.721176470586,74721.16,9278.48,16135.511974607007,17,13.0,239258.79,18404.522307692307,77834.54,13.0,0.4630424737206588,0.4038843826744709,-353135.47,30.0,831653.05,0,65.2,85.72496527777778,14,0.0,1.2142857142857142,37656.2,41405.41,60851.93599999999,12,38878.9425,5.0,25169.39,-0.35262153799579293,-7.0,17,13.0,0.7647058823529411,1
872,8,18562.48,2320.31,4933.51,333.29,1452.1128212170215,8,14.0,154486.63,11034.759285714286,44784.17,14.0,0.6258270753550265,8.32252102089807,135924.15,22.0,173049.11000000002,0,1720.8666666666666,50.523217592592594,8,0.0,1.0,2110.9300000000003,2898.325,4467.562,6,1959.8083333333334,2.0,3401.815,0.735789639292958,-4.0,8,14.0,1.75,0
873,9,341665.24,37962.804444444446,93399.96,10837.07,25337.000051080984,9,6.0,135412.24000000002,22568.70666666667,97291.63,6.0,0.6674164467527597,0.39633016223716533,-206252.99999999997,15.0,477077.48,0,2054.55,67.64065972222222,9,0.0,1.0,32886.59,42147.45,78902.91999999998,7,33807.13857142857,2.0,52507.635,0.5531522991530488,-5.0,9,6.0,0.6666666666666666,1
874,10,32797.77,3279.7769999999996,4740.33,100.0,1327.6628424670844,10,10.0,174381.0,17438.1,40404.32,10.0,0.4048027785020398,5.3168553837654215,141583.23,20.0,207178.77,0,5321.15,80.1677199074074,10,0.0,1.0,3499.46,3936.84,4692.0405,7,3363.0257142857145,3.0,3085.53,-0.08251370577005909,-4.0,10,10.0,1.0,0
875,5,203200.61,40640.121999999996,50074.44,25232.6,11479.627165388256,5,9.0,119702.4,13300.266666666666,22001.23,9.0,0.2824702929136939,0.5890848457590753,-83498.20999999999,14.0,322903.01,0,8942.866666666667,73.21782407407407,5,0.0,1.0,48037.92,48442.14,49747.98,4,38689.6175,1.0,48442.14,0.25207079134343985,-3.0,5,9.0,1.8,1
876,6,74833.56,12472.26,25851.09,4247.27,7949.392063867526,6,11.0,141496.66,12863.332727272727,62368.93,11.0,0.6373658073089822,1.8908182371652507,66663.1,17.0,216330.22,0,9418.25,73.86255787037037,6,0.0,1.0,12079.02,14893.795,23321.765,5,9796.494,1.0,25851.09,1.638810374405374,-4.0,6,11.0,1.8333333333333333,1
877,5,22743.6,4548.719999999999,6201.89,3120.3,1158.5750007012925,5,5.0,51523.74,10304.748,23535.07,5.0,0.254703521144694,2.2654170843665913,28780.14,10.0,74267.34,0,1147.0,59.45135416666667,5,0.0,1.0,4167.26,5095.07,5980.526,4,4135.4275,1.0,6201.89,0.4996974315231015,-3.0,5,5.0,1.0,0
878,11,36208.92,3291.72,5841.76,1678.47,1383.2763589463966,11,14.0,159070.31,11362.164999999999,43617.41,14.0,0.42022904710801545,4.3931249537406805,122861.39,25.0,195279.22999999998,0,424.31666666666666,76.24497685185185,10,0.0,1.1,3092.29,3570.2749999999996,5782.025,8,3700.41875,3.0,2201.8566666666666,-0.40497094641878933,-5.0,11,14.0,1.2727272727272727,0
879,6,228581.53,38096.92166666667,55488.38,17593.88,13676.80414502367,6,4.0,26815.25,6703.8125,20051.05,4.0,0.3590002432398717,0.11731153431338044,-201766.28,10.0,255396.78,0,2128.3,54.51579861111111,6,0.0,1.0,41379.985,45194.8275,53046.9025,5,37886.692,1.0,39148.07,0.03329343189951756,-4.0,6,4.0,0.6666666666666666,0
880,3,152050.72,50683.573333333334,61808.34,29871.69,18037.9482006916,3,12.0,107085.37,8923.780833333332,29308.25,12.0,0.3558933795385829,0.7042740080415272,-44965.350000000006,15.0,259136.09,0,4184.033333333334,21.651215277777776,3,0.0,1.0,60370.69,61089.515,61664.575,3,50683.573333333334,0.0,0.0,-1.0,-3.0,3,12.0,4.0,0
881,9,25014.02,2779.3355555555554,4117.77,100.0,1264.2709206901732,9,13.0,122534.94,9425.764615384616,26231.23,13.0,0.454882433379823,4.898650436835023,97520.92,22.0,147548.96,0,1403.1666666666667,81.96940972222222,9,0.0,1.0,2831.08,3884.52,4077.818,7,2590.2542857142857,2.0,3441.12,0.32848732998084024,-5.0,9,13.0,1.4444444444444444,0
882,4,213436.66,53359.165,61864.5,47276.48,6494.297794616956,4,12.0,154321.29,12860.1075,34023.72,12.0,0.12170913459041115,0.7230308514010667,-59115.369999999995,16.0,367757.95,0,5113.466666666666,31.43835648148148,4,0.0,1.0,52147.84,56579.19,60807.437999999995,3,55386.72666666666,1.0,47276.48,-0.14642942731525674,-2.0,4,12.0,3.0,0
883,10,240434.94,24043.494,46246.59,100.0,13933.360466942639,10,12.0,182830.12,15235.843333333332,42032.69,12.0,0.5795064755123627,0.7604141062027008,-57604.82000000001,22.0,423265.06,0,695.3166666666667,78.12353009259259,9,0.0,1.1111111111111112,21910.85,29564.387499999997,45284.859,7,23720.664285714283,3.0,24796.763333333336,0.045365468464857915,-4.0,10,12.0,1.2,0
884,10,36697.89,3669.7889999999998,6109.52,1770.05,1339.9706673277924,10,7.0,55904.46,7986.351428571428,17801.52,6.0,0.3651356160607033,1.5233698722188116,19206.57,17.0,92602.35,0,646.0,70.81019675925926,9,0.0,1.1111111111111112,3518.54,4337.5525,5683.999999999999,7,4015.5485714285714,3.0,2863.0166666666664,-0.287017298946998,-4.0,10,6.0,0.6,0
885,3,10350.72,3450.24,4900.49,2715.39,1255.9909922049599,3,7.0,102590.11,14655.73,27171.02,7.0,0.3640300362308013,9.911398434118594,92239.39,10.0,112940.83,0,14839.083333333334,72.70032407407408,3,0.0,1.0,2734.84,3817.665,4683.924999999999,3,3450.24,0.0,0.0,-1.0,-3.0,3,7.0,2.3333333333333335,0
886,8,20674.68,2584.335,4945.47,1196.2,1537.406835142493,8,9.0,61278.729999999996,6808.747777777778,15974.74,9.0,0.5948945609383044,2.963950590770933,40604.049999999996,17.0,81953.41,0,5539.1,85.55564814814815,8,0.0,1.0,2120.955,3239.95,4932.527,6,2428.3316666666665,2.0,3052.345,0.25697203635692273,-4.0,8,9.0,1.125,0
887,5,15122.76,3024.552,4371.57,1085.71,1309.3891159697332,5,7.0,68759.20999999999,9822.744285714285,32462.75,7.0,0.43292002120305195,4.546736839042608,53636.44999999999,12.0,83881.96999999999,0,4822.516666666666,60.29512731481481,5,0.0,1.0,3273.76,3958.63,4288.982,4,2962.25,1.0,3273.76,0.10515992910794167,-3.0,5,7.0,1.4,0
888,8,19298.33,2412.29125,5263.57,172.65,1674.4212377026404,8,12.0,210949.66,17579.138333333332,56857.0,12.0,0.6941206778835849,10.930980038169105,191651.33000000002,20.0,230247.99,0,421.51666666666665,55.4734375,8,0.0,1.0,2948.09,3082.42,4525.556499999999,6,2516.27,2.0,2100.355,-0.16529029078755458,-4.0,8,12.0,1.5,0
889,13,38996.17,2999.7053846153844,5526.04,1449.41,1034.064915238363,13,11.0,146228.21,13293.473636363635,88548.44,10.0,0.34472215856323124,3.7498095325771734,107232.04,24.0,185224.38,0,16.433333333333334,72.99403935185185,12,0.0,1.0833333333333333,2920.08,3469.47,4610.457999999998,10,3166.19,3.0,2444.7566666666667,-0.22785535085807654,-7.0,13,10.0,0.7692307692307693,0
890,7,159577.43,22796.77571428571,32440.5,10724.75,8078.8737940607725,7,10.0,96334.71,9633.471000000001,49151.03,10.0,0.3543866858767271,0.603686310777157,-63242.71999999999,17.0,255912.14,0,5402.25,80.07251157407407,7,0.0,1.0,23216.62,29417.95,31680.005999999998,5,22328.579999999998,2.0,23967.265,0.0733895751543538,-3.0,7,10.0,1.4285714285714286,1
891,7,16732.45,2390.35,5287.99,850.74,1587.3599330124637,7,10.0,148401.31,14840.131,34598.5,10.0,0.6640700872309343,8.86907237135028,131668.86,17.0,165133.76,0,643.4,54.18119212962963,6,0.0,1.1666666666666667,1829.56,3128.385,4746.000999999998,5,2777.698,2.0,1421.98,-0.4880724974421265,-3.0,7,10.0,1.4285714285714286,0
892,14,522618.84,37329.91714285714,59271.25,15305.06,12527.530190785308,14,10.0,82195.45,8219.545,48012.24,9.0,0.3355895525522852,0.15727609437118645,-440423.39,24.0,604814.29,0,1008.7333333333333,70.98319444444445,13,0.0,1.0769230769230769,34416.015,43387.315,59187.504,10,39676.18,4.0,31464.260000000002,-0.20697355440972387,-6.0,14,9.0,0.6428571428571429,0
893,9,79694.45999999999,8854.939999999999,59403.32,1635.23,18969.209016527286,9,11.0,140047.11,12731.555454545452,61878.46,11.0,2.142217679230722,1.7573004447235103,60352.649999999994,20.0,219741.56999999998,0,1821.3666666666666,71.55416666666666,9,0.0,1.0,2471.54,2841.29,37313.89999999998,7,10647.605714285715,2.0,2580.6099999999997,-0.757634714390519,-5.0,9,11.0,1.2222222222222223,0
894,8,21833.61,2729.20125,4025.5,1136.98,1031.2879871782734,8,11.0,156840.27,14258.206363636362,53177.88,11.0,0.3778717260877238,7.183432790088308,135006.65999999997,19.0,178673.88,0,1622.2333333333333,55.16650462962963,8,0.0,1.0,2801.46,3465.9900000000002,3998.837,6,2520.096666666667,2.0,3356.5150000000003,0.3318993054499233,-4.0,8,11.0,1.375,0
895,26,292275.31,11241.358076923078,20309.71,741.03,5240.006410419758,26,10.0,114277.91,11427.791000000001,21039.26,10.0,0.4661364200449012,0.3909940596761321,-177997.4,36.0,406553.22,0,205.95,85.44181712962963,25,0.0,1.04,11235.44,14765.5025,19676.98,19,10071.264736842106,7.0,14417.325714285715,0.43153080481988576,-12.0,26,10.0,0.38461538461538464,1
896,3,49864.59,16621.53,21363.31,11003.48,5235.208328414449,3,8.0,54690.96,6836.37,22544.08,8.0,0.3149654892428344,1.0967895253926685,4826.370000000003,11.0,104555.54999999999,0,11282.45,19.081469907407406,3,0.0,1.0,17497.8,19430.555,20976.759000000002,3,16621.53,0.0,0.0,-1.0,-3.0,3,8.0,2.6666666666666665,1
897,11,43403.02,3945.7290909090907,6371.43,1451.31,1692.7569950849684,11,7.0,118471.62,16924.51714285714,57599.09,7.0,0.429009938615669,2.729570891610768,75068.6,18.0,161874.63999999998,0,265.05,64.82162037037037,11,0.0,1.0,3782.12,5335.67,6134.405000000001,8,4268.18,3.0,3085.859999999999,-0.2770079987254523,-5.0,11,7.0,0.6363636363636364,0
898,7,25348.64,3621.2342857142858,5107.64,2440.53,1092.6611914626471,7,14.0,326085.12,23291.794285714284,83237.25,14.0,0.3017372269375607,12.864008483295356,300736.48,21.0,351433.76,0,593.6333333333333,56.91857638888889,6,0.0,1.1666666666666667,3892.6,4354.335,4998.464,5,3269.68,2.0,4500.12,0.37631817180886207,-3.0,7,14.0,2.0,0
899,8,104843.93,13105.49125,76977.61,2342.36,25847.04131379585,8,14.0,376584.12,26898.865714285716,79358.37,14.0,1.972229870726582,3.591854292375343,271740.19,22.0,481428.05,0,2255.983333333333,113.70289351851852,8,0.0,1.0,3875.7,5541.5675,52375.346999999965,6,4066.058333333334,2.0,40223.79,8.892575733665076,-4.0,8,14.0,1.75,1
900,11,37532.229999999996,3412.020909090909,5957.0,1131.59,1602.81637097613,11,6.0,21424.92,3570.8199999999997,9924.65,6.0,0.46975572942874516,0.5708405815481787,-16107.309999999998,17.0,58957.149999999994,0,402.9,82.59127314814815,10,0.0,1.1,3498.5,4435.049999999999,5702.305,8,2901.815,3.0,4772.57,0.6446844474923452,-5.0,11,6.0,0.5454545454545454,0
901,10,34467.58,3446.7580000000003,5175.35,100.0,1524.1331315414093,10,8.0,56969.61,7121.20125,10934.76,8.0,0.4421932527730143,1.6528462398578605,22502.03,18.0,91437.19,0,1458.4833333333333,83.5617824074074,10,0.0,1.0,4005.315,4474.365,4982.7185,7,3376.8328571428574,3.0,3609.9166666666665,0.06902438450004351,-4.0,10,8.0,0.8,0
902,9,28613.54,3179.282222222222,5353.95,1314.99,1378.733271292691,9,11.0,184575.69,16779.60818181818,45798.9,10.0,0.4336618063208613,6.450641549420309,155962.15,20.0,213189.23,0,667.4666666666667,57.87186342592592,9,0.0,1.0,3258.61,4269.21,5028.878,7,2857.282857142857,2.0,4306.28,0.507124150916605,-5.0,9,10.0,1.1111111111111112,0
903,9,128476.55,14275.172222222223,112608.0,100.0,36894.73284752607,9,11.0,388601.01,35327.36454545455,116090.73,11.0,2.5845385451876988,3.024684349011551,260124.46000000002,20.0,517077.56,0,2342.3166666666666,124.12689814814814,9,0.0,1.0,1881.65,3278.29,69099.87599999996,7,1855.0114285714285,2.0,57745.735,30.129584492355843,-5.0,9,11.0,1.2222222222222223,1
904,11,30186.08,2744.189090909091,5100.91,364.49,1280.5694097115904,11,9.0,112998.58,12555.397777777778,57496.94,9.0,0.46664765702693073,3.7434002692631836,82812.5,20.0,143184.66,0,475.8333333333333,61.88603009259259,10,0.0,1.1,2968.68,3283.3599999999997,4511.07,8,2482.91,3.0,3440.933333333333,0.38584698331124895,-5.0,11,9.0,0.8181818181818182,0
905,5,155170.83,31034.165999999997,78150.68,100.0,31978.58130507637,5,12.0,122256.13,10188.010833333334,23751.12,12.0,1.0304314704341135,0.7878808794152871,-32914.69999999998,17.0,277426.95999999996,0,3801.7166666666667,70.64015046296296,5,0.0,1.0,20730.82,47971.66,72114.87599999999,4,38767.7075,1.0,100.0,-0.9974205335716588,-3.0,5,12.0,2.4,0
906,11,433393.76,39399.43272727273,88548.44,20543.36,18165.458495869625,11,13.0,234912.76,18070.21230769231,92237.96,13.0,0.46105888431472997,0.5420307851225177,-198481.0,24.0,668306.52,0,716.0333333333333,78.99534722222222,11,0.0,1.0,33328.0,40557.45,69891.285,8,42812.785,3.0,30297.160000000003,-0.29233382037631983,-5.0,11,13.0,1.1818181818181819,1
907,7,17960.07,2565.7242857142855,5012.76,1345.03,1347.825742914085,7,8.0,154056.65,19257.08125,51893.15,8.0,0.5253197899784686,8.577731044478112,136096.58,15.0,172016.72,0,549.95,67.96600694444444,6,0.0,1.1666666666666667,1968.77,3170.875,4624.056,5,3023.514,2.0,1421.25,-0.5299343743736593,-3.0,7,8.0,1.1428571428571428,0
908,7,25040.54,3577.2200000000003,4983.97,1124.32,1499.6636256952202,7,5.0,112909.81000000001,22581.962000000003,54472.25,5.0,0.4192259983157927,4.509080475101576,87869.27000000002,12.0,137950.35,0,2242.75,83.39578703703704,7,0.0,1.0,4465.28,4663.27,4940.617,5,3786.45,2.0,3054.145,-0.19340147103487432,-3.0,7,5.0,0.7142857142857143,0
909,5,15328.119999999999,3065.624,4049.79,1300.41,1128.7002346415986,5,8.0,59098.409999999996,7387.3012499999995,23000.94,8.0,0.3681796054054896,3.8555550191412906,43770.28999999999,13.0,74426.53,0,3982.9666666666667,84.23732638888889,5,0.0,1.0,3549.53,3819.58,4003.748,4,2819.5825,1.0,4049.79,0.43630838962860635,-3.0,5,8.0,1.6,0
910,7,23817.33,3402.4757142857147,5677.38,1773.43,1390.1916294628493,7,8.0,98958.59,12369.82375,34024.84,8.0,0.40858238124256346,4.154898554959771,75141.26,15.0,122775.92,0,3280.45,84.16262731481481,7,0.0,1.0,2840.39,4266.995,5370.369,5,2697.188,2.0,5165.695,0.9152150313585852,-3.0,7,8.0,1.1428571428571428,0
911,31,395187.18,12747.973548387097,26107.75,4621.19,4473.645304087446,31,11.0,195483.01,17771.182727272728,79532.35,11.0,0.35092991737917917,0.4946592903140229,-199704.16999999998,42.0,590670.19,0,45.55,83.45309027777778,27,0.0,1.1481481481481481,13114.02,15601.685000000001,18182.85,22,12567.652727272727,9.0,13188.757777777779,0.04942092719965186,-13.0,31,11.0,0.3548387096774194,0
912,7,106885.56,15269.365714285714,31361.04,7061.17,8012.0175400121225,7,10.0,114138.05,11413.805,31076.37,10.0,0.5247118767033158,1.067852851217695,7252.490000000005,17.0,221023.61,0,398.55,69.12523148148148,6,0.0,1.1666666666666667,13768.78,16478.235,27354.00899999999,5,15632.916000000001,2.0,14360.490000000002,-0.08139402783204358,-3.0,7,10.0,1.4285714285714286,0
913,8,137271.16,17158.895,23937.36,100.0,7866.586507395877,8,8.0,91831.40000000001,11478.925000000001,21188.7,7.0,0.4584553088876572,0.6689781014453438,-45439.759999999995,16.0,229102.56,0,2482.65,67.93638888888889,8,0.0,1.0,19347.77,22152.49,23812.024999999998,6,19249.04333333333,2.0,10888.45,-0.4343381220850282,-4.0,8,7.0,0.875,1
914,13,406345.76,31257.366153846153,89445.33,7303.3,24266.381147279848,13,11.0,183203.46999999997,16654.860909090905,92211.68,11.0,0.7763411999540442,0.45085611327653563,-223142.29000000004,24.0,589549.23,0,775.9333333333333,118.10978009259259,12,0.0,1.0833333333333333,24406.41,39020.6,76775.28599999996,10,26525.989,3.0,47028.62333333333,0.7729262925251656,-7.0,13,11.0,0.8461538461538461,1
915,8,176545.16,22068.145,39240.66,7806.77,11007.021008961248,7,10.0,172534.32,17253.432,54910.59,10.0,0.49877418373684096,0.977281506896026,-4010.8399999999965,18.0,349079.48,0,697.75,64.70287037037038,8,0.0,1.0,24124.9,27407.1025,36767.294,6,21114.903333333335,2.0,24927.87,0.18058177233742154,-4.0,7,10.0,1.4285714285714286,0
916,8,217938.91,27242.36375,56899.8,5336.83,17922.173032164006,8,8.0,156234.31,19529.28875,49820.28,8.0,0.6578787801467487,0.7168720353790885,-61704.600000000006,16.0,374173.22,0,222.7,87.02092592592592,7,0.0,1.1428571428571428,21728.620000000003,41612.3075,51910.39599999999,6,32227.630000000005,2.0,12286.564999999999,-0.618756793471937,-4.0,8,8.0,1.0,1
917,8,21948.63,2743.57875,4969.45,1347.0,1216.9244682681183,8,10.0,178008.61,17800.860999999997,57355.53,10.0,0.443553686318688,8.110237859948434,156059.97999999998,18.0,199957.24,0,2469.3,70.52768518518519,8,0.0,1.0,2858.405,3295.0975,4426.4214999999995,6,2594.7833333333333,2.0,3189.965,0.2293762484985902,-4.0,8,10.0,1.25,0
918,6,18091.43,3015.2383333333332,4636.52,100.0,1578.343052589223,6,6.0,56295.59,9382.598333333333,26286.23,6.0,0.5234554877936867,3.1117269336918087,38204.159999999996,12.0,74387.01999999999,0,1297.1833333333334,54.71868055555556,6,0.0,1.0,3386.37,3840.43,4450.4775,5,3598.286,1.0,100.0,-0.9722089906138645,-4.0,6,6.0,1.0,0
919,4,10489.94,2622.485,3437.82,1221.46,1054.8112944819402,4,9.0,149841.66,16649.073333333334,44919.05,9.0,0.4022182374663497,14.284320024709388,139351.72,13.0,160331.6,0,15380.116666666667,60.094166666666666,4,0.0,1.0,2915.33,3435.2025,3437.2965,3,2697.8700000000003,1.0,2396.33,-0.11176965532067905,-2.0,4,9.0,2.25,0
920,4,227960.91999999998,56990.229999999996,73918.54,46172.12,13036.651319632143,4,7.0,184516.58,26359.511428571426,54824.95,7.0,0.22875239000846537,0.809421983382064,-43444.34,11.0,412477.5,0,21494.166666666668,75.26212962962963,4,0.0,1.0,53935.130000000005,63894.4975,71913.7315,3,51347.46,1.0,73918.54,0.43957539477123103,-2.0,4,7.0,1.75,1
921,7,17233.91,2461.9871428571428,3732.15,924.0,1013.2597635801375,7,7.0,94429.59999999999,13489.942857142856,30128.68,7.0,0.4115617607995494,5.479290538246979,77195.68999999999,14.0,111663.51,0,4240.35,77.52171296296297,7,0.0,1.0,2707.63,3126.175,3566.2229999999995,5,2987.4,2.0,1148.455,-0.6155670482693981,-3.0,7,7.0,1.0,0
922,24,244908.37,10204.515416666667,19629.25,817.62,5470.465000488078,24,15.0,150737.1,10049.140000000001,55982.82,15.0,0.5360827807220875,0.6154836602766987,-94171.26999999999,39.0,395645.47,0,343.78333333333336,87.12466435185185,22,0.0,1.0909090909090908,11402.7,13665.19,17727.5715,17,9234.757647058825,7.0,12559.641428571429,0.36004017740211575,-10.0,24,15.0,0.625,0
923,5,240551.37999999998,48110.276,65572.67,25412.71,15094.512960194508,5,11.0,232339.93,21121.811818181817,60237.67,11.0,0.3137482096380929,0.9658640495016075,-8211.449999999983,16.0,472891.30999999994,0,7626.766666666666,45.66096064814815,5,0.0,1.0,49497.63,56434.77,63745.09,4,53784.667499999996,1.0,25412.71,-0.5275101403201944,-3.0,5,11.0,2.2,0
924,10,26560.35,2656.035,4289.79,1705.04,832.3389779444165,10,12.0,134189.07,11182.4225,38445.1,12.0,0.31337650970127146,5.052232745426925,107628.72,22.0,160749.42,0,2695.15,79.12737268518518,10,0.0,1.0,2570.76,2811.3875,4033.5104999999994,7,2399.157142857143,3.0,3255.4166666666665,0.3569001415179537,-4.0,10,12.0,1.2,0
925,6,16512.36,2752.06,4713.66,100.0,1600.7271691453232,6,7.0,144788.09,20684.012857142858,59403.32,7.0,0.581646900556428,8.768467378375956,128275.73,13.0,161300.45,0,8196.766666666666,84.52841435185185,6,0.0,1.0,2646.925,3746.92,4545.9225,5,3282.472,1.0,100.0,-0.9695351552122913,-4.0,6,7.0,1.1666666666666667,0
926,6,15605.279999999999,2600.8799999999997,4613.9,646.39,1585.6192771910914,6,8.0,200697.47,25087.18375,70856.94,8.0,0.6096472260123849,12.860869526211642,185092.19,14.0,216302.75,0,4536.433333333333,30.50800925925926,6,0.0,1.0,2586.455,3779.6099999999997,4485.879999999999,5,2991.778,1.0,646.39,-0.7839445306436508,-4.0,6,8.0,1.3333333333333333,0
927,8,29029.77,3628.72125,6591.19,100.0,2008.8833095630696,8,4.0,18144.63,4536.1575,5350.39,4.0,0.5536064004814559,0.6250352655222553,-10885.14,12.0,47174.4,0,302.0,64.76228009259259,6,0.0,1.3333333333333333,3542.625,4591.9475,6251.6865,6,3469.6966666666667,2.0,4105.795,0.18332966666634642,-4.0,8,4.0,0.5,0
928,6,104935.51000000001,17489.251666666667,26414.32,8063.61,6756.42525583882,6,7.0,109873.93000000001,15696.275714285715,35389.94,7.0,0.386318716467218,1.0470614761390113,4938.419999999998,13.0,214809.44,0,8260.766666666666,57.722766203703706,6,0.0,1.0,18819.465,21069.9075,25191.175,5,16682.754,1.0,21521.74,0.2900591832739367,-4.0,6,7.0,1.1666666666666667,0
929,3,119774.31,39924.77,59994.21,16394.29,22005.052929106987,3,11.0,203147.53999999998,18467.95818181818,71471.94,11.0,0.5511629228949093,1.6960860805626847,83373.22999999998,14.0,322921.85,0,5925.633333333333,45.47033564814815,3,0.0,1.0,43385.81,51690.009999999995,58333.369999999995,3,39924.77,0.0,0.0,-1.0,-3.0,3,11.0,3.6666666666666665,0
930,8,284431.51,35553.93875,49087.98,17780.64,9358.976572318821,8,14.0,289111.83,20650.845,51251.61,14.0,0.2632331860086478,1.016454998252479,4680.320000000007,22.0,573543.3400000001,0,1442.6166666666666,57.912650462962965,8,0.0,1.0,35924.55,39372.6525,47343.2475,6,35075.401666666665,2.0,36989.55,0.054572385272280935,-4.0,8,14.0,1.75,1
931,10,93038.34,9303.833999999999,68574.47,946.54,20878.039958745703,10,11.0,326093.5,29644.863636363636,70695.33,10.0,2.244025415623893,3.504936781976119,233055.16,21.0,419131.83999999997,0,4559.366666666667,111.75866898148148,10,0.0,1.0,2564.1949999999997,4356.5425000000005,40182.48049999993,7,2748.2314285714283,3.0,24600.24,7.951298549404762,-4.0,10,10.0,1.0,0
932,8,19920.21,2490.02625,4575.76,100.0,1746.1209876420157,8,6.0,82101.05,13683.508333333333,34081.88,6.0,0.7012460160377891,4.12149520512083,62180.840000000004,14.0,102021.26000000001,0,3719.1833333333334,79.72815972222222,8,0.0,1.0,2623.59,3766.095,4538.3765,6,2334.715,2.0,2955.96,0.2660902936761017,-4.0,8,6.0,0.75,0
933,5,12591.28,2518.2560000000003,3355.49,1629.01,711.0174620781122,5,13.0,206789.08,15906.852307692307,49715.26,13.0,0.28234518733524794,16.423197641542398,194197.8,18.0,219380.36,0,23975.533333333333,77.08822916666666,5,0.0,1.0,2798.15,2865.92,3257.5759999999996,4,2448.2825000000003,1.0,2798.15,0.1429032393116398,-3.0,5,13.0,2.6,0
934,25,302739.27,12109.570800000001,24406.57,2377.01,5997.125577656572,23,6.0,69065.62,11510.936666666666,22950.33,6.0,0.495238491661205,0.2281356495310304,-233673.65000000002,31.0,371804.89,0,154.28333333333333,85.38849537037036,22,0.0,1.1363636363636365,11120.55,15908.31,22576.417999999994,18,11648.010555555556,7.0,13296.44,0.14152025674961466,-11.0,23,6.0,0.2608695652173913,1
935,35,405824.64,11594.989714285715,25827.63,209.47,6512.762498168944,35,10.0,138077.18,13807.717999999999,46499.05,10.0,0.561687647738474,0.3402385325839259,-267747.46,45.0,543901.8200000001,1,4.4,82.3715162037037,29,0.02857142857142857,1.206896551724138,10167.69,16567.760000000002,22632.839999999993,25,12028.5676,10.0,10511.045,-0.12615987625991312,-15.0,35,10.0,0.2857142857142857,1
936,6,19183.54,3197.2566666666667,4446.03,1757.0,1015.3524722118258,6,8.0,142014.51,17751.81375,84705.35,8.0,0.3175698975929862,7.4029355374451224,122830.97,14.0,161198.05000000002,0,4120.8,40.1947337962963,6,0.0,1.0,3342.005,3875.2875,4323.7575,5,3225.972,1.0,3053.68,-0.05340777911277604,-4.0,6,8.0,1.3333333333333333,0
937,8,161310.11000000002,20163.763750000002,36926.4,100.0,11561.817528715479,8,7.0,115524.27,16503.467142857142,43005.88,7.0,0.5733958040802515,0.7161626137382213,-45785.84000000001,15.0,276834.38,0,623.15,80.33792824074074,8,0.0,1.0,18996.455,26220.135000000002,35533.784999999996,6,21065.33166666667,2.0,17459.059999999998,-0.17119463029263188,-4.0,8,7.0,0.875,0
938,6,12673.25,2112.2083333333335,4223.07,100.0,1488.6477454175204,6,8.0,159935.38,19991.9225,37550.41,8.0,0.7047826305411099,12.619918331919594,147262.13,14.0,172608.63,0,1943.0166666666667,66.83961805555556,6,0.0,1.0,2113.7,2911.445,3901.6899999999996,5,1947.14,1.0,2937.55,0.5086485820228643,-4.0,6,8.0,1.3333333333333333,0
939,8,155738.04,19467.255,27331.33,6935.34,6710.603455644976,8,12.0,108080.52,9006.710000000001,30400.55,12.0,0.3447123621509543,0.693989214195838,-47657.520000000004,20.0,263818.56,0,3105.95,87.18206018518518,8,0.0,1.0,21925.989999999998,23783.995000000003,26232.211,6,19354.208333333332,2.0,19806.395,0.02336373872176818,-4.0,8,12.0,1.5,0
940,5,12064.83,2412.966,4621.03,811.62,1458.928064206731,5,7.0,91990.15,13141.449999999999,56097.33,7.0,0.6046202326127808,7.6246536420322535,79925.31999999999,12.0,104054.98,0,7685.15,86.77972222222222,5,0.0,1.0,2094.04,2951.31,4287.085999999999,4,2813.3025,1.0,811.62,-0.7115063168642547,-3.0,5,7.0,1.4,0
941,7,14814.02,2116.2885714285717,4572.44,100.0,1725.9864397345705,7,5.0,68503.33,13700.666000000001,35454.46,5.0,0.8155723482310671,4.624222864556684,53689.31,12.0,83317.35,0,1902.2833333333333,71.72631944444444,7,0.0,1.0,1370.16,3457.415,4395.670999999999,5,1910.282,2.0,2631.3050000000003,0.3774432256598766,-3.0,7,5.0,0.7142857142857143,0
942,29,398854.23,13753.594137931033,22125.61,4132.77,4112.098528945251,29,11.0,96204.12,8745.82909090909,28415.19,11.0,0.2989835593304659,0.24120120275520207,-302650.11,40.0,495058.35,0,275.5833333333333,84.52850694444444,28,0.0,1.0357142857142858,13710.9,15120.18,20767.626,21,13595.604761904762,8.0,14168.31625,0.042124752677423376,-13.0,29,11.0,0.3793103448275862,1
943,7,78787.69,11255.384285714286,64316.56,1343.5,23407.65486396267,7,12.0,186455.61000000002,15537.9675,66996.42,12.0,2.0796850884667224,2.3665576437131235,107667.92000000001,19.0,265243.30000000005,1,5.95,59.13146990740741,6,0.14285714285714285,1.1666666666666667,2376.5,3058.8100000000004,46125.53799999996,5,14830.836,2.0,2316.755,-0.8437879698757372,-3.0,7,12.0,1.7142857142857142,0
944,7,101270.88,14467.268571428573,89695.74,516.98,33197.083223020985,7,10.0,220660.19,22066.019,93433.06,10.0,2.2946337837801636,2.178910561456561,119389.31,17.0,321931.07,0,3172.116666666667,80.79413194444444,7,0.0,1.0,1681.55,3621.455,63915.746999999945,5,1978.718,2.0,45688.645000000004,22.090023439418857,-3.0,7,10.0,1.4285714285714286,0
945,7,19047.38,2721.054285714286,4070.1,1181.02,1107.8713038654678,7,10.0,186324.48,18632.448,54481.51,9.0,0.40714781387562354,9.782157966082474,167277.1,17.0,205371.86000000002,0,5310.733333333334,48.76884259259259,7,0.0,1.0,3063.78,3555.465,3923.7569999999996,5,3220.1099999999997,2.0,1473.415,-0.5424333330227848,-3.0,7,9.0,1.2857142857142858,0
946,2,3820.36,1910.18,2649.15,1171.21,1045.061396186846,2,12.0,298758.3,24896.524999999998,55488.38,12.0,0.547101004191671,78.20160927242458,294937.94,14.0,302578.66,0,51126.566666666666,35.504560185185184,2,0.0,1.0,1910.18,2279.665,2575.253,2,1910.18,0.0,0.0,-1.0,-2.0,2,12.0,6.0,0
947,4,142275.26,35568.815,66257.25,17286.78,21287.750797026445,4,8.0,150168.3,18771.0375,69017.97,8.0,0.5984947993636123,1.0554772488203499,7893.039999999979,12.0,292443.56,0,6276.633333333333,44.17476851851852,4,0.0,1.0,29365.614999999998,39944.01,60994.601999999984,3,37034.11,1.0,31172.93,-0.15826436763297405,-2.0,4,8.0,2.0,0
948,8,132334.79,16541.84875,28230.39,5741.74,8831.698099995812,8,9.0,125325.91,13925.101111111111,37588.9,9.0,0.5339003054296342,0.9470367542805637,-7008.880000000005,17.0,257660.7,0,4400.566666666667,70.04663194444444,8,0.0,1.0,16821.635000000002,23722.454999999998,26726.222999999998,6,19053.916666666668,2.0,9005.645,-0.5273599041316964,-4.0,8,9.0,1.125,0
949,8,176685.18,22085.6475,36677.14,11596.78,8991.260985029137,8,10.0,95041.52,9504.152,32258.27,10.0,0.40710877890399805,0.5379144985448129,-81643.65999999999,18.0,271726.7,0,738.8166666666667,32.06068287037037,8,0.0,1.0,20399.035,25290.59,35740.648499999996,6,24243.40166666667,2.0,15612.385,-0.3560150834168555,-4.0,8,10.0,1.25,0
950,5,7405.66,1481.132,3330.96,100.0,1448.9787741958128,5,7.0,126171.67,18024.524285714284,69027.62,7.0,0.9782914515355908,17.037194524188255,118766.01,12.0,133577.33,0,3463.8,43.530011574074074,5,0.0,1.0,796.45,2724.17,3209.602,4,1826.415,1.0,100.0,-0.9452479310561948,-3.0,5,7.0,1.4,0
951,6,19987.56,3331.26,4919.81,1237.49,1480.0532429341858,6,10.0,132043.7,13204.37,29707.42,10.0,0.4442923227049782,6.606294114939493,112056.14000000001,16.0,152031.26,0,4883.35,75.69372685185185,6,0.0,1.0,3838.985,4268.785,4783.6675000000005,5,3122.464,1.0,4375.24,0.40121391311477084,-4.0,6,10.0,1.6666666666666667,0
952,9,103396.95000000001,11488.550000000001,84705.35,242.04,27516.49031430971,9,4.0,105466.01000000001,26366.502500000002,88234.74,4.0,2.3951229976202137,1.020010841712449,2069.0599999999977,13.0,208862.96000000002,0,236.08333333333334,70.64900462962963,8,0.0,1.125,2822.44,3333.91,53269.35399999998,7,2267.022857142857,2.0,43763.895000000004,18.30456716045462,-5.0,9,4.0,0.4444444444444444,1
953,6,15318.810000000001,2553.135,3425.55,1404.91,709.9430792324129,6,5.0,143273.54,28654.708000000002,95086.82,5.0,0.27806719160264254,9.3527852359289,127954.73000000001,11.0,158592.35,0,156.88333333333333,29.656238425925928,4,0.0,1.5,2642.75,2958.3875000000003,3312.9975000000004,5,2468.6940000000004,1.0,2975.34,0.20522835150893534,-4.0,6,5.0,0.8333333333333334,0
954,14,38935.6,2781.1142857142854,5465.37,434.32,1497.1335468447403,14,12.0,179409.82,14950.818333333335,46558.68,12.0,0.5383214758685205,4.607860672495095,140474.22,26.0,218345.42,0,1186.9333333333334,52.17244212962963,14,0.0,1.0,3124.24,3754.3849999999998,4737.662499999999,10,3071.625,4.0,2054.8374999999996,-0.33102592276075377,-6.0,14,12.0,0.8571428571428571,0
955,9,214471.58,23830.175555555554,55180.62,2583.72,15917.73624112668,9,7.0,80042.83,11434.69,40607.32,7.0,0.6679655466245931,0.3732094947032143,-134428.75,16.0,294514.41,0,805.1,62.03950231481482,8,0.0,1.125,20763.26,33463.24,47727.907999999996,7,26555.95857142857,2.0,14289.935,-0.4618934593694361,-5.0,9,7.0,0.7777777777777778,1
956,8,161319.4,20164.925,32368.07,6523.72,8438.857954867388,8,7.0,158165.97,22595.13857142857,68209.1,7.0,0.41849190884009674,0.9804522580669157,-3153.429999999993,15.0,319485.37,0,896.3833333333333,57.336273148148145,8,0.0,1.0,22442.085,24639.25,30039.292499999996,6,22933.831666666665,2.0,11858.205,-0.482938343127573,-4.0,8,7.0,0.875,0
957,31,411970.85,13289.382258064516,21299.97,1370.46,4880.55775482182,31,7.0,75943.87,10849.124285714284,20771.84,7.0,0.3672524170083306,0.18434282425564819,-336026.98,38.0,487914.72,0,156.15,77.556875,24,0.0,1.2916666666666667,14138.28,16400.375,19006.39,22,12448.939090909093,9.0,15343.798888888889,0.23253867472881953,-13.0,31,7.0,0.22580645161290322,1
958,5,12031.17,2406.234,3882.82,1042.33,1050.0053892385506,5,10.0,140298.71,14029.871,37035.11,9.0,0.4363687776162047,11.661269020386213,128267.54,15.0,152329.88,0,16022.016666666666,67.47450231481481,5,0.0,1.0,2255.53,2841.22,3674.5,4,2505.475,1.0,2009.27,-0.19804827427932825,-3.0,5,9.0,1.8,0
959,5,15600.029999999999,3120.006,4669.04,2004.14,1293.5322812284198,5,9.0,127470.58,14163.397777777778,38014.36,9.0,0.41459288258689886,8.17117531184235,111870.55,14.0,143070.61,0,10827.65,71.87619212962963,5,0.0,1.0,2500.55,4363.62,4607.956,4,2809.1025,1.0,4363.62,0.5533858234080102,-3.0,5,9.0,1.8,0
960,11,33854.659999999996,3077.6963636363635,6039.53,100.0,1592.0739935334207,11,13.0,115812.72,8908.67076923077,26489.15,13.0,0.5172940425001352,3.420879725272681,81958.06,24.0,149667.38,0,880.25,52.59488425925926,11,0.0,1.0,2986.17,3827.915,5372.379999999999,8,3086.34125,3.0,3054.6433333333334,-0.010270386227273642,-5.0,11,13.0,1.1818181818181819,0
961,13,30135.010000000002,2318.0776923076924,4263.39,100.0,1458.1805928630938,13,11.0,98638.97,8967.17909090909,36731.23,11.0,0.6290473342209019,3.2732350180072944,68503.95999999999,24.0,128773.98000000001,0,363.93333333333334,73.57863425925926,12,0.0,1.0833333333333333,2411.35,3352.08,4128.708,10,2358.474,3.0,2183.4233333333336,-0.07422200400202271,-7.0,13,11.0,0.8461538461538461,0
962,10,29872.06,2987.206,4777.71,617.69,1505.5791320153185,10,15.0,290923.97,19394.93133333333,70757.18,14.0,0.5040091416578965,9.738999252143975,261051.90999999997,25.0,320796.02999999997,0,74.81666666666666,68.00837962962963,9,0.0,1.1111111111111112,3165.97,4267.215,4668.72,7,3131.284285714286,3.0,2651.023333333333,-0.15337507187451016,-4.0,10,14.0,1.4,0
963,8,17030.37,2128.79625,3819.84,100.0,1427.8124419238334,8,11.0,123848.38,11258.943636363636,31660.86,11.0,0.6707135273861148,7.2722072391850565,106818.01000000001,19.0,140878.75,0,1191.25,81.04327546296297,8,0.0,1.0,2186.84,3385.4125000000004,3806.246,6,2150.8766666666666,2.0,2062.5550000000003,-0.041063101402063776,-4.0,8,11.0,1.375,0
964,11,31810.51,2891.8645454545454,4826.69,820.41,1275.8202845335516,11,5.0,52045.47,10409.094000000001,18119.67,5.0,0.44117567212437236,1.6361092607443264,20234.960000000003,16.0,83855.98,0,1140.5666666666666,70.72133101851851,10,0.0,1.1,2705.33,3647.165,4633.76,8,2743.745,3.0,3286.85,0.19794295752702967,-5.0,11,5.0,0.45454545454545453,0
965,8,249054.1,31131.7625,90225.33,3028.25,29039.82198004406,8,8.0,96880.47,12110.05875,41896.48,8.0,0.932803659286687,0.3889936764743082,-152173.63,16.0,345934.57,0,3997.116666666667,70.59537037037038,8,0.0,1.0,20518.425000000003,46614.415,75508.16599999998,6,38093.418333333335,2.0,10246.795,-0.7310087818757492,-4.0,8,8.0,1.0,1
966,10,24366.19,2436.6189999999997,4091.7,346.83,1250.868767097048,10,7.0,105998.87,15142.695714285714,32314.02,7.0,0.513362477718941,4.350243924060347,81632.68,17.0,130365.06,0,1113.25,76.40975694444444,10,0.0,1.0,2865.045,3217.8999999999996,3700.415999999999,7,2127.387142857143,3.0,3158.16,0.484525282858718,-4.0,10,7.0,0.7,0
967,12,234325.51,19527.125833333335,38639.98,100.0,12748.726824422658,12,9.0,50004.479999999996,5556.053333333333,12542.37,9.0,0.6528726722629212,0.213397508448824,-184321.03000000003,21.0,284329.99,0,3723.233333333333,86.4969675925926,12,0.0,1.0,15971.18,30801.7425,36852.458,9,15520.533333333333,3.0,31546.903333333335,1.032591448747466,-6.0,12,9.0,0.75,1
968,10,30452.56,3045.2560000000003,5732.22,1615.98,1285.3141998074507,10,10.0,57989.86,5798.986,23108.9,10.0,0.4220709851018931,1.9042688036736484,27537.3,20.0,88442.42,0,389.21666666666664,76.98445601851851,10,0.0,1.0,2645.065,3835.6949999999997,5025.809999999999,7,3472.93,3.0,2047.3500000000001,-0.4104833670704563,-4.0,10,10.0,1.0,0
969,4,175955.41,43988.8525,57355.53,37138.47,9136.898740296132,4,11.0,139297.45,12663.404545454547,36489.98,11.0,0.20770941320408692,0.7916633538008295,-36657.95999999999,15.0,315252.86,0,20346.533333333333,82.94166666666666,4,0.0,1.0,40730.705,45896.197499999995,55063.663499999995,3,39533.293333333335,1.0,57355.53,0.45081588615435353,-2.0,4,11.0,2.75,0
970,3,11654.220000000001,3884.7400000000002,5127.35,2961.99,1117.5548295721335,3,10.0,140253.72,14025.372,58898.7,10.0,0.2876781533827575,12.034586613261117,128599.5,13.0,151907.94,0,4011.0833333333335,7.6393402777777775,3,0.0,1.0,3564.88,4346.115,4971.103,3,3884.7400000000002,0.0,0.0,-1.0,-3.0,3,10.0,3.3333333333333335,0
971,11,32657.32,2968.847272727273,6752.49,100.0,1836.748207376781,11,9.0,45220.79,5024.532222222222,14511.97,9.0,0.618673861821625,1.3847060934577609,12563.470000000001,20.0,77878.11,0,1348.65,73.17965277777778,11,0.0,1.0,2823.62,3139.7,6165.895,8,2667.43125,3.0,3772.623333333333,0.4143282355762057,-5.0,11,9.0,0.8181818181818182,0
972,4,16433.24,4108.31,5160.68,3159.25,951.3969973675552,4,7.0,115995.88,16570.84,53394.1,7.0,0.23157867769656015,7.058612908957698,99562.64,11.0,132429.12,0,3473.45,25.851469907407406,4,0.0,1.0,4056.6549999999997,4776.98,5083.9400000000005,3,4323.003333333333,1.0,3464.23,-0.19865201738606103,-2.0,4,7.0,1.75,0
973,2,5230.07,2615.035,2786.18,2443.89,242.03558013234334,2,8.0,56319.28,7039.91,18326.45,8.0,0.09255538841061146,10.76836065291669,51089.21,10.0,61549.35,0,8148.483333333334,5.6586689814814815,2,0.0,1.0,2615.035,2700.6075,2769.0654999999997,2,2615.035,0.0,0.0,-1.0,-2.0,2,8.0,4.0,0
974,10,181451.83000000002,18145.183,30610.93,10532.59,6580.198964686993,10,8.0,124571.92,15571.49,46418.58,8.0,0.3626416423955048,0.6865288710507906,-56879.91000000002,18.0,306023.75,0,4467.933333333333,83.19189814814816,10,0.0,1.0,16375.814999999999,22008.072500000002,28428.816999999995,7,17389.667142857143,3.0,19908.053333333333,0.14482083928274758,-4.0,10,8.0,0.8,0
975,4,8232.23,2058.0575,3039.82,837.58,925.2862910607721,4,12.0,100393.76,8366.146666666666,22300.13,12.0,0.4495920503002332,12.19520834573378,92161.53,16.0,108625.98999999999,0,4436.45,30.307824074074073,4,0.0,1.0,2177.415,2549.035,2941.663,3,1730.8033333333333,1.0,3039.82,0.7563058387145855,-2.0,4,12.0,3.0,0
976,1,74812.76,74812.76,74812.76,74812.76,0.0,1,13.0,135866.81,10451.293076923077,30853.99,13.0,0.0,1.816091399381603,61054.05,14.0,210679.57,0,0.0,0.0,1,0.0,1.0,74812.76,74812.76,74812.76,1,74812.76,0.0,0.0,-1.0,-1.0,1,13.0,13.0,0
977,7,19991.36,2855.9085714285716,4395.89,1738.12,901.9674851018482,7,6.0,24672.6,4112.099999999999,8345.38,6.0,0.3158250562099295,1.2341631584844652,4681.239999999998,13.0,44663.96,0,44.9,33.0159837962963,6,0.0,1.1666666666666667,2703.59,3262.92,4144.7119999999995,5,2941.1980000000003,2.0,2642.6850000000004,-0.10149367706628383,-3.0,7,6.0,0.8571428571428571,0
978,4,12777.18,3194.295,3818.46,2420.98,643.2698955337486,4,9.0,60268.12,6696.457777777778,12650.9,9.0,0.20138086668067556,4.7168561450961795,47490.94,13.0,73045.3,0,10918.183333333332,56.23690972222222,4,0.0,1.0,3268.87,3667.515,3788.2709999999997,3,3053.3266666666664,1.0,3617.2,0.18467507570977235,-2.0,4,9.0,2.25,0
979,3,13085.34,4361.78,4876.86,3714.8,592.1520652670225,3,13.0,152632.98,11740.998461538462,41158.07,13.0,0.13575926921280362,11.664425991223768,139547.64,16.0,165718.32,0,2779.366666666667,4.90974537037037,3,0.0,1.0,4493.68,4685.27,4838.5419999999995,3,4361.78,0.0,0.0,-1.0,-3.0,3,13.0,4.333333333333333,0
980,6,22001.54,3666.9233333333336,5197.35,2482.0,1041.0928736797055,6,9.0,121451.84,13494.648888888889,35666.83,9.0,0.2839145460762398,5.520151771194198,99450.29999999999,15.0,143453.38,0,965.05,69.73700231481482,6,0.0,1.0,3848.86,4090.7799999999997,4928.4975,5,3903.9080000000004,1.0,2482.0,-0.36422682091893566,-4.0,6,9.0,1.5,0
981,15,358776.07,23918.404666666665,77319.92,100.0,20961.94625747158,15,13.0,173462.29,13343.253076923078,41207.53,13.0,0.8763939965730538,0.4834834441438639,-185313.78,28.0,532238.36,0,907.0333333333333,80.20768518518518,15,0.0,1.0,17339.38,30090.25,63079.70799999998,11,16599.802727272727,4.0,44044.560000000005,1.6533182787550107,-7.0,15,13.0,0.8666666666666667,1
982,31,411139.49,13262.564193548387,26034.94,2117.8,5938.717374436882,30,8.0,146430.97,18303.87125,55839.58,8.0,0.4477804810419533,0.35615885499103966,-264708.52,39.0,557570.46,0,204.13333333333333,84.58552083333333,26,0.0,1.1923076923076923,13252.02,17958.42,22334.25,22,13365.015000000001,9.0,13012.128888888888,-0.026403719794636425,-13.0,30,8.0,0.26666666666666666,1
983,10,407181.7,40718.17,95516.36,18593.91,22442.06780001443,9,9.0,202501.12,22500.124444444446,99496.21,9.0,0.5511561005814954,0.4973237255014162,-204680.58000000002,19.0,609682.8200000001,0,179.78333333333333,71.41618055555556,9,0.0,1.1111111111111112,34994.94,48461.4925,76048.28899999996,7,36494.154285714285,3.0,50574.206666666665,0.3858166508180749,-4.0,9,9.0,1.0,1
984,10,93934.54000000001,9393.454000000002,71624.89,456.22,21900.0565414299,10,14.0,236605.93,16900.42357142857,73840.09,14.0,2.3314168080697364,2.518838437916447,142671.38999999998,24.0,330540.47,0,664.6166666666667,125.03247685185185,9,0.0,1.1111111111111112,2903.505,3374.045,41418.07749999993,7,2995.5800000000004,3.0,24321.826666666664,7.119237899393994,-4.0,10,14.0,1.4,0
985,12,37654.020000000004,3137.8350000000005,6235.29,359.7,1755.9100371213885,12,3.0,75244.68,25081.559999999998,44263.63,3.0,0.5595928521166308,1.9983173111396866,37590.65999999999,15.0,112898.7,0,3539.8333333333335,80.61034722222222,12,0.0,1.0,2949.99,4057.3025,5731.170999999999,9,3267.9455555555555,3.0,2747.5033333333336,-0.1592566991630147,-6.0,12,3.0,0.25,0
986,7,95738.75,13676.964285714286,20519.21,100.0,7631.2886968144885,6,7.0,64639.14,9234.162857142857,22784.46,7.0,0.5579665587622714,0.6751617291848911,-31099.61,14.0,160377.89,0,3874.0666666666666,75.61581018518518,7,0.0,1.0,17807.43,19092.230000000003,20371.838,5,17588.378,2.0,3898.43,-0.778351932167935,-3.0,6,7.0,1.1666666666666667,0
987,9,25839.9,2871.1000000000004,3985.4,1683.61,745.3757234274539,9,8.0,82019.06,10252.3825,27004.93,7.0,0.25961329226688507,3.174124512865762,56179.159999999996,17.0,107858.95999999999,0,4069.116666666667,82.96975694444444,9,0.0,1.0,3048.5,3268.21,3801.308,7,2823.4942857142855,2.0,3037.7200000000003,0.07587255103352195,-5.0,9,7.0,0.7777777777777778,0
988,6,125255.81,20875.968333333334,112537.95,351.68,44937.88178330857,6,7.0,259332.43,37047.49,116018.51,7.0,2.152613046052326,2.070422362044523,134076.62,13.0,384588.24,0,5909.683333333333,122.53489583333334,6,0.0,1.0,3203.6,4647.0425000000005,85667.0275,5,2543.572,1.0,112537.95,43.24405914202546,-4.0,6,7.0,1.1666666666666667,0
989,7,20787.98,2969.7114285714283,5875.39,1228.11,1506.8695480634522,7,4.0,53751.42,13437.855,28906.4,4.0,0.5074127854868133,2.585697119200615,32963.44,11.0,74539.4,0,38.483333333333334,46.67016203703704,6,0.0,1.1666666666666667,2703.23,3426.6549999999997,5168.859999999999,5,2912.8920000000003,2.0,3111.76,0.0682716695298006,-3.0,7,4.0,0.5714285714285714,0
990,31,388097.71,12519.280967741935,24002.13,4469.63,4944.413080749056,31,14.0,119058.15,8504.153571428571,26882.76,14.0,0.39494385448247227,0.3067736472858858,-269039.56000000006,45.0,507155.86,1,9.55,84.24158564814815,23,0.03225806451612903,1.3478260869565217,10936.76,15859.93,20918.5,22,13024.872727272728,9.0,11283.39,-0.13370439494784814,-13.0,31,14.0,0.45161290322580644,1
991,8,371809.67,46476.20875,60645.4,34288.86,8940.29221691397,8,13.0,147728.99,11363.76846153846,27297.65,13.0,0.19236276919670153,0.39732422774265125,-224080.68,21.0,519538.66,0,5037.533333333334,75.36173611111111,8,0.0,1.0,46598.22,50232.0075,59290.76,6,46435.53833333333,2.0,46598.22,0.0035033871148187246,-4.0,8,13.0,1.625,0
992,25,380251.58,15210.0632,77255.68,100.0,14215.260073614176,25,11.0,200065.28999999998,18187.753636363635,79645.03,11.0,0.9345957269667476,0.5261392733726444,-180186.29000000004,36.0,580316.87,1,3.5,126.34873842592593,19,0.04,1.3157894736842106,12004.89,17012.56,24325.711999999996,18,13755.005,7.0,18951.641428571427,0.37779967572323153,-11.0,25,11.0,0.44,1
993,18,188919.95,10495.552777777779,16453.53,2352.2,3881.0485390523095,18,8.0,85378.7,10672.3375,24650.79,8.0,0.3697802889686429,0.45193056635892603,-103541.25000000001,26.0,274298.65,0,396.76666666666665,75.00716435185186,16,0.0,1.125,11434.57,13234.265,14968.511999999999,13,11198.308461538461,5.0,8668.388,-0.22591987622306411,-8.0,18,8.0,0.4444444444444444,0
994,9,21752.28,2416.92,3442.87,299.8,1155.7440496061402,8,8.0,110050.38,13756.2975,50832.17,8.0,0.47818878970182715,5.059257236482797,88298.1,17.0,131802.66,0,212.76666666666668,60.368969907407404,6,0.0,1.5,3050.09,3237.44,3426.526,7,2572.8014285714285,2.0,1871.335,-0.27264693682983693,-5.0,8,8.0,1.0,0
995,8,171932.49,21491.56125,35665.68,8609.04,9833.925759836908,8,11.0,115450.54000000001,10495.503636363637,37196.75,11.0,0.4575714926172201,0.6714876286616916,-56481.94999999998,19.0,287383.03,0,3625.75,74.01857638888889,8,0.0,1.0,19950.095,28803.3875,34844.902,6,20531.685,2.0,24371.190000000002,0.18700389178968999,-4.0,8,11.0,1.375,0
996,4,7586.75,1896.6875,2600.94,1003.66,674.8605031844236,4,9.0,157685.71,17520.634444444444,46764.7,9.0,0.3558100652766592,20.784355619995385,150098.96,13.0,165272.46,0,6650.366666666667,40.478680555555556,4,0.0,1.0,1991.075,2267.94,2534.3399999999997,3,1661.9366666666665,1.0,2600.94,0.5650054855680423,-2.0,4,9.0,2.25,0
997,1,28894.61,28894.61,28894.61,28894.61,0.0,1,11.0,239713.25,21792.113636363636,68260.12,11.0,0.0,8.296123394640038,210818.64,12.0,268607.86,0,0.0,0.0,1,0.0,1.0,28894.61,28894.61,28894.61,1,28894.61,0.0,0.0,-1.0,-1.0,1,11.0,11.0,0
998,5,15914.52,3182.904,5586.06,237.91,2356.6915411504324,5,12.0,201684.07,16807.005833333333,37707.46,12.0,0.7404218101301303,12.672959661994204,185769.55000000002,17.0,217598.59,0,7933.4,51.908935185185186,5,0.0,1.0,3471.56,5265.57,5521.962,4,2582.115,1.0,5586.06,1.1633660778083086,-3.0,5,12.0,2.4,0
999,10,218086.18,21808.618,50830.13,100.0,19603.608073154286,10,12.0,85702.28,7141.856666666667,22525.99,12.0,0.89889272548835,0.3929743737085954,-132383.9,22.0,303788.45999999996,0,2388.1666666666665,73.19565972222222,10,0.0,1.0,16212.150000000001,40356.182499999995,48056.66749999999,7,23885.287142857145,3.0,16963.056666666667,-0.28981148247407856,-4.0,10,12.0,1.2,0
1000,7,22342.47,3191.781428571429,4251.78,988.82,1108.652093045553,7,8.0,58393.39,7299.17375,16466.0,8.0,0.34734586871186895,2.613560183811369,36050.92,15.0,80735.86,0,2417.5666666666666,60.502604166666664,7,0.0,1.0,3610.72,3890.385,4172.754,5,2895.994,2.0,3931.25,0.35747864118503003,-3.0,7,8.0,1.1428571428571428,0
