transaction_id,sender_account_id,receiver_account_id,amount,txn_time,rapid_transfer,new_beneficiary,behavior_profile,risk_label
5589,596,51,2536.31,2026-01-01 00:08:55,0,0,normal,0
6388,676,120,3136.7,2026-01-01 00:19:09,0,0,normal,0
3643,388,348,16345.0,2026-01-01 00:23:15,0,1,behavioral_deviation,1
3726,397,590,6961.82,2026-01-01 00:56:15,0,0,transaction_burst,1
179,14,806,7848.4,2026-01-01 01:19:06,0,1,transaction_burst,1
6681,711,257,12759.51,2026-01-01 01:22:37,0,0,behavioral_deviation,0
6760,716,933,2405.43,2026-01-01 01:26:31,0,0,normal,0
6986,743,727,21888.83,2026-01-01 01:51:45,1,1,beneficiary_anomaly,1
4208,441,726,17737.32,2026-01-01 02:12:15,1,1,beneficiary_anomaly,0
1755,186,838,42737.18,2026-01-01 02:35:09,0,0,rapid_movement,1
4209,441,39,9547.38,2026-01-01 02:51:12,0,1,beneficiary_anomaly,0
20,2,840,2883.97,2026-01-01 03:13:23,0,0,normal,0
1859,200,711,3463.28,2026-01-01 04:09:45,0,0,normal,0
6668,710,554,2814.8,2026-01-01 04:13:29,0,0,normal,0
6685,712,350,41915.04,2026-01-01 04:23:43,1,0,rapid_movement,0
6246,662,120,22559.44,2026-01-01 04:33:49,1,0,beneficiary_anomaly,0
3431,367,557,10827.61,2026-01-01 04:38:42,1,0,transaction_burst,1
2532,271,539,3450.34,2026-01-01 04:49:10,0,0,normal,0
3504,371,217,25308.64,2026-01-01 05:05:30,0,0,transaction_burst,1
2032,216,232,38847.38,2026-01-01 05:08:54,0,1,rapid_movement,0
2922,312,434,2297.76,2026-01-01 05:16:44,0,0,normal,0
3145,336,736,63011.01,2026-01-01 05:46:27,0,0,high_value,0
4619,495,648,11211.62,2026-01-01 05:49:48,1,0,transaction_burst,1
3015,324,509,2676.11,2026-01-01 05:52:49,0,0,normal,0
1296,136,978,4409.86,2026-01-01 06:16:50,0,0,normal,0
4944,529,468,18117.52,2026-01-01 06:45:16,0,1,transaction_burst,0
7594,803,89,20041.51,2026-01-01 07:02:16,0,1,beneficiary_anomaly,0
4668,502,976,9933.63,2026-01-01 07:04:41,0,0,beneficiary_anomaly,0
5530,588,157,1911.1,2026-01-01 07:27:00,0,0,normal,0
1082,106,515,34412.16,2026-01-01 07:53:21,0,0,rapid_movement,0
4973,530,874,4290.7,2026-01-01 08:01:02,0,0,normal,0
182,14,550,13413.42,2026-01-01 08:05:28,1,0,transaction_burst,1
7195,766,477,3398.9,2026-01-01 08:41:06,0,0,normal,0
6432,684,880,1776.23,2026-01-01 09:30:54,0,0,normal,0
1949,208,780,43812.08,2026-01-01 09:47:43,0,0,rapid_movement,1
6270,664,541,4053.26,2026-01-01 09:50:12,0,0,normal,0
123,9,700,619.35,2026-01-01 10:19:08,0,0,normal,0
1420,151,646,12470.02,2026-01-01 10:43:18,0,0,transaction_burst,1
7273,775,579,4764.63,2026-01-01 10:44:40,0,0,normal,0
6858,728,892,4161.95,2026-01-01 11:12:13,0,0,normal,0
727,64,426,100.0,2026-01-01 11:19:08,0,0,transaction_burst,1
2157,233,806,15500.4,2026-01-01 11:35:50,0,0,behavioral_deviation,1
8614,916,82,22391.54,2026-01-01 11:53:39,0,0,behavioral_deviation,1
9138,974,761,10532.59,2026-01-01 12:13:35,0,0,beneficiary_anomaly,0
3428,366,152,1852.33,2026-01-01 12:19:24,0,0,normal,0
3478,370,960,18802.2,2026-01-01 12:27:54,0,0,beneficiary_anomaly,0
39,4,385,24669.9,2026-01-01 13:35:38,0,1,rapid_movement,1
6325,668,219,8949.11,2026-01-01 14:11:15,0,1,behavioral_deviation,1
407,36,774,4590.49,2026-01-01 14:39:46,0,0,normal,0
7978,846,498,27800.15,2026-01-01 14:50:52,0,0,beneficiary_anomaly,1
9116,971,337,100.0,2026-01-01 15:24:43,0,0,normal,0
8086,861,983,52283.21,2026-01-01 16:03:34,0,0,rapid_movement,1
2148,231,419,320.21,2026-01-01 16:27:28,0,0,normal,0
1001,98,396,995.38,2026-01-01 16:45:54,0,0,normal,0
4151,434,171,15619.93,2026-01-01 16:59:30,1,0,transaction_burst,0
4631,497,81,3454.11,2026-01-01 17:06:35,0,0,normal,0
5731,610,36,3637.77,2026-01-01 17:06:45,0,0,normal,0
269,21,991,17566.45,2026-01-01 17:22:11,0,1,transaction_burst,1
2254,241,875,17438.35,2026-01-01 17:29:26,0,0,transaction_burst,1
7620,807,318,45632.24,2026-01-01 17:43:14,0,1,rapid_movement,1
3983,424,976,4398.29,2026-01-01 17:45:18,0,0,normal,0
426,39,259,1059.74,2026-01-01 18:13:54,0,0,normal,0
44,4,647,42355.58,2026-01-01 18:33:53,0,0,rapid_movement,1
9048,963,134,2069.12,2026-01-01 18:35:35,0,0,normal,0
8466,901,705,4747.28,2026-01-01 18:39:27,0,0,normal,0
1481,159,521,46374.2,2026-01-01 18:41:23,1,0,rapid_movement,1
2788,298,502,14510.62,2026-01-01 18:43:14,0,1,transaction_burst,1
5445,576,149,2774.39,2026-01-01 18:47:39,0,0,normal,0
7942,842,581,15782.76,2026-01-01 18:49:39,0,0,transaction_burst,0
7656,812,346,410.02,2026-01-01 18:57:24,0,0,normal,1
2453,262,37,100.0,2026-01-01 19:21:05,0,0,transaction_burst,0
3310,355,117,747.86,2026-01-01 19:29:29,0,0,normal,0
6993,743,349,16212.02,2026-01-01 19:50:38,0,0,beneficiary_anomaly,1
3570,380,193,16776.79,2026-01-01 20:31:12,0,1,rapid_movement,1
4985,532,856,36060.29,2026-01-01 20:58:56,1,0,rapid_movement,1
5697,606,530,7692.08,2026-01-01 21:06:35,0,0,transaction_burst,1
2178,236,651,10728.51,2026-01-01 21:31:22,0,0,transaction_burst,1
8700,927,833,2792.87,2026-01-01 21:56:47,0,0,normal,0
3075,327,74,13628.14,2026-01-01 22:06:07,0,1,transaction_burst,1
864,80,951,7142.9,2026-01-01 22:10:10,0,0,transaction_burst,1
8829,939,734,13815.61,2026-01-01 22:22:03,1,0,beneficiary_anomaly,0
8748,934,54,2377.01,2026-01-01 22:32:22,0,0,transaction_burst,1
1495,160,354,9927.81,2026-01-01 23:06:07,0,0,transaction_burst,1
1576,168,993,14903.65,2026-01-01 23:09:17,1,0,transaction_burst,1
7353,781,56,3463.45,2026-01-01 23:52:46,0,0,normal,1
8658,922,894,19629.25,2026-01-01 23:58:59,1,0,transaction_burst,0
4883,521,520,14871.93,2026-01-01 23:59:52,0,0,beneficiary_anomaly,0
371,30,881,18487.48,2026-01-02 00:29:10,1,0,rapid_movement,1
6977,742,436,1989.47,2026-01-02 00:45:16,0,0,normal,0
7387,785,430,14838.79,2026-01-02 00:55:43,0,0,behavioral_deviation,0
6280,665,756,3551.0,2026-01-02 00:56:23,0,0,normal,0
8688,925,282,2859.55,2026-01-02 01:00:17,0,0,normal,0
1589,168,181,18305.48,2026-01-02 01:04:48,0,0,transaction_burst,1
929,87,248,49745.78,2026-01-02 01:16:33,0,0,rapid_movement,1
8196,868,508,12171.36,2026-01-02 01:50:50,1,1,transaction_burst,1
2003,214,382,17848.13,2026-01-02 01:57:39,1,0,transaction_burst,1
2976,319,401,4615.64,2026-01-02 02:00:00,0,0,normal,0
4634,497,147,3573.94,2026-01-02 02:06:02,0,0,normal,0
4557,489,437,49178.79,2026-01-02 02:09:31,0,0,high_value,1
251,21,32,6801.5,2026-01-02 02:13:36,0,0,transaction_burst,1
2159,233,851,100.0,2026-01-02 02:29:21,1,0,behavioral_deviation,1
4235,444,750,2535.04,2026-01-02 02:47:34,0,0,normal,0
5855,623,110,41046.73,2026-01-02 02:49:25,0,0,behavioral_deviation,0
5156,549,500,10896.53,2026-01-02 03:12:14,1,0,transaction_burst,1
6097,642,733,14559.31,2026-01-02 03:21:54,1,0,transaction_burst,0
6240,661,695,3892.8,2026-01-02 03:49:15,0,0,normal,0
1501,160,357,13351.97,2026-01-02 04:17:49,0,0,transaction_burst,1
1246,129,948,1904.3,2026-01-02 04:29:20,0,0,normal,0
255,21,705,4278.56,2026-01-02 04:30:52,1,1,transaction_burst,1
7717,820,49,4790.64,2026-01-02 04:35:04,0,0,normal,0
3651,389,662,3196.63,2026-01-02 05:22:58,0,0,normal,0
4677,503,255,31529.67,2026-01-02 05:36:42,0,0,beneficiary_anomaly,0
4261,447,782,12388.13,2026-01-02 05:39:32,0,0,behavioral_deviation,0
6406,679,899,2582.82,2026-01-02 05:52:52,0,0,normal,0
8164,866,442,17968.99,2026-01-02 05:54:56,0,1,beneficiary_anomaly,0
186,14,611,13197.81,2026-01-02 05:56:38,0,0,transaction_burst,1
7845,835,542,30606.24,2026-01-02 06:23:59,0,0,rapid_movement,1
674,59,306,2186.88,2026-01-02 06:54:14,0,0,normal,0
6314,667,13,7777.41,2026-01-02 06:55:56,0,1,transaction_burst,1
419,37,467,3652.88,2026-01-02 07:16:48,0,0,normal,0
4202,441,405,20346.89,2026-01-02 07:18:51,1,0,beneficiary_anomaly,0
5411,574,203,7510.05,2026-01-02 07:27:37,0,0,transaction_burst,1
3632,386,347,17420.1,2026-01-02 07:29:55,0,1,behavioral_deviation,0
775,73,619,23044.9,2026-01-02 07:38:16,0,1,beneficiary_anomaly,1
6750,715,779,18691.37,2026-01-02 08:09:56,0,0,transaction_burst,1
8940,954,502,3154.17,2026-01-02 08:30:41,0,0,normal,0
2961,318,979,41158.07,2026-01-02 08:35:11,0,0,rapid_movement,1
1553,167,793,2839.83,2026-01-02 08:45:17,0,0,transaction_burst,1
4016,427,334,2988.12,2026-01-02 09:21:15,0,0,normal,1
1108,110,333,29899.92,2026-01-02 09:26:54,0,1,beneficiary_anomaly,1
2800,298,911,15362.96,2026-01-02 09:28:34,0,0,transaction_burst,1
5709,607,841,2782.1,2026-01-02 09:31:23,0,1,beneficiary_anomaly,0
8353,889,368,2920.08,2026-01-02 09:32:53,0,0,normal,0
1331,139,449,15151.93,2026-01-02 09:55:59,0,0,transaction_burst,1
3040,325,969,13331.88,2026-01-02 10:01:18,1,0,transaction_burst,1
6672,710,305,4229.01,2026-01-02 10:01:50,0,0,normal,0
3630,386,400,46611.11,2026-01-02 10:50:31,0,0,behavioral_deviation,0
4792,512,959,15406.08,2026-01-02 11:03:27,0,0,transaction_burst,1
339,26,312,2765.37,2026-01-02 11:14:30,0,0,normal,0
1732,185,972,11249.41,2026-01-02 11:20:55,0,0,transaction_burst,1
4521,484,936,3070.21,2026-01-02 11:31:05,0,0,normal,0
503,45,226,16397.45,2026-01-02 11:35:23,0,1,transaction_burst,1
3121,333,231,42329.54,2026-01-02 11:42:19,0,0,rapid_movement,1
7297,778,877,3485.05,2026-01-02 12:01:56,0,0,normal,0
180,14,607,15933.71,2026-01-02 12:27:16,0,1,transaction_burst,1
6679,711,655,37328.84,2026-01-02 12:27:22,0,0,behavioral_deviation,0
5406,573,15,1938.5,2026-01-02 12:35:35,0,1,normal,0
6291,666,721,38254.37,2026-01-02 12:36:04,0,0,rapid_movement,1
406,36,724,678.25,2026-01-02 12:56:25,0,0,normal,0
7586,802,193,2009.04,2026-01-02 13:14:43,0,0,normal,0
1857,199,762,4553.55,2026-01-02 13:28:17,0,0,normal,0
1594,169,929,949.66,2026-01-02 13:29:51,0,0,normal,0
1601,170,305,16755.3,2026-01-02 13:50:56,0,1,behavioral_deviation,0
3582,382,513,24380.4,2026-01-02 14:08:41,1,1,behavioral_deviation,1
8937,953,519,2227.51,2026-01-02 14:18:21,0,1,normal,0
3046,325,201,15861.34,2026-01-02 14:29:41,0,1,transaction_burst,1
7338,780,232,15520.5,2026-01-02 15:17:15,0,0,beneficiary_anomaly,1
2142,230,610,3003.77,2026-01-02 15:28:42,0,0,normal,0
695,62,101,3566.94,2026-01-02 15:59:21,0,1,normal,0
5188,551,524,4170.73,2026-01-02 16:04:54,0,0,normal,0
1314,138,695,2569.35,2026-01-02 16:26:41,0,0,normal,0
4811,513,784,3955.35,2026-01-02 16:44:33,0,0,normal,0
9177,981,659,33010.64,2026-01-02 16:48:12,0,0,behavioral_deviation,1
4920,527,362,33592.49,2026-01-02 16:51:36,0,0,behavioral_deviation,1
2277,242,566,15334.43,2026-01-02 17:24:00,1,0,transaction_burst,1
5650,602,349,12918.2,2026-01-02 17:36:14,0,1,transaction_burst,1
7664,813,828,18184.37,2026-01-02 17:37:10,0,0,behavioral_deviation,1
1439,153,813,6368.35,2026-01-02 17:44:29,0,0,normal,0
2106,225,905,684.38,2026-01-02 17:56:39,0,0,normal,0
6715,713,781,10275.93,2026-01-02 18:07:52,1,0,transaction_burst,1
3897,414,732,27903.57,2026-01-02 18:35:51,1,0,beneficiary_anomaly,0
5750,613,574,25639.82,2026-01-02 18:55:01,1,1,behavioral_deviation,1
552,48,630,4044.62,2026-01-02 18:55:12,0,0,normal,0
2610,281,334,4725.88,2026-01-02 19:13:51,0,0,normal,1
1336,140,840,6225.33,2026-01-02 19:33:16,0,0,normal,0
434,40,275,45027.38,2026-01-02 20:03:30,0,0,rapid_movement,1
5581,595,691,4290.47,2026-01-02 20:25:00,0,0,normal,0
204,17,422,29596.35,2026-01-02 20:30:10,0,0,high_value,0
4327,455,392,3364.03,2026-01-02 20:31:02,0,1,normal,0
8048,856,952,3894.03,2026-01-02 20:33:00,0,0,normal,0
1357,143,834,44479.55,2026-01-02 20:36:54,0,0,behavioral_deviation,1
7584,802,638,100.0,2026-01-02 20:40:59,0,0,normal,0
1119,112,764,2517.53,2026-01-02 21:14:21,0,0,normal,0
3103,331,954,46558.68,2026-01-02 21:36:58,0,0,rapid_movement,1
6293,666,278,31100.01,2026-01-02 21:44:34,0,0,rapid_movement,1
1697,182,754,27918.23,2026-01-02 21:57:47,1,0,beneficiary_anomaly,1
2342,250,705,3494.99,2026-01-02 22:26:53,0,0,normal,0
9009,959,611,2500.55,2026-01-02 22:30:01,0,0,normal,0
4427,469,881,2623.5,2026-01-02 22:44:34,0,0,normal,0
6118,644,42,100.0,2026-01-02 22:45:13,0,0,normal,0
7883,837,780,6477.76,2026-01-02 22:48:49,1,0,transaction_burst,1
3547,376,777,6202.3,2026-01-02 22:57:37,0,0,normal,0
385,32,931,24965.47,2026-01-02 22:59:04,0,1,behavioral_deviation,0
2716,292,27,1426.65,2026-01-02 23:58:11,0,0,normal,0
750,69,542,2265.22,2026-01-02 23:59:56,0,0,normal,0
9210,983,915,52253.98,2026-01-03 00:07:42,1,0,rapid_movement,1
4301,452,689,17300.82,2026-01-03 00:08:22,0,0,beneficiary_anomaly,0
8871,942,582,13933.24,2026-01-03 00:24:48,0,0,transaction_burst,1
6714,713,780,13464.43,2026-01-03 00:29:05,1,0,transaction_burst,1
2972,318,344,53900.43,2026-01-03 00:30:32,0,0,rapid_movement,1
5329,567,417,3067.96,2026-01-03 00:55:00,0,1,transaction_burst,1
3405,363,335,2648.47,2026-01-03 01:39:14,0,0,normal,0
8808,936,608,3956.94,2026-01-03 01:47:41,0,0,normal,0
7648,810,4,6003.24,2026-01-03 02:07:19,1,1,behavioral_deviation,0
5062,540,14,5446.26,2026-01-03 02:16:05,1,0,transaction_burst,1
8358,890,580,10724.75,2026-01-03 02:30:59,0,1,rapid_movement,1
1437,152,245,100.0,2026-01-03 02:32:10,0,1,beneficiary_anomaly,0
8403,895,919,15031.2,2026-01-03 02:37:55,0,0,transaction_burst,1
9085,967,581,6206.48,2026-01-03 02:38:41,0,1,behavioral_deviation,1
5353,569,210,2527.11,2026-01-03 02:56:58,0,0,normal,0
758,70,887,2718.0,2026-01-03 02:58:13,0,0,normal,0
2389,256,147,28714.39,2026-01-03 03:03:32,0,0,rapid_movement,1
9254,987,891,3525.17,2026-01-03 03:12:13,0,0,normal,0
7034,749,297,11864.18,2026-01-03 03:38:01,0,1,transaction_burst,1
5006,535,572,4273.1,2026-01-03 03:38:30,0,0,normal,0
2648,286,249,1888.73,2026-01-03 03:41:44,0,0,normal,0
4941,529,703,15497.79,2026-01-03 03:43:00,0,0,transaction_burst,0
7689,817,156,11388.55,2026-01-03 03:53:53,0,0,beneficiary_anomaly,0
4995,532,535,36438.2,2026-01-03 04:15:56,1,0,rapid_movement,1
5052,540,896,22544.08,2026-01-03 04:23:18,0,1,transaction_burst,1
985,95,124,1961.87,2026-01-03 04:23:30,0,0,normal,0
5978,632,797,4112.31,2026-01-03 04:25:22,0,0,transaction_burst,1
9240,986,806,18156.49,2026-01-03 04:43:01,0,1,beneficiary_anomaly,0
8665,922,584,17229.48,2026-01-03 04:43:52,0,0,transaction_burst,0
2874,305,456,33508.2,2026-01-03 05:14:14,0,1,beneficiary_anomaly,0
800,75,452,3629.25,2026-01-03 05:15:02,0,0,normal,0
4171,437,810,3889.86,2026-01-03 05:25:28,0,0,normal,0
6573,702,228,1465.45,2026-01-03 05:44:52,0,0,normal,0
3627,386,514,61747.7,2026-01-03 05:52:41,0,0,behavioral_deviation,0
6149,649,377,27790.75,2026-01-03 06:29:38,0,0,rapid_movement,1
8835,940,840,1586.83,2026-01-03 06:52:17,0,0,normal,0
1070,105,275,22268.54,2026-01-03 06:59:35,0,1,transaction_burst,1
1526,165,626,43361.15,2026-01-03 07:01:14,0,0,high_value,1
4780,511,366,3926.36,2026-01-03 07:02:36,0,0,normal,0
3112,332,631,3012.97,2026-01-03 07:06:03,0,0,normal,0
2347,251,296,46542.49,2026-01-03 07:26:27,1,0,rapid_movement,1
3917,417,738,2621.16,2026-01-03 07:27:42,0,1,normal,0
461,42,301,100.0,2026-01-03 07:53:40,0,0,transaction_burst,1
8941,954,451,3428.26,2026-01-03 08:11:27,0,0,normal,0
8289,881,942,3884.52,2026-01-03 08:16:40,0,0,normal,0
865,80,812,22823.58,2026-01-03 08:34:31,0,0,transaction_burst,1
8543,910,256,1773.43,2026-01-03 08:38:26,0,0,normal,0
4178,438,531,1235.9,2026-01-03 08:59:01,0,0,normal,0
1105,110,252,14374.44,2026-01-03 09:20:48,0,0,beneficiary_anomaly,1
3004,322,645,4041.91,2026-01-03 09:47:19,0,0,normal,1
4947,529,727,11608.02,2026-01-03 09:59:47,0,0,transaction_burst,0
5273,563,796,6959.25,2026-01-03 10:13:21,0,1,transaction_burst,1
3129,333,212,54820.71,2026-01-03 10:31:06,1,0,rapid_movement,1
3965,421,731,32852.51,2026-01-03 10:41:41,0,0,rapid_movement,1
450,42,257,15693.51,2026-01-03 10:42:19,1,1,transaction_burst,1
7780,825,336,9244.67,2026-01-03 12:06:52,0,0,transaction_burst,1
5745,613,712,19729.8,2026-01-03 12:36:56,0,1,behavioral_deviation,1
9120,971,827,2088.04,2026-01-03 12:39:34,0,0,normal,0
2393,256,976,30853.99,2026-01-03 12:59:37,1,0,rapid_movement,1
2051,218,243,1503.63,2026-01-03 13:08:56,0,0,normal,0
5328,567,280,11912.94,2026-01-03 13:15:45,1,1,transaction_burst,1
8216,871,325,37720.24,2026-01-03 13:16:50,0,0,rapid_movement,1
6067,641,946,43200.63,2026-01-03 13:30:24,1,0,rapid_movement,1
7910,840,400,3018.91,2026-01-03 13:31:46,0,0,normal,0
4308,453,730,59164.19,2026-01-03 14:02:28,1,0,rapid_movement,1
5526,587,524,5036.63,2026-01-03 14:15:43,0,1,normal,1
3956,420,949,12597.28,2026-01-03 14:16:40,0,1,beneficiary_anomaly,1
8209,871,759,42508.23,2026-01-03 14:22:02,1,0,rapid_movement,1
4249,445,24,2530.69,2026-01-03 14:40:50,0,0,normal,0
7646,810,426,41412.61,2026-01-03 14:47:57,0,0,behavioral_deviation,0
6356,673,374,10137.54,2026-01-03 14:51:48,1,1,behavioral_deviation,0
4049,428,300,13473.45,2026-01-03 14:55:11,0,0,transaction_burst,1
3016,324,889,1300.13,2026-01-03 15:21:13,0,0,normal,0
925,87,308,36216.8,2026-01-03 15:22:05,0,1,rapid_movement,1
6910,734,135,4452.72,2026-01-03 15:36:05,0,0,normal,0
1641,175,264,2519.88,2026-01-03 15:42:24,0,0,normal,0
5896,627,781,10478.64,2026-01-03 15:52:47,0,0,transaction_burst,0
4184,439,679,36019.41,2026-01-03 16:07:57,0,0,rapid_movement,1
7006,746,369,5887.98,2026-01-03 16:13:47,0,0,normal,0
7598,803,84,1038.89,2026-01-03 16:14:03,0,1,beneficiary_anomaly,0
3045,325,915,14428.04,2026-01-03 16:25:16,0,0,transaction_burst,1
6969,741,731,1531.78,2026-01-03 16:35:46,0,0,normal,0
2004,214,799,5725.85,2026-01-03 16:39:51,0,0,transaction_burst,1
5067,540,687,17963.4,2026-01-03 16:40:02,1,0,transaction_burst,1
2324,247,511,25752.02,2026-01-03 16:48:11,0,0,high_value,0
374,31,128,33604.8,2026-01-03 16:58:11,0,0,rapid_movement,1
5355,569,131,2091.5,2026-01-03 17:03:57,0,0,normal,0
2819,299,726,13166.06,2026-01-03 17:06:24,1,0,transaction_burst,1
5799,618,303,6129.99,2026-01-03 17:17:15,0,0,normal,0
1863,200,631,3067.52,2026-01-03 17:18:48,0,1,normal,0
4723,507,691,3031.13,2026-01-03 17:36:53,0,0,normal,0
1092,108,661,5585.84,2026-01-03 17:48:45,0,0,normal,1
4004,426,400,3701.2,2026-01-03 18:02:24,0,1,transaction_burst,0
2095,223,495,19746.26,2026-01-03 18:05:27,1,0,rapid_movement,1
6138,647,7,5540.68,2026-01-03 18:22:43,0,0,normal,0
4772,510,714,3079.98,2026-01-03 18:24:04,0,1,normal,0
8932,952,182,1416.78,2026-01-03 18:32:26,0,0,normal,1
1111,110,481,15073.95,2026-01-03 18:39:26,1,0,beneficiary_anomaly,1
8010,851,706,4563.05,2026-01-03 18:46:06,0,0,normal,0
6582,703,839,1353.08,2026-01-03 19:08:32,0,1,normal,0
668,58,721,39288.03,2026-01-03 19:46:41,0,0,high_value,0
1687,181,580,16642.45,2026-01-03 20:23:21,0,0,beneficiary_anomaly,0
341,26,334,1759.79,2026-01-03 20:39:12,0,1,normal,0
7514,795,675,3360.96,2026-01-03 21:12:33,0,0,normal,0
4822,514,89,2484.26,2026-01-03 21:25:22,0,0,normal,1
5121,545,258,1040.26,2026-01-03 21:29:16,0,0,normal,0
9373,998,896,3471.56,2026-01-03 21:47:39,0,0,normal,0
9233,985,886,1390.17,2026-01-03 21:59:06,0,0,normal,0
1494,160,881,18971.44,2026-01-03 22:15:26,0,0,transaction_burst,1
2061,219,33,38123.08,2026-01-03 22:45:59,0,0,behavioral_deviation,0
1282,134,226,243.06,2026-01-03 22:55:26,0,0,normal,0
8118,863,988,2996.41,2026-01-03 22:56:42,0,0,transaction_burst,1
8573,911,416,13422.93,2026-01-03 23:14:41,0,0,transaction_burst,0
2831,300,686,31876.68,2026-01-03 23:49:04,0,0,high_value,0
5102,543,488,4454.18,2026-01-03 23:54:10,0,0,transaction_burst,1
1706,183,274,2689.69,2026-01-04 00:15:17,0,0,normal,0
6729,715,349,11105.45,2026-01-04 00:20:24,0,0,transaction_burst,1
3900,415,782,4768.93,2026-01-04 00:50:02,0,0,normal,0
2745,295,241,13170.3,2026-01-04 00:51:52,0,0,transaction_burst,1
9314,992,353,7492.73,2026-01-04 00:53:49,0,0,transaction_burst,1
3986,424,215,2395.18,2026-01-04 01:56:33,0,0,normal,0
2113,226,920,22119.55,2026-01-04 02:03:57,0,1,beneficiary_anomaly,0
447,42,464,18101.86,2026-01-04 02:09:50,0,0,transaction_burst,1
8325,886,911,2683.77,2026-01-04 02:10:19,0,0,normal,0
33,3,547,16680.5,2026-01-04 02:13:34,0,0,beneficiary_anomaly,1
8103,862,826,11487.86,2026-01-04 02:17:12,0,0,rapid_movement,1
6182,653,249,51484.38,2026-01-04 02:26:41,0,0,rapid_movement,1
7476,792,816,1029.65,2026-01-04 02:28:45,0,0,normal,0
7814,829,51,18315.18,2026-01-04 02:36:08,0,0,beneficiary_anomaly,0
5751,613,108,31530.68,2026-01-04 02:41:43,0,1,behavioral_deviation,1
6415,681,331,3631.85,2026-01-04 03:16:43,0,0,normal,0
6666,709,948,2732.93,2026-01-04 03:25:28,0,0,normal,0
5142,547,463,1533.96,2026-01-04 03:31:53,0,0,normal,0
4035,428,568,20082.65,2026-01-04 03:40:41,0,1,transaction_burst,1
7173,763,951,4340.83,2026-01-04 03:44:15,0,0,normal,0
446,42,192,12247.24,2026-01-04 03:50:34,0,0,transaction_burst,1
2877,306,488,3909.99,2026-01-04 04:10:54,0,0,normal,0
1329,139,973,4982.01,2026-01-04 05:09:20,0,0,transaction_burst,1
3035,325,309,15801.22,2026-01-04 05:28:02,0,0,transaction_burst,1
6967,741,305,3462.09,2026-01-04 05:49:05,0,0,normal,0
2889,308,896,12118.89,2026-01-04 05:53:52,0,1,high_value,0
3487,371,659,18048.62,2026-01-04 06:08:53,1,1,transaction_burst,1
3933,418,301,10935.07,2026-01-04 06:47:58,0,0,transaction_burst,1
3447,367,842,5382.24,2026-01-04 06:48:09,0,1,transaction_burst,1
4417,467,78,64812.77,2026-01-04 06:51:32,0,0,high_value,0
5671,605,697,25422.04,2026-01-04 06:57:50,0,0,behavioral_deviation,0
6887,731,890,1591.52,2026-01-04 07:09:17,0,1,normal,0
8572,911,795,17035.28,2026-01-04 07:12:35,0,0,transaction_burst,0
7880,837,39,5748.8,2026-01-04 07:18:06,0,0,transaction_burst,1
5930,630,209,5320.3,2026-01-04 07:35:18,0,0,transaction_burst,1
8295,881,593,1754.59,2026-01-04 07:39:50,0,0,normal,0
8537,909,81,1300.41,2026-01-04 08:01:22,0,0,normal,0
6483,689,110,3171.98,2026-01-04 08:25:32,1,0,transaction_burst,1
3617,384,385,3081.02,2026-01-04 08:28:23,0,0,normal,0
8443,898,266,2497.72,2026-01-04 08:29:36,0,0,normal,0
5265,563,954,7680.58,2026-01-04 08:55:01,0,1,transaction_burst,1
8073,858,785,26702.68,2026-01-04 09:02:10,0,0,beneficiary_anomaly,0
3358,358,327,6734.07,2026-01-04 09:32:52,0,0,transaction_burst,0
569,50,547,2851.71,2026-01-04 09:36:05,0,0,normal,0
3655,390,425,18825.32,2026-01-04 09:56:42,0,1,beneficiary_anomaly,0
618,55,256,39789.24,2026-01-04 10:13:43,0,0,rapid_movement,1
3519,373,782,3954.32,2026-01-04 11:25:45,0,0,normal,0
6228,660,527,2830.86,2026-01-04 11:40:00,0,0,normal,0
3107,331,89,48337.43,2026-01-04 12:29:16,0,0,rapid_movement,1
3118,332,773,2603.36,2026-01-04 12:49:52,0,1,normal,0
1862,200,259,4687.9,2026-01-04 12:51:24,0,0,normal,0
3281,348,951,4038.78,2026-01-04 12:55:05,0,0,normal,0
7103,754,61,2396.45,2026-01-04 13:28:38,0,0,normal,0
2152,232,277,3090.35,2026-01-04 13:37:32,0,0,normal,0
418,37,844,3255.76,2026-01-04 13:42:30,0,0,normal,0
3200,343,828,15291.25,2026-01-04 13:55:58,0,1,transaction_burst,1
9380,999,98,100.0,2026-01-04 14:38:20,0,0,behavioral_deviation,0
1004,98,661,1789.13,2026-01-04 14:48:41,0,0,normal,0
6029,638,164,27869.7,2026-01-04 14:48:51,0,0,rapid_movement,1
153,12,309,23364.32,2026-01-04 15:08:30,0,0,behavioral_deviation,0
8828,939,791,6935.34,2026-01-04 15:10:37,0,1,beneficiary_anomaly,0
8024,853,938,28759.18,2026-01-04 15:12:52,0,0,beneficiary_anomaly,0
2754,295,223,13224.98,2026-01-04 15:17:17,0,0,transaction_burst,1
6050,639,687,19626.92,2026-01-04 15:45:41,0,0,transaction_burst,0
6895,732,85,4712.94,2026-01-04 15:52:07,0,0,normal,0
1860,200,999,2188.24,2026-01-04 15:54:14,0,0,normal,0
7740,822,586,59093.63,2026-01-04 16:41:48,0,0,high_value,0
1222,125,576,3666.59,2026-01-04 16:43:59,0,0,normal,0
8054,856,707,2169.64,2026-01-04 16:46:26,0,0,normal,0
126,9,811,1945.4,2026-01-04 17:29:34,0,0,normal,0
8652,922,846,3438.15,2026-01-04 17:48:10,0,0,transaction_burst,0
4687,504,552,2028.88,2026-01-04 17:53:30,0,0,normal,0
5113,544,693,29151.45,2026-01-04 17:59:22,0,0,behavioral_deviation,0
8874,942,878,15120.18,2026-01-04 18:17:59,1,0,transaction_burst,1
6892,732,2,3696.45,2026-01-04 18:39:16,0,0,normal,0
3640,387,346,23931.36,2026-01-04 18:50:08,1,0,rapid_movement,0
5732,610,62,521.13,2026-01-04 19:19:35,0,1,normal,0
2905,310,760,3947.6,2026-01-04 19:33:04,0,0,normal,0
1218,124,731,3849.6,2026-01-04 19:37:13,0,0,normal,0
9074,966,524,1713.4,2026-01-04 19:56:11,0,0,normal,0
5873,625,985,44263.63,2026-01-04 20:08:55,0,0,behavioral_deviation,1
3279,348,963,2334.73,2026-01-04 20:20:33,0,0,normal,0
5315,567,336,16544.05,2026-01-04 20:32:49,0,0,transaction_burst,1
5555,592,316,1049.79,2026-01-04 20:41:22,0,0,normal,0
2661,288,992,3901.67,2026-01-04 20:59:58,0,0,normal,0
1917,203,574,1126.77,2026-01-04 21:13:00,0,0,normal,1
2983,320,186,24566.38,2026-01-04 21:16:08,0,0,behavioral_deviation,0
3650,389,683,5023.16,2026-01-04 21:26:46,0,0,normal,0
4252,446,297,39368.77,2026-01-04 21:27:57,1,0,rapid_movement,1
2268,242,880,4829.06,2026-01-04 21:30:11,1,0,transaction_burst,1
8769,934,61,7697.19,2026-01-04 21:46:04,0,0,transaction_burst,1
2531,270,809,4481.84,2026-01-04 21:47:31,0,0,normal,0
3975,422,296,4182.57,2026-01-04 22:32:06,0,0,normal,0
6872,729,218,2598.29,2026-01-04 22:38:20,0,0,normal,0
3484,371,409,22501.4,2026-01-04 22:46:16,0,0,transaction_burst,1
303,25,176,6712.57,2026-01-04 22:59:39,0,1,transaction_burst,1
6802,721,836,5342.38,2026-01-04 23:03:40,0,0,normal,0
6311,667,351,16542.92,2026-01-04 23:13:36,1,0,transaction_burst,1
4870,520,699,8708.13,2026-01-04 23:13:36,1,0,transaction_burst,1
3713,397,507,9520.62,2026-01-04 23:14:36,0,0,transaction_burst,1
230,19,394,10444.74,2026-01-04 23:18:31,0,0,transaction_burst,1
6263,663,638,3089.38,2026-01-04 23:28:19,0,0,normal,0
4570,491,393,32220.59,2026-01-04 23:34:44,1,1,rapid_movement,1
4520,483,523,38238.17,2026-01-04 23:39:15,0,0,high_value,0
2415,259,303,3264.1,2026-01-05 00:09:40,0,0,normal,0
7510,795,838,3018.13,2026-01-05 00:14:22,0,0,normal,0
5759,614,911,13136.65,2026-01-05 01:17:54,0,0,behavioral_deviation,0
298,24,533,18716.74,2026-01-05 01:20:52,0,1,beneficiary_anomaly,1
8646,921,437,3179.06,2026-01-05 01:25:28,0,0,normal,0
2717,292,979,1273.52,2026-01-05 01:36:27,0,0,normal,0
4558,489,869,47350.37,2026-01-05 01:55:08,1,0,high_value,1
3825,408,928,9672.2,2026-01-05 02:15:04,0,0,transaction_burst,1
2000,214,494,9584.11,2026-01-05 02:24:56,0,0,transaction_burst,1
187,14,622,7300.92,2026-01-05 02:28:01,1,1,transaction_burst,1
7440,789,569,17146.85,2026-01-05 02:31:19,1,0,transaction_burst,0
3362,358,978,2434.45,2026-01-05 02:37:10,0,0,transaction_burst,0
5047,540,269,100.0,2026-01-05 03:00:34,0,1,transaction_burst,1
8737,932,733,100.0,2026-01-05 03:27:24,0,1,normal,0
5056,540,592,13479.55,2026-01-05 03:38:32,0,0,transaction_burst,1
5397,572,628,15738.74,2026-01-05 03:38:32,1,1,transaction_burst,1
1178,117,339,12693.3,2026-01-05 03:47:47,0,0,transaction_burst,1
1590,169,80,2217.68,2026-01-05 04:23:27,0,0,normal,0
5268,563,431,7580.32,2026-01-05 04:24:08,1,0,transaction_burst,1
6063,640,429,12363.69,2026-01-05 05:41:14,0,1,beneficiary_anomaly,0
4745,508,320,3277.9,2026-01-05 05:41:49,1,0,transaction_burst,1
4793,512,727,17577.43,2026-01-05 06:13:06,0,0,transaction_burst,1
7322,779,87,10214.94,2026-01-05 06:14:32,0,0,transaction_burst,0
2250,241,470,10655.91,2026-01-05 06:37:56,1,0,transaction_burst,1
6116,644,187,3118.82,2026-01-05 06:39:07,0,0,normal,0
2933,313,11,3961.17,2026-01-05 07:11:09,0,0,normal,0
2361,253,526,504.71,2026-01-05 07:12:17,0,0,normal,0
9290,990,223,9439.55,2026-01-05 07:18:06,1,0,transaction_burst,1
7260,774,894,17941.86,2026-01-05 07:25:47,1,0,transaction_burst,1
1927,204,893,3232.57,2026-01-05 08:17:04,0,0,normal,0
9219,984,827,2280.13,2026-01-05 08:21:14,0,0,normal,0
7856,837,286,13245.07,2026-01-05 08:34:59,0,0,transaction_burst,1
4718,506,422,16249.54,2026-01-05 08:55:32,0,1,transaction_burst,1
8415,895,464,14343.65,2026-01-05 09:52:07,1,0,transaction_burst,1
8529,908,174,4465.28,2026-01-05 09:55:54,0,0,normal,0
9165,981,36,42770.21,2026-01-05 10:18:49,1,1,behavioral_deviation,1
3501,371,764,17026.47,2026-01-05 10:27:16,1,0,transaction_burst,1
3245,346,792,9891.51,2026-01-05 10:58:06,0,0,transaction_burst,1
1452,156,663,29259.95,2026-01-05 11:05:10,1,0,rapid_movement,1
5821,621,394,10165.09,2026-01-05 11:30:19,0,0,transaction_burst,1
2318,246,836,15481.47,2026-01-05 11:49:40,0,1,beneficiary_anomaly,0
8059,857,93,40182.11,2026-01-05 12:18:17,0,0,rapid_movement,1
6780,719,848,28090.91,2026-01-05 12:26:06,1,0,rapid_movement,1
6188,653,902,25241.0,2026-01-05 12:26:48,1,0,rapid_movement,1
9277,990,922,7846.97,2026-01-05 12:28:09,0,0,transaction_burst,1
1673,179,738,16599.06,2026-01-05 12:35:25,0,1,beneficiary_anomaly,1
3231,345,736,443.21,2026-01-05 12:51:43,0,0,transaction_burst,0
4267,447,546,42396.55,2026-01-05 12:54:09,0,1,behavioral_deviation,0
2468,264,451,3918.97,2026-01-05 12:58:29,0,0,normal,0
6447,686,924,4188.05,2026-01-05 13:33:24,0,0,normal,0
6885,731,333,2063.15,2026-01-05 13:41:41,0,0,normal,0
9357,994,538,3051.68,2026-01-05 14:13:03,0,0,normal,0
6912,734,290,1422.55,2026-01-05 14:21:38,0,0,normal,0
5442,575,225,32267.2,2026-01-05 14:29:21,0,0,beneficiary_anomaly,1
3482,371,105,21250.03,2026-01-05 14:44:58,0,0,transaction_burst,1
6889,731,285,7295.07,2026-01-05 14:52:49,0,0,normal,0
6127,645,352,30637.16,2026-01-05 15:44:26,0,1,high_value,0
1750,186,323,32063.03,2026-01-05 16:25:18,0,0,rapid_movement,1
7539,798,9,2317.85,2026-01-05 16:54:10,0,0,normal,0
3485,371,224,15093.19,2026-01-05 16:55:45,1,1,transaction_burst,1
5533,588,911,1695.51,2026-01-05 17:40:05,0,0,normal,0
3412,364,501,4439.08,2026-01-05 17:52:57,0,0,normal,0
532,46,884,883.63,2026-01-05 17:53:32,0,0,transaction_burst,1
288,23,586,16970.75,2026-01-05 18:09:52,0,0,behavioral_deviation,1
1883,201,139,12678.43,2026-01-05 18:14:57,0,0,transaction_burst,1
4414,467,822,76072.6,2026-01-05 18:23:13,0,0,high_value,0
855,80,199,15139.2,2026-01-05 18:41:54,0,0,transaction_burst,1
2173,235,295,16303.36,2026-01-05 19:00:15,0,0,behavioral_deviation,0
6030,638,937,43005.88,2026-01-05 19:22:03,0,0,rapid_movement,1
6848,726,977,2474.04,2026-01-05 19:40:30,0,0,normal,0
3533,375,553,4279.32,2026-01-05 20:03:25,0,0,normal,0
9005,958,163,3882.82,2026-01-05 20:26:27,0,0,normal,0
960,91,311,6408.99,2026-01-05 20:29:54,0,0,normal,0
8684,924,425,2459.46,2026-01-05 20:47:13,0,0,normal,0
2427,261,580,2011.95,2026-01-05 20:53:36,0,0,normal,0
9363,995,517,14493.75,2026-01-05 21:03:57,0,1,beneficiary_anomaly,0
471,43,413,26913.78,2026-01-05 21:04:18,1,0,rapid_movement,1
5976,632,103,15297.21,2026-01-05 21:16:20,0,0,transaction_burst,1
5864,624,227,1407.22,2026-01-05 21:40:38,0,1,normal,0
5231,558,704,1089.96,2026-01-05 21:44:22,0,0,normal,0
3479,371,766,13630.46,2026-01-05 21:49:42,0,0,transaction_burst,1
3406,363,420,2008.76,2026-01-05 21:52:28,0,0,normal,0
7462,790,150,28337.5,2026-01-05 21:59:26,0,0,high_value,0
3909,416,99,2303.53,2026-01-05 22:04:48,0,0,normal,0
6721,714,917,27726.16,2026-01-05 22:16:33,0,1,beneficiary_anomaly,0
8807,936,521,4446.03,2026-01-05 22:28:29,0,0,normal,0
2741,295,67,4883.3,2026-01-05 22:42:27,0,0,transaction_burst,1
3644,388,118,35698.77,2026-01-05 22:42:55,1,0,behavioral_deviation,1
9188,982,403,12125.58,2026-01-05 22:47:06,0,0,transaction_burst,1
5280,563,852,27619.33,2026-01-05 23:11:22,1,0,transaction_burst,1
3652,389,271,2851.14,2026-01-05 23:17:10,0,0,normal,0
5931,630,57,22307.07,2026-01-05 23:36:33,0,1,transaction_burst,1
528,46,427,1350.34,2026-01-05 23:46:30,1,1,transaction_burst,1
869,81,515,54534.25,2026-01-06 00:08:25,1,0,rapid_movement,1
5599,597,796,47975.14,2026-01-06 00:19:54,0,0,rapid_movement,0
5585,595,120,2336.3,2026-01-06 00:23:06,0,0,normal,0
4300,452,434,5877.81,2026-01-06 00:50:12,0,0,beneficiary_anomaly,0
8846,942,606,11228.75,2026-01-06 01:14:44,1,1,transaction_burst,1
1613,172,342,2570.94,2026-01-06 01:19:22,0,0,normal,1
9171,981,158,8778.17,2026-01-06 01:25:51,0,0,behavioral_deviation,1
3691,395,942,2148.05,2026-01-06 01:33:03,0,0,normal,0
8197,869,263,2317.07,2026-01-06 01:42:46,0,0,normal,0
4206,441,341,16439.29,2026-01-06 01:53:59,0,0,beneficiary_anomaly,0
1417,151,16,15150.38,2026-01-06 02:14:41,0,0,transaction_burst,1
4833,517,961,1303.03,2026-01-06 02:25:02,0,0,normal,0
8693,926,788,4101.82,2026-01-06 03:05:48,0,0,normal,0
902,84,442,4193.81,2026-01-06 03:36:31,0,0,normal,0
423,39,803,5739.31,2026-01-06 04:31:31,0,0,normal,0
2729,293,770,11701.98,2026-01-06 05:01:13,0,1,beneficiary_anomaly,1
5744,613,924,13797.44,2026-01-06 05:18:02,0,0,behavioral_deviation,1
8003,850,764,34676.02,2026-01-06 05:25:26,0,0,behavioral_deviation,0
5677,606,583,13190.6,2026-01-06 05:25:44,1,0,transaction_burst,1
6160,651,983,3263.41,2026-01-06 05:26:22,0,0,normal,0
177,14,985,12196.17,2026-01-06 05:28:07,1,0,transaction_burst,1
4678,503,728,14737.25,2026-01-06 05:28:55,1,1,beneficiary_anomaly,0
658,56,921,18974.78,2026-01-06 05:31:57,0,1,transaction_burst,1
3699,396,15,3838.16,2026-01-06 05:43:11,0,0,normal,0
3649,389,409,1721.66,2026-01-06 05:44:03,0,0,normal,0
3225,345,773,8486.98,2026-01-06 05:45:31,0,0,transaction_burst,0
5842,621,351,1377.31,2026-01-06 05:58:14,1,0,transaction_burst,1
8546,911,774,12325.32,2026-01-06 06:00:39,0,0,transaction_burst,0
5696,606,754,14818.08,2026-01-06 06:03:26,0,0,transaction_burst,1
8490,903,375,541.53,2026-01-06 06:05:16,0,0,normal,1
6402,679,608,5065.14,2026-01-06 06:07:59,0,0,normal,0
2179,236,101,6040.61,2026-01-06 06:14:36,0,0,transaction_burst,1
9382,999,820,100.0,2026-01-06 06:26:30,0,1,behavioral_deviation,0
2985,320,787,23754.88,2026-01-06 06:29:14,1,0,behavioral_deviation,0
8462,900,321,2287.08,2026-01-06 06:31:45,0,0,normal,0
5306,566,250,30495.18,2026-01-06 06:47:41,1,1,rapid_movement,1
1963,209,360,4007.25,2026-01-06 06:53:02,0,0,normal,0
6538,696,81,2904.15,2026-01-06 07:01:09,0,0,normal,0
2693,291,246,19444.4,2026-01-06 07:39:47,1,1,transaction_burst,1
6299,667,439,7821.54,2026-01-06 08:35:18,0,0,transaction_burst,1
7480,792,602,5660.63,2026-01-06 09:06:17,0,0,normal,0
6126,645,814,46961.18,2026-01-06 09:13:08,0,0,high_value,0
8006,850,963,12325.86,2026-01-06 09:20:08,1,1,behavioral_deviation,0
2404,257,542,5697.71,2026-01-06 09:25:23,0,0,transaction_burst,1
595,53,822,16218.15,2026-01-06 09:25:31,0,0,transaction_burst,1
1451,156,763,30369.46,2026-01-06 09:51:06,1,0,rapid_movement,1
4348,458,554,3959.61,2026-01-06 10:10:43,0,0,normal,0
2360,253,420,5239.06,2026-01-06 10:33:06,0,1,normal,0
1655,177,890,1688.36,2026-01-06 10:59:04,0,0,normal,0
2520,269,895,3596.52,2026-01-06 10:59:11,0,0,normal,0
46,4,197,23881.6,2026-01-06 11:08:00,1,1,rapid_movement,1
777,73,769,6272.87,2026-01-06 11:09:44,0,0,beneficiary_anomaly,1
1966,210,503,1691.35,2026-01-06 11:14:17,0,0,normal,0
5662,604,583,26146.07,2026-01-06 11:32:35,1,1,rapid_movement,1
6254,662,394,23442.56,2026-01-06 11:41:36,0,1,beneficiary_anomaly,0
7979,846,343,15529.68,2026-01-06 11:52:20,1,0,beneficiary_anomaly,1
4093,431,933,15308.87,2026-01-06 12:40:45,0,0,behavioral_deviation,0
5435,575,198,13199.93,2026-01-06 12:42:08,0,0,beneficiary_anomaly,1
7653,812,376,1056.33,2026-01-06 13:35:45,0,0,normal,1
8475,901,185,5175.35,2026-01-06 13:55:50,0,0,normal,0
3172,341,136,936.54,2026-01-06 14:11:22,0,0,normal,0
1389,148,110,2704.85,2026-01-06 14:14:13,0,0,normal,0
4365,459,905,11866.1,2026-01-06 14:23:19,0,0,transaction_burst,1
735,64,162,9463.9,2026-01-06 14:31:27,0,0,transaction_burst,1
5836,621,6,21392.07,2026-01-06 14:31:40,1,1,transaction_burst,1
6322,668,42,11743.92,2026-01-06 14:32:34,0,1,behavioral_deviation,1
1057,105,682,3318.33,2026-01-06 14:34:22,1,1,transaction_burst,1
5549,591,208,35171.69,2026-01-06 14:42:37,0,0,behavioral_deviation,1
9316,992,165,11229.54,2026-01-06 14:51:25,0,0,transaction_burst,1
366,30,381,28079.62,2026-01-06 14:57:05,0,0,rapid_movement,1
432,40,353,47788.22,2026-01-06 15:02:43,0,0,rapid_movement,1
3579,381,492,46129.29,2026-01-06 15:16:23,0,0,high_value,0
8408,895,142,14906.12,2026-01-06 15:22:01,0,0,transaction_burst,1
6976,742,302,2023.74,2026-01-06 16:59:38,0,0,normal,0
9042,962,672,3242.49,2026-01-06 17:09:57,0,0,normal,0
1412,151,757,4241.5,2026-01-06 17:17:26,0,0,transaction_burst,1
4976,531,903,36144.66,2026-01-06 17:27:04,1,0,rapid_movement,1
1667,178,29,44283.63,2026-01-06 17:31:26,0,0,behavioral_deviation,1
1979,211,569,27226.37,2026-01-06 17:39:59,0,1,rapid_movement,1
8973,957,170,15830.01,2026-01-06 17:40:14,1,1,transaction_burst,1
7243,772,602,72900.38,2026-01-06 17:42:20,0,0,high_value,0
5852,622,14,1065.97,2026-01-06 17:53:13,0,0,normal,0
5961,632,453,20575.4,2026-01-06 18:18:55,1,1,transaction_burst,1
8236,873,784,32886.59,2026-01-06 18:44:27,0,1,behavioral_deviation,1
8831,939,566,22269.75,2026-01-06 18:56:34,0,0,beneficiary_anomaly,0
1245,129,845,2822.12,2026-01-06 18:58:11,0,1,normal,0
80,7,191,14261.69,2026-01-06 18:59:26,0,1,transaction_burst,1
2212,238,771,12798.95,2026-01-06 19:08:01,0,0,transaction_burst,1
3179,342,509,21328.64,2026-01-06 19:42:53,0,0,behavioral_deviation,0
8082,860,2,1887.22,2026-01-06 19:47:17,0,0,normal,0
7456,789,647,4995.31,2026-01-06 20:06:34,0,0,transaction_burst,0
6817,723,832,274.07,2026-01-06 20:20:44,0,0,normal,0
8785,935,227,11470.23,2026-01-06 20:28:35,1,0,transaction_burst,1
8797,935,832,7596.75,2026-01-06 20:32:59,0,0,transaction_burst,1
1780,190,425,1799.24,2026-01-06 20:36:23,0,0,normal,0
2846,301,153,14035.14,2026-01-06 20:56:00,1,0,transaction_burst,1
2719,293,522,27486.42,2026-01-06 21:36:32,0,1,beneficiary_anomaly,1
7574,801,453,36225.68,2026-01-06 22:01:31,1,0,rapid_movement,1
4144,434,804,6854.21,2026-01-06 22:12:30,0,0,transaction_burst,0
8947,954,912,1021.12,2026-01-06 23:13:57,0,0,normal,0
972,93,855,3691.11,2026-01-06 23:34:00,0,0,normal,0
585,52,882,5686.35,2026-01-06 23:46:14,0,0,normal,0
9312,992,497,17012.56,2026-01-06 23:53:31,0,0,transaction_burst,1
9317,992,350,24763.33,2026-01-06 23:57:01,1,0,transaction_burst,1
7213,767,61,5988.36,2026-01-07 00:19:06,0,1,normal,0
1021,100,664,100.0,2026-01-07 00:50:57,0,0,behavioral_deviation,1
6047,639,835,13696.58,2026-01-07 01:30:34,0,0,transaction_burst,0
4177,437,830,1292.58,2026-01-07 01:51:41,0,0,normal,0
6626,707,669,8607.72,2026-01-07 01:56:12,0,0,transaction_burst,1
2810,299,695,9653.19,2026-01-07 01:59:00,0,1,transaction_burst,1
7251,774,625,21313.25,2026-01-07 02:06:33,0,0,transaction_burst,1
6048,639,354,11072.38,2026-01-07 02:13:56,0,0,transaction_burst,0
3370,358,609,13525.46,2026-01-07 02:53:07,0,0,transaction_burst,0
8067,857,624,41808.56,2026-01-07 02:54:50,1,0,rapid_movement,1
821,77,346,6467.75,2026-01-07 02:56:38,0,0,normal,0
5334,567,667,14583.16,2026-01-07 03:22:26,1,1,transaction_burst,1
5492,582,87,2940.52,2026-01-07 03:27:02,0,0,normal,0
4247,445,886,2225.28,2026-01-07 03:34:53,0,0,normal,0
5303,566,576,38039.76,2026-01-07 04:03:13,0,0,rapid_movement,1
5926,630,956,15842.94,2026-01-07 04:27:33,0,0,transaction_burst,1
7098,754,850,3274.98,2026-01-07 04:31:34,0,0,normal,0
6725,714,581,18667.15,2026-01-07 04:34:59,0,0,beneficiary_anomaly,0
6394,677,387,5316.29,2026-01-07 04:36:23,0,1,beneficiary_anomaly,0
785,73,756,9182.9,2026-01-07 04:54:17,0,1,beneficiary_anomaly,1
8549,911,514,8232.96,2026-01-07 05:34:23,1,0,transaction_burst,0
4757,509,748,4229.27,2026-01-07 05:47:45,0,0,normal,0
4676,503,771,18287.02,2026-01-07 05:48:30,0,1,beneficiary_anomaly,0
4265,447,297,50112.79,2026-01-07 06:02:03,0,0,behavioral_deviation,0
3712,397,224,15921.97,2026-01-07 06:27:20,1,0,transaction_burst,1
3858,410,959,38014.36,2026-01-07 06:28:15,1,0,behavioral_deviation,1
8072,858,396,22754.33,2026-01-07 06:37:44,0,0,beneficiary_anomaly,0
5249,561,991,3605.05,2026-01-07 06:56:43,0,0,normal,0
1259,131,54,191.74,2026-01-07 07:02:08,0,0,normal,0
6305,667,918,7940.42,2026-01-07 07:22:33,0,0,transaction_burst,1
551,48,274,4153.72,2026-01-07 07:29:50,0,0,normal,0
576,51,609,2477.45,2026-01-07 07:46:38,0,0,normal,0
4274,449,138,4283.81,2026-01-07 08:07:08,0,0,normal,0
6562,700,432,3497.04,2026-01-07 08:21:38,0,0,normal,0
5358,570,496,1850.28,2026-01-07 08:25:06,0,0,normal,0
7181,764,43,3173.36,2026-01-07 08:32:48,0,0,normal,0
7687,816,406,15355.16,2026-01-07 08:36:33,0,0,beneficiary_anomaly,0
7819,830,307,4408.37,2026-01-07 09:11:02,0,0,normal,0
3246,346,401,10562.57,2026-01-07 09:18:15,0,0,transaction_burst,1
2031,216,368,24445.62,2026-01-07 09:26:06,1,0,rapid_movement,0
3862,411,376,42092.45,2026-01-07 09:48:58,0,0,rapid_movement,1
2915,311,835,2999.05,2026-01-07 09:55:39,0,0,normal,0
619,55,473,45389.8,2026-01-07 09:58:34,0,1,rapid_movement,1
7909,840,628,1629.22,2026-01-07 10:04:02,0,0,normal,0
3528,374,243,5456.82,2026-01-07 10:08:27,0,0,normal,0
9108,969,286,37138.47,2026-01-07 10:18:01,0,0,high_value,0
6825,724,712,8205.52,2026-01-07 10:19:17,0,0,behavioral_deviation,0
3454,368,213,46168.92,2026-01-07 10:39:01,1,0,rapid_movement,1
7119,757,68,2867.29,2026-01-07 11:05:00,1,0,normal,0
8190,868,839,8416.14,2026-01-07 11:26:31,1,0,transaction_burst,1
1459,156,745,35952.85,2026-01-07 11:29:23,0,1,rapid_movement,1
5415,574,468,10221.24,2026-01-07 11:33:06,1,0,transaction_burst,1
1520,163,696,4185.65,2026-01-07 11:54:19,0,0,normal,0
6289,666,702,24412.36,2026-01-07 12:06:18,0,0,rapid_movement,1
3492,371,185,11347.2,2026-01-07 12:18:41,1,0,transaction_burst,1
1895,201,143,30757.04,2026-01-07 12:30:14,1,0,transaction_burst,1
6823,724,869,49995.32,2026-01-07 12:36:18,0,1,behavioral_deviation,0
6774,719,557,39382.13,2026-01-07 12:40:58,0,0,rapid_movement,1
7078,751,139,3932.32,2026-01-07 12:42:44,0,0,normal,0
2168,235,256,15022.37,2026-01-07 13:02:45,0,0,behavioral_deviation,0
2172,235,376,31580.71,2026-01-07 13:04:28,0,0,behavioral_deviation,0
8246,874,990,3980.32,2026-01-07 14:09:01,0,0,normal,0
5945,630,244,14840.4,2026-01-07 14:43:44,0,0,transaction_burst,1
481,45,484,8934.99,2026-01-07 14:52:23,0,0,transaction_burst,1
3962,420,356,13911.16,2026-01-07 15:16:32,0,0,beneficiary_anomaly,1
5490,582,314,4588.03,2026-01-07 15:24:08,0,0,normal,0
7969,845,297,2032.56,2026-01-07 15:55:42,0,0,normal,0
4246,445,816,100.0,2026-01-07 15:58:18,0,0,normal,0
7466,790,317,35347.73,2026-01-07 16:35:05,0,0,high_value,0
3820,407,90,779.69,2026-01-07 17:18:24,0,0,normal,0
8758,934,966,6168.65,2026-01-07 17:29:56,0,0,transaction_burst,1
2657,287,150,3498.15,2026-01-07 17:30:41,0,0,normal,0
4304,452,359,19203.14,2026-01-07 17:54:00,0,0,beneficiary_anomaly,0
5493,582,188,5263.14,2026-01-07 18:08:59,0,0,normal,0
5511,585,905,17256.58,2026-01-07 18:26:12,0,0,beneficiary_anomaly,0
6276,664,732,4680.76,2026-01-07 18:29:24,0,0,normal,0
7871,837,292,13793.96,2026-01-07 18:32:28,1,0,transaction_burst,1
6736,715,398,7706.4,2026-01-07 18:39:49,0,0,transaction_burst,1
3427,366,162,1593.24,2026-01-07 18:46:03,0,0,normal,0
4936,529,919,11661.09,2026-01-07 18:53:05,0,1,transaction_burst,0
3981,424,431,4044.22,2026-01-07 18:57:35,0,0,normal,0
2118,226,239,14898.93,2026-01-07 19:05:57,0,1,beneficiary_anomaly,0
660,56,512,15844.71,2026-01-07 19:06:01,1,1,transaction_burst,1
2379,255,40,1103.32,2026-01-07 19:06:22,0,0,normal,0
6010,637,961,36731.23,2026-01-07 19:34:31,0,0,rapid_movement,1
7388,785,447,21837.31,2026-01-07 19:51:10,0,1,behavioral_deviation,0
7605,805,764,3928.27,2026-01-07 19:53:31,0,0,normal,0
1844,198,549,12394.89,2026-01-07 20:14:41,0,0,beneficiary_anomaly,0
9257,988,663,5054.26,2026-01-07 20:25:45,0,0,normal,0
7939,842,216,3472.27,2026-01-07 20:32:44,0,1,transaction_burst,0
7292,777,112,81434.57,2026-01-07 20:33:05,0,0,high_value,0
2885,307,283,5934.63,2026-01-07 20:54:07,0,0,normal,0
5378,572,897,8093.59,2026-01-07 21:02:35,1,0,transaction_burst,1
3434,367,136,8883.65,2026-01-07 21:06:02,0,0,transaction_burst,1
3393,361,18,45648.48,2026-01-07 21:12:31,0,0,behavioral_deviation,0
5298,565,417,86148.62,2026-01-07 21:14:04,0,0,high_value,0
1946,207,957,1186.34,2026-01-07 21:24:16,0,0,normal,0
9122,971,137,1963.51,2026-01-07 21:24:51,0,0,normal,0
8743,933,808,1629.01,2026-01-07 22:03:33,0,0,normal,0
6753,715,75,16901.83,2026-01-07 22:09:40,0,0,transaction_burst,1
1262,131,982,2837.82,2026-01-07 22:12:41,0,1,normal,0
9079,966,352,346.83,2026-01-07 22:23:38,0,0,normal,0
8277,878,736,3865.68,2026-01-07 22:26:52,0,0,normal,0
7231,770,344,32664.77,2026-01-07 22:27:35,0,0,high_value,0
5483,582,812,4623.46,2026-01-07 22:29:48,0,0,normal,0
6006,636,16,3145.43,2026-01-07 22:39:24,0,0,normal,0
2867,305,762,7046.02,2026-01-07 23:04:10,0,0,beneficiary_anomaly,0
5841,621,13,13578.45,2026-01-07 23:07:36,0,1,transaction_burst,1
6129,645,545,30265.21,2026-01-08 00:02:24,0,0,high_value,0
8522,907,686,3717.08,2026-01-08 00:05:23,0,0,normal,0
2923,312,661,3914.97,2026-01-08 00:28:58,0,0,normal,0
7527,797,654,3811.95,2026-01-08 00:33:09,0,0,normal,0
3716,397,946,6211.23,2026-01-08 00:42:59,1,0,transaction_burst,1
1273,132,54,31092.65,2026-01-08 00:44:31,0,0,behavioral_deviation,1
3096,330,814,3124.52,2026-01-08 01:02:50,0,0,normal,0
1317,139,793,17693.37,2026-01-08 01:26:06,1,0,transaction_burst,1
1465,157,607,3908.9,2026-01-08 01:36:27,0,0,normal,0
8766,934,315,5647.36,2026-01-08 01:53:05,0,1,transaction_burst,1
1591,169,533,2593.49,2026-01-08 01:58:44,0,0,normal,0
7283,776,186,26426.92,2026-01-08 02:02:51,0,0,beneficiary_anomaly,1
3918,417,947,4061.17,2026-01-08 02:22:10,0,0,normal,0
2908,310,44,4532.59,2026-01-08 02:35:10,0,0,normal,0
8984,957,716,14873.59,2026-01-08 02:38:46,0,0,transaction_burst,1
6631,708,980,7583.68,2026-01-08 02:48:12,0,0,transaction_burst,1
5947,631,781,7449.16,2026-01-08 02:59:00,0,1,beneficiary_anomaly,0
7947,842,103,14318.39,2026-01-08 03:10:18,1,0,transaction_burst,0
6066,641,924,34232.39,2026-01-08 03:33:20,1,0,rapid_movement,1
5287,563,122,23471.0,2026-01-08 03:33:32,0,0,transaction_burst,1
4323,455,382,2144.09,2026-01-08 03:46:40,0,0,normal,0
6830,725,974,3474.04,2026-01-08 03:49:51,0,0,normal,0
7257,774,244,4660.16,2026-01-08 04:15:50,1,0,transaction_burst,1
7824,831,840,49082.26,2026-01-08 04:28:45,0,0,high_value,0
7679,816,421,28742.05,2026-01-08 04:30:43,0,0,beneficiary_anomaly,0
7823,831,668,52838.77,2026-01-08 04:49:15,0,0,high_value,0
3105,331,207,34045.16,2026-01-08 04:53:35,1,0,rapid_movement,1
1214,123,457,3527.2,2026-01-08 05:02:30,0,0,normal,0
4852,520,965,13514.84,2026-01-08 05:36:46,0,0,transaction_burst,1
8881,944,631,606.19,2026-01-08 05:59:30,0,1,normal,0
7753,824,548,29920.26,2026-01-08 06:14:13,0,0,rapid_movement,1
4555,488,518,3166.28,2026-01-08 06:21:58,0,0,normal,0
5695,606,310,7417.39,2026-01-08 06:28:16,1,1,transaction_burst,1
1636,174,443,31417.76,2026-01-08 06:39:19,0,1,behavioral_deviation,1
1938,206,284,4258.19,2026-01-08 06:55:19,0,0,normal,1
8512,906,387,31765.42,2026-01-08 07:24:40,0,0,rapid_movement,1
8140,863,732,21887.48,2026-01-08 07:30:51,0,0,transaction_burst,1
7793,826,6,5153.56,2026-01-08 07:36:45,0,0,normal,0
4500,481,473,4531.78,2026-01-08 07:38:34,0,0,normal,0
5994,633,461,4460.22,2026-01-08 07:43:49,0,0,normal,0
4924,528,355,27911.42,2026-01-08 07:48:28,0,0,behavioral_deviation,0
6041,639,443,17861.13,2026-01-08 08:01:58,0,0,transaction_burst,0
9037,962,270,1768.54,2026-01-08 08:37:04,0,1,normal,0
773,73,224,27603.36,2026-01-08 08:39:42,0,1,beneficiary_anomaly,1
3503,371,423,19685.0,2026-01-08 08:49:08,0,1,transaction_burst,1
6234,660,637,2140.79,2026-01-08 10:06:59,0,0,normal,0
5413,574,131,10612.73,2026-01-08 10:32:17,0,0,transaction_burst,1
207,18,513,4783.18,2026-01-08 10:51:36,0,0,normal,0
7100,754,90,2888.1,2026-01-08 10:53:08,0,0,normal,0
7881,837,416,3233.52,2026-01-08 12:35:24,0,0,transaction_burst,1
6266,663,979,2819.57,2026-01-08 12:41:25,0,0,normal,0
4791,512,682,16005.64,2026-01-08 12:44:20,0,1,transaction_burst,1
7019,748,475,4437.23,2026-01-08 12:49:39,0,0,normal,0
6857,728,827,4433.7,2026-01-08 13:01:43,0,0,normal,0
7225,769,400,2751.69,2026-01-08 13:12:30,0,0,normal,0
3940,418,52,1044.53,2026-01-08 13:36:44,0,0,transaction_burst,1
3532,374,318,5065.95,2026-01-08 13:55:27,0,0,normal,0
6282,665,34,1940.72,2026-01-08 14:07:21,0,1,normal,0
7894,838,38,47947.05,2026-01-08 14:10:26,1,0,behavioral_deviation,1
5240,560,774,4343.09,2026-01-08 14:29:59,0,0,normal,0
5130,546,563,2657.49,2026-01-08 15:14:42,0,0,normal,0
3459,368,676,28833.4,2026-01-08 15:41:52,0,0,rapid_movement,1
633,56,193,16395.84,2026-01-08 16:17:44,0,1,transaction_burst,1
2855,303,496,4665.01,2026-01-08 16:49:02,0,0,normal,0
3811,406,428,3564.99,2026-01-08 17:51:48,0,0,beneficiary_anomaly,0
8461,900,380,2840.4,2026-01-08 17:54:59,0,0,normal,0
4604,495,769,22257.34,2026-01-08 18:14:59,0,0,transaction_burst,1
650,56,591,6941.2,2026-01-08 18:17:36,0,0,transaction_burst,1
2063,219,453,32523.36,2026-01-08 18:32:55,0,0,behavioral_deviation,0
7886,837,332,7644.01,2026-01-08 18:36:38,0,1,transaction_burst,1
7115,756,213,6172.89,2026-01-08 18:39:44,0,0,normal,0
7316,779,3,11446.75,2026-01-08 18:46:48,0,0,transaction_burst,0
7246,774,692,17840.79,2026-01-08 18:52:55,1,0,transaction_burst,1
4925,528,806,40696.57,2026-01-08 19:08:25,0,1,behavioral_deviation,0
5801,619,763,3816.63,2026-01-08 19:08:42,0,0,normal,0
8097,861,283,18515.22,2026-01-08 19:16:41,1,0,rapid_movement,1
6890,732,235,3259.36,2026-01-08 19:22:47,0,0,normal,0
6154,650,981,994.07,2026-01-08 19:26:27,0,0,normal,0
4519,483,972,53394.1,2026-01-08 19:55:59,0,0,high_value,0
1075,105,804,8779.57,2026-01-08 20:09:25,0,0,transaction_burst,1
8816,937,146,23977.68,2026-01-08 20:17:15,1,0,behavioral_deviation,0
7887,837,339,14619.5,2026-01-08 20:20:41,0,0,transaction_burst,1
376,31,624,40919.21,2026-01-08 20:50:37,1,0,rapid_movement,1
6401,679,371,5666.71,2026-01-08 21:39:02,0,0,normal,0
2433,262,314,4104.59,2026-01-08 21:43:19,0,0,transaction_burst,0
2858,303,724,2155.23,2026-01-08 21:44:56,0,0,normal,0
3337,357,79,13076.96,2026-01-08 21:58:28,1,0,transaction_burst,1
8063,857,341,46988.92,2026-01-08 22:17:01,1,1,rapid_movement,1
8506,905,263,8217.67,2026-01-08 22:24:42,0,0,behavioral_deviation,0
6490,689,102,14687.83,2026-01-08 22:37:21,0,0,transaction_burst,1
1031,102,466,35409.9,2026-01-08 22:58:57,0,0,rapid_movement,1
3261,346,290,10283.54,2026-01-08 23:01:06,0,0,transaction_burst,1
8761,934,443,18251.73,2026-01-08 23:02:12,0,1,transaction_burst,1
1164,117,963,11373.53,2026-01-08 23:33:50,0,0,transaction_burst,1
4034,428,795,9575.96,2026-01-08 23:48:13,0,0,transaction_burst,1
2602,280,333,30989.7,2026-01-08 23:58:05,0,0,beneficiary_anomaly,1
2428,261,774,1920.21,2026-01-09 00:24:37,0,0,normal,0
5955,631,522,36132.88,2026-01-09 00:27:41,0,1,beneficiary_anomaly,0
7286,776,413,17996.7,2026-01-09 00:30:14,0,1,beneficiary_anomaly,1
31,3,747,15838.76,2026-01-09 00:50:10,0,1,beneficiary_anomaly,1
988,96,118,98122.41,2026-01-09 01:13:32,0,0,high_value,1
2712,291,964,7449.88,2026-01-09 01:25:18,1,0,transaction_burst,1
2875,305,296,28022.87,2026-01-09 01:46:43,1,1,beneficiary_anomaly,0
9338,993,164,12847.67,2026-01-09 01:48:14,0,0,transaction_burst,0
8096,861,933,30089.68,2026-01-09 01:57:42,0,0,rapid_movement,1
6804,721,917,4335.54,2026-01-09 02:13:07,0,0,normal,0
7141,760,395,2390.34,2026-01-09 02:13:25,0,0,normal,0
1091,108,301,2183.52,2026-01-09 02:23:56,0,0,normal,1
5177,549,703,4226.12,2026-01-09 02:41:47,1,0,transaction_burst,1
4134,434,769,19356.13,2026-01-09 02:57:01,0,0,transaction_burst,0
4041,428,19,4992.17,2026-01-09 03:28:29,0,0,transaction_burst,1
1186,118,340,37510.43,2026-01-09 03:32:28,0,0,rapid_movement,0
8904,948,794,23932.77,2026-01-09 03:32:46,0,1,beneficiary_anomaly,0
701,62,983,3572.54,2026-01-09 03:50:58,0,0,normal,0
8308,883,678,31122.44,2026-01-09 04:24:46,0,0,behavioral_deviation,0
4657,501,202,20903.03,2026-01-09 04:55:42,0,0,rapid_movement,1
8953,954,430,1344.49,2026-01-09 05:04:55,0,0,normal,0
195,15,658,5406.34,2026-01-09 05:09:57,0,0,normal,0
7918,841,774,921.58,2026-01-09 05:14:17,0,0,normal,1
1237,128,389,1438.14,2026-01-09 05:22:11,0,0,normal,1
6337,670,146,1497.29,2026-01-09 05:24:09,0,0,normal,0
6507,690,990,3656.91,2026-01-09 06:18:24,0,0,normal,0
6939,737,122,100.0,2026-01-09 06:59:10,0,0,normal,0
4343,458,107,2164.67,2026-01-09 07:14:13,0,0,normal,0
9360,995,416,33320.6,2026-01-09 07:17:46,0,1,beneficiary_anomaly,0
8195,868,832,2187.11,2026-01-09 07:18:03,0,0,transaction_burst,1
8482,902,30,4541.27,2026-01-09 07:30:50,0,0,normal,0
1753,186,80,23718.67,2026-01-09 08:09:46,1,0,rapid_movement,1
6612,707,489,14429.84,2026-01-09 08:18:02,0,0,transaction_burst,1
1234,127,836,5499.91,2026-01-09 08:57:26,0,0,normal,0
4314,453,4,63524.03,2026-01-09 08:59:57,1,0,rapid_movement,1
1813,194,318,10033.2,2026-01-09 09:12:48,1,0,transaction_burst,1
398,34,394,100.0,2026-01-09 09:33:47,0,0,normal,0
3146,336,590,40372.03,2026-01-09 10:05:11,0,0,high_value,0
3584,382,701,40901.96,2026-01-09 10:14:08,0,1,behavioral_deviation,1
3386,361,221,1379.23,2026-01-09 10:30:50,0,1,behavioral_deviation,0
6024,638,717,25362.2,2026-01-09 10:50:13,0,0,rapid_movement,1
6343,671,653,8578.73,2026-01-09 11:21:49,0,0,normal,0
7634,808,239,258.23,2026-01-09 11:34:55,0,0,normal,0
9231,985,750,2806.25,2026-01-09 11:35:27,0,0,normal,0
7032,749,666,9341.37,2026-01-09 11:38:04,0,0,transaction_burst,1
2145,230,276,2105.41,2026-01-09 12:18:50,0,0,normal,0
8867,942,549,22125.61,2026-01-09 12:20:50,1,0,transaction_burst,1
1540,167,787,19772.81,2026-01-09 12:21:43,0,0,transaction_burst,1
2232,238,574,972.15,2026-01-09 12:32:34,0,1,transaction_burst,1
2548,272,146,4353.1,2026-01-09 12:35:43,0,0,normal,0
7345,780,703,13180.49,2026-01-09 12:39:29,1,0,beneficiary_anomaly,1
3806,406,880,20003.46,2026-01-09 12:43:15,0,1,beneficiary_anomaly,0
6731,715,142,13197.56,2026-01-09 12:44:40,1,0,transaction_burst,1
8284,880,488,60370.69,2026-01-09 12:56:22,0,0,high_value,0
2903,310,561,3146.67,2026-01-09 13:10:53,0,0,normal,0
6870,729,707,1576.2,2026-01-09 13:35:51,0,0,normal,0
8616,916,208,9096.09,2026-01-09 13:41:00,0,0,behavioral_deviation,1
8391,893,347,2312.53,2026-01-09 13:44:42,0,0,normal,0
4716,506,281,10715.52,2026-01-09 14:26:16,0,0,transaction_burst,1
3123,333,319,50519.97,2026-01-09 14:27:00,1,0,rapid_movement,1
6250,662,851,24592.63,2026-01-09 14:29:52,0,0,beneficiary_anomaly,0
404,35,615,2329.39,2026-01-09 14:34:37,0,0,normal,0
135,10,603,3218.91,2026-01-09 14:51:14,0,0,normal,0
92,7,946,12168.13,2026-01-09 14:54:07,0,0,transaction_burst,1
8441,898,826,3964.95,2026-01-09 15:05:13,0,0,normal,0
7453,789,74,3961.76,2026-01-09 15:21:05,0,0,transaction_burst,0
5610,600,226,65297.55,2026-01-09 15:23:17,0,0,high_value,0
1351,142,186,1820.23,2026-01-09 15:30:41,0,0,normal,0
918,86,537,4296.87,2026-01-09 15:57:45,0,0,normal,0
7385,785,538,63247.49,2026-01-09 16:13:47,0,1,behavioral_deviation,0
7730,821,831,3530.65,2026-01-09 16:16:01,0,0,normal,0
267,21,833,16184.93,2026-01-09 16:33:15,0,1,transaction_burst,1
4050,428,928,8322.63,2026-01-09 16:43:03,0,1,transaction_burst,1
6591,704,856,9180.59,2026-01-09 17:00:46,0,0,beneficiary_anomaly,0
8678,924,414,3720.28,2026-01-09 17:08:34,0,1,normal,0
3210,345,226,2404.57,2026-01-09 17:11:41,1,0,transaction_burst,0
5423,574,404,4382.49,2026-01-09 17:13:40,0,0,transaction_burst,1
7201,766,431,1461.13,2026-01-09 17:38:10,0,0,normal,0
7832,833,125,4464.84,2026-01-09 17:46:16,0,0,normal,0
5390,572,843,8154.65,2026-01-09 17:50:40,0,0,transaction_burst,1
1313,138,312,1076.18,2026-01-09 17:54:43,0,0,normal,0
1934,206,426,3177.8,2026-01-09 18:00:12,0,0,normal,1
2547,272,883,3383.79,2026-01-09 18:01:16,0,0,normal,0
6843,725,226,3921.21,2026-01-09 18:07:38,0,0,normal,0
5632,602,650,21567.31,2026-01-09 18:24:37,0,0,transaction_burst,1
689,61,674,35791.8,2026-01-09 18:29:36,0,0,rapid_movement,1
1110,110,457,14425.62,2026-01-09 18:31:30,1,1,beneficiary_anomaly,1
7327,779,324,7378.52,2026-01-09 19:08:38,0,0,transaction_burst,0
2245,241,899,28106.26,2026-01-09 19:09:01,0,0,transaction_burst,1
6703,713,994,18674.39,2026-01-09 19:52:52,0,0,transaction_burst,1
3587,382,188,28868.6,2026-01-09 20:21:59,1,0,behavioral_deviation,1
4727,507,770,2729.27,2026-01-09 21:06:02,0,0,normal,0
573,51,792,2745.62,2026-01-09 21:50:18,0,1,normal,0
5644,602,496,10821.61,2026-01-09 23:09:00,0,0,transaction_burst,1
3462,368,297,27048.59,2026-01-09 23:40:28,1,0,rapid_movement,1
2398,257,298,4328.64,2026-01-09 23:41:52,1,1,transaction_burst,1
2646,286,421,3513.4,2026-01-10 00:15:33,0,0,normal,0
1880,201,727,10971.87,2026-01-10 00:22:20,0,0,transaction_burst,1
3284,349,836,59831.62,2026-01-10 00:29:22,0,1,high_value,1
2401,257,277,4086.75,2026-01-10 00:32:20,0,0,transaction_burst,1
4036,428,757,7312.23,2026-01-10 00:32:56,0,0,transaction_burst,1
7227,769,84,1711.96,2026-01-10 00:44:06,0,0,normal,0
8945,954,747,3094.31,2026-01-10 00:51:51,0,0,normal,0
3126,333,492,25602.46,2026-01-10 00:52:06,1,0,rapid_movement,1
4834,517,369,3175.21,2026-01-10 01:15:58,0,0,normal,0
809,76,421,2920.92,2026-01-10 01:30:22,0,0,normal,0
8240,873,662,10837.07,2026-01-10 01:37:35,0,0,behavioral_deviation,1
283,23,847,12417.61,2026-01-10 01:38:48,0,0,behavioral_deviation,1
118,8,848,6418.41,2026-01-10 01:38:54,0,0,transaction_burst,1
2256,241,216,15169.92,2026-01-10 01:43:55,0,0,transaction_burst,1
3556,378,708,3558.75,2026-01-10 01:51:27,0,0,normal,0
1160,117,252,4244.19,2026-01-10 01:55:04,0,1,transaction_burst,1
7627,808,247,4056.49,2026-01-10 02:26:39,0,0,normal,0
1121,112,399,3029.48,2026-01-10 02:32:22,0,0,normal,0
4895,523,163,3871.54,2026-01-10 02:40:30,0,0,normal,0
3746,400,845,1050.6,2026-01-10 02:48:12,0,0,normal,0
1477,158,111,29701.06,2026-01-10 03:01:14,0,0,rapid_movement,1
2876,306,648,3658.14,2026-01-10 03:31:31,0,0,normal,0
2720,293,981,22005.51,2026-01-10 03:47:22,0,1,beneficiary_anomaly,1
4858,520,367,8132.9,2026-01-10 04:21:14,0,0,transaction_burst,1
3457,368,542,25491.02,2026-01-10 04:22:43,0,1,rapid_movement,1
7222,769,330,1867.97,2026-01-10 04:37:33,0,0,normal,0
3219,345,498,2660.1,2026-01-10 05:08:37,0,1,transaction_burst,0
7152,761,356,29755.51,2026-01-10 05:30:57,0,0,rapid_movement,1
1593,169,432,1189.5,2026-01-10 05:52:36,0,0,normal,0
1692,181,614,19351.49,2026-01-10 05:53:26,0,1,beneficiary_anomaly,0
9226,984,366,3404.7,2026-01-10 05:55:07,0,0,normal,0
6927,736,581,28510.48,2026-01-10 06:11:05,1,1,rapid_movement,1
4541,486,36,2168.72,2026-01-10 06:32:51,0,0,normal,0
7087,752,535,3355.18,2026-01-10 06:43:36,0,0,normal,0
995,97,312,2757.97,2026-01-10 06:53:59,0,0,normal,0
1957,208,210,22903.82,2026-01-10 07:02:24,0,1,rapid_movement,1
4380,462,420,405.14,2026-01-10 07:04:11,0,0,normal,0
872,81,56,48577.09,2026-01-10 07:04:33,0,1,rapid_movement,1
2306,245,831,48192.1,2026-01-10 07:11:11,0,0,high_value,0
7788,825,34,14463.79,2026-01-10 07:20:56,0,0,transaction_burst,1
5158,549,439,11479.97,2026-01-10 07:31:51,0,0,transaction_burst,1
5701,606,801,14689.27,2026-01-10 07:57:31,0,0,transaction_burst,1
4344,458,476,3433.9,2026-01-10 08:15:09,0,0,normal,0
1393,148,149,4870.75,2026-01-10 08:16:04,0,0,normal,0
3320,357,687,9205.09,2026-01-10 08:18:37,1,0,transaction_burst,1
8669,922,156,2924.19,2026-01-10 08:21:46,0,0,transaction_burst,0
3299,352,107,2604.59,2026-01-10 08:25:37,0,0,normal,0
185,14,360,9259.14,2026-01-10 08:27:11,0,0,transaction_burst,1
5257,562,396,744.08,2026-01-10 08:35:51,0,0,normal,0
3044,325,724,7881.62,2026-01-10 08:51:15,0,0,transaction_burst,1
9070,965,618,46093.79,2026-01-10 08:51:36,0,0,behavioral_deviation,1
9306,991,273,34288.86,2026-01-10 08:52:50,0,0,high_value,0
2248,241,135,6270.69,2026-01-10 09:33:40,1,0,transaction_burst,1
922,87,907,40533.76,2026-01-10 09:54:22,1,0,rapid_movement,1
3737,399,68,7453.61,2026-01-10 10:21:16,0,0,normal,0
8406,895,590,8661.94,2026-01-10 10:34:28,0,0,transaction_burst,1
7710,818,878,1636.54,2026-01-10 10:52:22,0,0,normal,0
1097,109,143,3620.21,2026-01-10 10:58:34,0,0,normal,0
2605,280,398,23657.47,2026-01-10 11:02:20,0,0,beneficiary_anomaly,1
7926,842,53,17010.25,2026-01-10 11:05:09,0,0,transaction_burst,0
5675,606,999,11257.67,2026-01-10 11:11:05,1,0,transaction_burst,1
4769,510,816,2083.94,2026-01-10 11:16:23,0,1,normal,0
149,11,63,2319.84,2026-01-10 11:25:37,0,0,normal,0
1134,113,399,1826.88,2026-01-10 11:33:57,0,0,normal,0
7315,779,840,17868.31,2026-01-10 11:42:02,0,0,transaction_burst,0
8306,883,100,46246.59,2026-01-10 11:54:21,0,0,behavioral_deviation,0
2747,295,955,6554.78,2026-01-10 12:07:04,0,0,transaction_burst,1
5108,544,811,51397.45,2026-01-10 12:11:50,0,1,behavioral_deviation,0
7769,825,657,9279.36,2026-01-10 12:15:49,0,0,transaction_burst,1
4803,512,197,9309.62,2026-01-10 12:21:56,1,0,transaction_burst,1
171,14,723,10435.03,2026-01-10 12:38:33,0,0,transaction_burst,1
580,51,131,1460.4,2026-01-10 12:41:07,0,0,normal,0
6027,638,158,26513.24,2026-01-10 12:42:15,1,0,rapid_movement,1
5275,563,551,16677.26,2026-01-10 12:42:22,0,0,transaction_burst,1
555,49,549,29143.76,2026-01-10 12:55:12,0,0,rapid_movement,1
5346,568,812,5250.87,2026-01-10 13:13:29,0,0,normal,0
7858,837,366,28406.68,2026-01-10 13:47:38,1,1,transaction_burst,1
5962,632,167,5744.24,2026-01-10 14:10:02,1,0,transaction_burst,1
1424,151,91,13119.56,2026-01-10 14:14:15,0,1,transaction_burst,1
7482,792,240,3377.88,2026-01-10 14:28:51,0,0,normal,0
2369,253,3,729.12,2026-01-10 14:38:16,0,0,normal,0
5309,567,457,8147.16,2026-01-10 14:49:32,1,0,transaction_burst,1
4562,490,402,51227.32,2026-01-10 15:18:16,0,0,high_value,0
2322,247,826,39648.77,2026-01-10 15:25:38,1,0,high_value,0
1704,182,535,26338.85,2026-01-10 15:26:00,1,1,beneficiary_anomaly,1
307,25,327,100.0,2026-01-10 15:26:59,0,1,transaction_burst,1
7537,798,454,2732.57,2026-01-10 15:43:49,0,0,normal,0
6179,653,160,34558.41,2026-01-10 15:53:01,0,0,rapid_movement,1
4880,521,830,24123.06,2026-01-10 16:01:13,1,1,beneficiary_anomaly,0
59,6,657,52665.38,2026-01-10 16:03:17,0,0,behavioral_deviation,1
7776,825,185,10223.36,2026-01-10 16:04:32,1,0,transaction_burst,1
4382,463,26,47518.45,2026-01-10 16:22:05,1,1,behavioral_deviation,1
1889,201,135,17838.76,2026-01-10 16:28:20,0,0,transaction_burst,1
5419,574,619,7642.03,2026-01-10 16:53:36,1,0,transaction_burst,1
5224,557,180,3646.79,2026-01-10 17:00:46,0,0,normal,0
5762,615,659,804.91,2026-01-10 17:48:21,0,0,normal,0
2470,264,67,4702.37,2026-01-10 18:07:05,0,0,normal,0
8329,886,705,1391.09,2026-01-10 18:18:28,0,0,normal,0
263,21,616,921.98,2026-01-10 18:20:16,1,1,transaction_burst,1
240,21,923,19483.27,2026-01-10 18:30:03,1,0,transaction_burst,1
4949,529,755,15922.1,2026-01-10 18:54:38,0,0,transaction_burst,0
3636,386,362,35725.79,2026-01-10 19:01:46,0,1,behavioral_deviation,0
4051,428,222,16822.97,2026-01-10 19:05:43,1,0,transaction_burst,1
1485,159,100,48241.44,2026-01-10 19:09:00,1,1,rapid_movement,1
7282,776,996,26853.16,2026-01-10 19:50:17,0,0,beneficiary_anomaly,1
3463,369,976,3106.53,2026-01-10 20:04:15,0,0,normal,0
5839,621,639,1153.52,2026-01-10 20:05:15,0,1,transaction_burst,1
7255,774,791,14339.13,2026-01-10 20:13:28,0,0,transaction_burst,1
470,43,70,45921.22,2026-01-10 20:26:08,0,0,rapid_movement,1
6159,651,291,2154.03,2026-01-10 20:38:34,0,0,normal,0
5763,615,758,2909.22,2026-01-10 21:08:38,0,0,normal,0
4965,529,428,9470.68,2026-01-10 21:23:13,1,0,transaction_burst,0
2860,303,579,1431.64,2026-01-10 22:23:01,0,0,normal,0
5805,619,986,4805.13,2026-01-10 22:25:05,0,0,normal,0
6051,639,570,9230.59,2026-01-10 22:25:54,0,0,transaction_burst,0
1826,195,66,2536.15,2026-01-10 22:36:54,0,0,normal,0
6998,745,620,3096.96,2026-01-10 22:58:21,0,0,normal,0
547,47,492,1016.57,2026-01-10 23:05:02,0,0,normal,0
709,64,432,21609.43,2026-01-10 23:21:29,0,0,transaction_burst,1
290,23,874,15357.13,2026-01-10 23:26:04,1,0,behavioral_deviation,1
4667,502,234,16537.23,2026-01-10 23:43:19,1,1,beneficiary_anomaly,0
2533,271,908,3741.16,2026-01-10 23:54:00,0,0,normal,0
4559,489,997,67833.03,2026-01-11 00:14:45,0,1,high_value,1
2130,228,629,47026.89,2026-01-11 00:24:03,0,1,high_value,1
5103,543,854,5616.1,2026-01-11 00:51:06,0,0,transaction_burst,1
6012,637,752,27829.64,2026-01-11 00:59:17,1,0,rapid_movement,1
8130,863,515,8894.39,2026-01-11 01:21:06,0,0,transaction_burst,1
9086,967,928,35389.94,2026-01-11 01:34:43,0,1,behavioral_deviation,1
5192,551,315,2340.62,2026-01-11 01:40:30,0,0,normal,0
2180,236,505,100.0,2026-01-11 01:46:11,1,0,transaction_burst,1
2979,320,277,45666.75,2026-01-11 02:06:06,0,0,behavioral_deviation,0
85,7,569,5480.59,2026-01-11 02:09:14,0,0,transaction_burst,1
2239,240,384,3867.84,2026-01-11 02:18:49,0,0,normal,0
8547,911,845,16060.32,2026-01-11 02:23:58,0,1,transaction_burst,0
1440,153,258,4749.82,2026-01-11 03:27:28,1,0,normal,0
4028,428,929,23748.82,2026-01-11 03:32:17,1,0,transaction_burst,1
4464,474,40,5305.94,2026-01-11 03:53:17,0,0,normal,0
6294,666,902,24080.27,2026-01-11 04:02:32,0,1,rapid_movement,1
5414,574,380,15179.7,2026-01-11 04:05:07,0,0,transaction_burst,1
1242,128,573,1578.48,2026-01-11 04:09:21,0,0,normal,1
6232,660,92,2209.28,2026-01-11 04:23:32,0,0,normal,0
5366,571,241,4766.89,2026-01-11 04:30:21,0,0,normal,0
2816,299,72,23742.77,2026-01-11 04:30:47,0,0,transaction_burst,1
6664,709,879,2028.29,2026-01-11 04:33:48,0,0,normal,0
7043,749,992,11183.84,2026-01-11 04:37:01,0,0,transaction_burst,1
50,5,853,2933.35,2026-01-11 04:46:48,0,0,normal,0
2662,288,349,5646.36,2026-01-11 05:33:39,0,0,normal,0
1172,117,840,16557.2,2026-01-11 06:05:08,1,0,transaction_burst,1
238,20,187,54987.98,2026-01-11 06:12:35,0,0,high_value,0
1711,183,778,6503.99,2026-01-11 08:03:10,0,0,normal,0
2065,219,483,31779.21,2026-01-11 08:10:07,0,0,behavioral_deviation,0
7566,800,601,28017.7,2026-01-11 08:19:09,0,0,rapid_movement,1
1952,208,119,46962.46,2026-01-11 08:36:38,0,0,rapid_movement,1
21,2,288,610.81,2026-01-11 09:21:41,0,0,normal,0
7907,840,230,709.54,2026-01-11 09:25:11,0,0,normal,0
5186,550,231,3464.79,2026-01-11 10:17:57,0,0,normal,0
857,80,310,7481.25,2026-01-11 10:24:34,0,0,transaction_burst,1
3460,368,834,40762.98,2026-01-11 10:26:59,1,0,rapid_movement,1
5175,549,605,15939.06,2026-01-11 10:36:37,0,1,transaction_burst,1
4766,510,195,4212.03,2026-01-11 10:40:03,0,0,normal,0
4916,527,616,12838.21,2026-01-11 10:43:43,0,0,behavioral_deviation,1
3672,392,199,4252.9,2026-01-11 10:47:38,0,0,normal,0
1294,136,566,2162.77,2026-01-11 10:54:16,0,0,normal,0
6934,736,902,4410.87,2026-01-11 10:58:27,1,0,rapid_movement,1
507,46,390,10912.61,2026-01-11 11:37:16,0,0,transaction_burst,1
1567,168,578,18025.31,2026-01-11 11:42:07,1,0,transaction_burst,1
8234,873,868,25712.74,2026-01-11 11:52:08,0,0,behavioral_deviation,1
1309,138,455,3346.16,2026-01-11 12:10:20,0,0,normal,0
1679,179,441,16541.11,2026-01-11 12:24:22,0,1,beneficiary_anomaly,1
5823,621,16,5904.36,2026-01-11 12:37:19,0,0,transaction_burst,1
4404,465,463,61947.9,2026-01-11 12:50:11,1,0,high_value,1
3198,343,300,11129.58,2026-01-11 12:58:35,0,0,transaction_burst,1
9266,989,593,5875.39,2026-01-11 13:08:34,0,0,normal,0
8691,925,923,2362.14,2026-01-11 13:41:10,0,0,normal,0
2136,229,86,48904.47,2026-01-11 13:44:17,0,0,high_value,0
987,95,943,240.52,2026-01-11 13:44:41,0,0,normal,0
6607,707,961,15013.92,2026-01-11 14:21:05,1,1,transaction_burst,1
3901,415,588,2648.13,2026-01-11 14:27:43,0,0,normal,0
8695,926,86,2812.98,2026-01-11 14:36:35,0,0,normal,0
6306,667,27,15604.01,2026-01-11 14:44:20,1,0,transaction_burst,1
4934,529,870,11971.06,2026-01-11 14:46:28,0,0,transaction_burst,0
4283,450,630,49115.07,2026-01-11 14:53:07,0,0,high_value,0
4796,512,1000,5454.85,2026-01-11 15:06:41,1,0,transaction_burst,1
564,50,413,3063.93,2026-01-11 15:24:12,0,1,normal,0
1261,131,608,4044.5,2026-01-11 15:36:11,0,1,normal,0
755,70,749,2765.9,2026-01-11 15:44:31,0,0,normal,0
2609,281,93,2191.8,2026-01-11 15:45:32,0,1,normal,1
1163,117,406,8485.73,2026-01-11 15:50:39,1,0,transaction_burst,1
767,72,103,2328.8,2026-01-11 16:01:48,0,0,normal,0
1562,167,523,18734.55,2026-01-11 16:33:32,0,0,transaction_burst,1
7666,813,924,38445.1,2026-01-11 17:27:10,0,1,behavioral_deviation,1
6148,649,416,25488.09,2026-01-11 17:28:49,1,0,rapid_movement,1
602,53,696,7989.97,2026-01-11 17:41:34,1,0,transaction_burst,1
2120,226,146,14211.56,2026-01-11 17:45:18,0,0,beneficiary_anomaly,0
5235,558,789,3687.13,2026-01-11 17:56:01,0,0,normal,0
5465,578,768,58996.5,2026-01-11 18:24:48,0,0,high_value,0
1760,187,1,2586.94,2026-01-11 18:54:10,0,0,normal,0
2673,289,994,4912.57,2026-01-11 19:15:16,0,0,normal,0
7360,782,453,18670.91,2026-01-11 20:05:26,0,1,beneficiary_anomaly,0
9130,974,56,30610.93,2026-01-11 20:31:12,1,1,beneficiary_anomaly,0
3660,390,479,14716.74,2026-01-11 20:31:55,0,1,beneficiary_anomaly,0
6879,730,845,3215.92,2026-01-11 20:37:52,0,0,normal,0
7779,825,226,12239.15,2026-01-11 20:40:37,0,1,transaction_burst,1
7085,752,753,4204.88,2026-01-11 21:21:20,0,0,normal,0
1794,192,777,1491.48,2026-01-11 21:22:46,0,0,normal,0
5559,592,534,3268.94,2026-01-11 21:22:56,0,0,normal,0
4078,430,838,14278.78,2026-01-11 21:40:57,0,0,transaction_burst,0
1840,198,487,23064.17,2026-01-11 21:50:00,0,0,beneficiary_anomaly,0
766,72,942,1678.92,2026-01-11 21:50:19,0,0,normal,0
6763,716,609,3987.86,2026-01-11 21:54:03,0,0,normal,0
5779,616,680,53567.3,2026-01-11 22:01:25,1,0,rapid_movement,1
3603,383,274,20954.97,2026-01-11 22:06:29,0,0,transaction_burst,0
1048,104,138,21352.32,2026-01-11 22:15:20,0,1,behavioral_deviation,1
3790,404,203,2726.65,2026-01-11 22:22:30,0,0,normal,0
78,7,157,9742.73,2026-01-11 22:29:12,0,0,transaction_burst,1
3961,420,204,18052.72,2026-01-11 22:29:30,0,1,beneficiary_anomaly,1
2631,283,211,3369.9,2026-01-11 22:37:17,0,0,normal,0
8254,875,508,25232.6,2026-01-11 22:44:37,0,1,rapid_movement,1
3833,408,257,4919.28,2026-01-11 22:51:28,0,1,transaction_burst,1
2509,268,545,5359.08,2026-01-11 22:58:52,0,0,normal,0
439,41,415,4294.63,2026-01-11 23:18:45,0,1,normal,0
27,2,298,4862.94,2026-01-11 23:26:23,0,0,normal,0
5312,567,980,12149.29,2026-01-11 23:30:53,1,0,transaction_burst,1
4070,430,336,17116.88,2026-01-11 23:52:09,0,0,transaction_burst,0
6768,717,835,53256.59,2026-01-12 00:08:14,0,0,high_value,0
2743,295,453,14391.66,2026-01-12 00:13:46,0,1,transaction_burst,1
6130,645,568,28256.44,2026-01-12 00:17:39,0,0,high_value,0
1942,207,36,2610.9,2026-01-12 00:19:26,0,0,normal,0
422,39,716,4857.24,2026-01-12 01:18:49,0,0,normal,0
8559,911,884,17801.52,2026-01-12 01:20:22,0,0,transaction_burst,0
7952,843,26,2624.75,2026-01-12 01:34:32,0,1,normal,0
252,21,724,3086.63,2026-01-12 01:56:36,0,0,transaction_burst,1
8487,903,840,3837.69,2026-01-12 02:08:44,0,0,normal,1
934,88,626,3253.12,2026-01-12 02:27:05,0,0,normal,1
976,93,872,3552.22,2026-01-12 02:31:49,0,0,normal,0
136,10,729,4460.73,2026-01-12 02:32:33,0,0,normal,0
911,85,993,1921.37,2026-01-12 03:07:16,0,0,normal,0
5840,621,859,17257.65,2026-01-12 03:21:47,0,1,transaction_burst,1
8354,889,365,2950.57,2026-01-12 03:45:52,0,0,normal,0
3264,346,783,13161.08,2026-01-12 03:51:47,0,0,transaction_burst,1
1189,118,353,20335.95,2026-01-12 03:58:15,0,0,rapid_movement,0
1607,171,359,1684.09,2026-01-12 04:07:46,0,0,normal,0
9183,982,4,9702.24,2026-01-12 04:07:53,0,0,transaction_burst,1
1162,117,103,21278.6,2026-01-12 04:18:43,0,0,transaction_burst,1
4272,449,743,1118.94,2026-01-12 04:18:51,0,0,normal,0
587,53,269,5756.39,2026-01-12 04:19:42,0,0,transaction_burst,1
4042,428,309,11657.61,2026-01-12 04:37:42,0,0,transaction_burst,1
8923,951,577,4919.81,2026-01-12 04:43:56,0,0,normal,0
8905,948,461,23652.35,2026-01-12 04:53:20,0,1,beneficiary_anomaly,0
805,75,509,3637.03,2026-01-12 05:07:53,0,0,normal,0
1818,194,637,11523.02,2026-01-12 05:45:44,0,0,transaction_burst,1
9103,968,967,2904.5,2026-01-12 05:57:10,0,0,normal,0
4610,495,815,15203.1,2026-01-12 06:08:20,0,0,transaction_burst,1
1005,98,782,983.41,2026-01-12 06:18:03,0,0,normal,0
8601,914,567,16621.85,2026-01-12 06:29:55,0,1,behavioral_deviation,1
8104,862,980,34503.38,2026-01-12 06:31:00,1,0,rapid_movement,1
7994,848,728,23874.1,2026-01-12 06:31:51,0,0,rapid_movement,1
12,1,285,14039.25,2026-01-12 06:43:58,0,0,transaction_burst,1
7030,749,480,9314.97,2026-01-12 07:05:54,1,0,transaction_burst,1
1525,165,83,54104.41,2026-01-12 07:09:17,0,0,high_value,1
370,30,931,36304.43,2026-01-12 07:11:41,0,0,rapid_movement,1
2883,307,717,2720.32,2026-01-12 07:12:43,0,0,normal,0
5138,547,527,2631.17,2026-01-12 07:57:04,0,0,normal,0
8638,920,789,47317.11,2026-01-12 07:57:10,0,0,high_value,1
8194,868,716,2889.39,2026-01-12 08:10:08,0,0,transaction_burst,1
4236,444,451,2544.31,2026-01-12 08:15:34,0,0,normal,0
6414,680,237,503.05,2026-01-12 08:17:30,0,0,normal,0
2385,256,103,36739.19,2026-01-12 08:19:45,0,0,rapid_movement,1
6552,699,265,34084.01,2026-01-12 08:49:48,0,0,rapid_movement,1
4627,497,56,5126.98,2026-01-12 10:21:32,0,1,normal,0
1423,151,297,13346.04,2026-01-12 10:24:51,0,0,transaction_burst,1
4216,442,491,6823.17,2026-01-12 10:25:14,0,0,normal,0
4181,438,678,907.29,2026-01-12 10:33:56,0,0,normal,0
8286,880,302,61808.34,2026-01-12 10:40:24,0,0,high_value,0
8241,874,481,4633.02,2026-01-12 10:59:26,0,0,normal,0
5040,539,708,2353.19,2026-01-12 11:00:51,0,0,normal,0
5078,542,95,60118.67,2026-01-12 11:20:08,0,1,high_value,0
7146,760,313,876.18,2026-01-12 11:28:04,0,0,normal,0
8629,918,857,3892.35,2026-01-12 11:34:39,0,0,normal,0
3012,323,486,2891.21,2026-01-12 12:12:24,0,0,normal,0
435,41,515,814.52,2026-01-12 12:26:21,0,0,normal,0
6009,636,876,4241.67,2026-01-12 13:04:36,0,0,normal,0
9218,983,747,50272.13,2026-01-12 13:49:50,0,0,rapid_movement,1
6155,650,413,3373.79,2026-01-12 14:15:58,0,0,normal,0
4615,495,600,100.0,2026-01-12 14:29:17,1,0,transaction_burst,1
6426,682,583,4131.26,2026-01-12 14:33:58,0,0,normal,0
2581,277,601,4220.24,2026-01-12 14:43:18,0,0,normal,0
4203,441,874,13361.98,2026-01-12 15:07:56,1,1,beneficiary_anomaly,0
7525,797,621,2502.51,2026-01-12 15:13:24,0,0,normal,0
4980,531,234,23328.32,2026-01-12 15:17:59,0,1,rapid_movement,1
4425,469,404,100.0,2026-01-12 15:43:30,0,0,normal,0
6657,708,842,15124.42,2026-01-12 15:49:02,1,0,transaction_burst,1
4228,443,288,29306.36,2026-01-12 15:56:39,1,0,rapid_movement,1
8258,876,99,4843.37,2026-01-12 15:57:37,0,0,beneficiary_anomaly,1
2462,263,136,3507.11,2026-01-12 16:30:29,0,0,normal,0
8584,913,748,12273.13,2026-01-12 16:35:42,0,0,beneficiary_anomaly,1
7175,763,115,4587.33,2026-01-12 16:47:10,0,0,normal,0
4699,506,326,3170.11,2026-01-12 17:02:20,1,0,transaction_burst,1
3505,371,252,10650.39,2026-01-12 17:25:34,1,0,transaction_burst,1
5758,614,783,37862.28,2026-01-12 17:34:51,0,0,behavioral_deviation,0
1597,169,435,3262.72,2026-01-12 17:46:07,0,0,normal,0
7063,750,504,14349.27,2026-01-12 19:29:44,1,0,transaction_burst,1
5676,606,581,12146.53,2026-01-12 19:54:38,1,0,transaction_burst,1
2304,244,932,770.51,2026-01-12 20:06:05,0,0,normal,0
679,60,606,100.0,2026-01-12 20:12:49,0,0,normal,0
7507,795,98,3022.78,2026-01-12 20:38:57,0,0,normal,0
2186,236,126,6295.3,2026-01-12 20:41:55,0,0,transaction_burst,1
425,39,699,4578.97,2026-01-12 20:48:29,0,0,normal,0
7636,808,87,2719.25,2026-01-12 21:00:07,0,0,normal,0
7389,785,319,31732.62,2026-01-12 21:18:59,0,0,behavioral_deviation,0
4100,432,251,11216.13,2026-01-12 21:21:25,0,0,transaction_burst,1
5550,591,836,12719.49,2026-01-12 21:29:48,0,1,behavioral_deviation,1
1861,200,572,2823.83,2026-01-12 21:31:02,0,0,normal,0
5539,589,372,708.16,2026-01-12 21:50:29,0,0,normal,0
6500,689,298,6619.27,2026-01-12 21:56:08,1,0,transaction_burst,1
1072,105,744,12859.81,2026-01-12 22:13:55,1,0,transaction_burst,1
2893,308,21,57956.1,2026-01-12 22:24:17,0,1,high_value,0
6372,674,541,39580.42,2026-01-12 22:25:52,1,0,rapid_movement,1
1919,204,430,2948.92,2026-01-12 22:28:54,0,0,normal,0
9169,981,581,10417.06,2026-01-12 22:46:28,1,0,behavioral_deviation,1
5915,629,699,64872.96,2026-01-12 22:54:48,0,0,high_value,0
5457,577,329,8883.6,2026-01-12 22:59:33,0,0,beneficiary_anomaly,0
4661,501,891,32744.53,2026-01-12 23:36:56,1,0,rapid_movement,1
3641,388,791,37735.53,2026-01-12 23:38:14,1,0,behavioral_deviation,1
1569,168,778,5291.5,2026-01-12 23:38:27,0,0,transaction_burst,1
6832,725,396,5323.98,2026-01-12 23:41:21,0,0,normal,0
2544,272,343,2420.75,2026-01-12 23:54:57,0,0,normal,0
1874,201,938,4227.47,2026-01-13 00:09:07,0,0,transaction_burst,1
1538,167,309,2098.86,2026-01-13 00:21:43,1,0,transaction_burst,1
71,7,962,17804.8,2026-01-13 00:57:44,1,1,transaction_burst,1
7207,767,401,2355.25,2026-01-13 00:57:59,0,0,normal,0
871,81,633,48229.6,2026-01-13 01:31:29,1,0,rapid_movement,1
8331,887,142,3958.63,2026-01-13 02:44:49,0,0,normal,0
2538,271,562,1955.05,2026-01-13 02:53:33,0,0,normal,0
7971,845,933,3002.09,2026-01-13 02:54:56,0,0,normal,0
4505,481,160,1502.31,2026-01-13 03:05:58,0,1,normal,0
200,16,49,3357.58,2026-01-13 03:11:05,0,0,normal,0
2262,241,50,13087.4,2026-01-13 03:21:29,1,1,transaction_burst,1
6133,646,353,22399.01,2026-01-13 03:23:53,0,0,beneficiary_anomaly,0
1875,201,787,5998.77,2026-01-13 03:31:04,0,0,transaction_burst,1
4740,508,430,3706.39,2026-01-13 03:38:01,0,0,transaction_burst,1
5698,606,593,10947.42,2026-01-13 04:07:12,0,1,transaction_burst,1
7239,772,200,56479.15,2026-01-13 04:41:52,0,1,high_value,0
1042,103,135,5712.45,2026-01-13 04:44:51,0,0,normal,0
1964,209,50,1736.33,2026-01-13 05:23:00,0,0,normal,0
5888,627,373,9793.27,2026-01-13 05:23:59,1,0,transaction_burst,0
6758,716,136,1042.29,2026-01-13 05:39:49,0,1,normal,0
4705,506,498,17003.76,2026-01-13 06:25:34,0,0,transaction_burst,1
1219,124,587,3917.03,2026-01-13 06:38:34,0,0,normal,0
2390,256,819,19746.24,2026-01-13 06:49:34,1,0,rapid_movement,1
197,16,27,335.4,2026-01-13 06:50:34,0,0,normal,0
4269,448,994,50832.17,2026-01-13 07:22:53,0,0,high_value,0
7113,756,234,3559.41,2026-01-13 07:36:39,0,0,normal,0
7655,812,353,1838.89,2026-01-13 07:37:34,0,0,normal,1
7693,817,503,22586.5,2026-01-13 08:30:35,0,1,beneficiary_anomaly,0
4397,464,21,3590.51,2026-01-13 08:40:13,0,0,normal,0
5338,567,496,11734.94,2026-01-13 08:40:20,0,0,transaction_burst,1
563,50,165,1582.12,2026-01-13 08:53:42,0,0,normal,0
2890,308,607,37237.36,2026-01-13 08:58:23,0,0,high_value,0
6121,644,748,1759.08,2026-01-13 09:38:24,0,0,normal,0
3496,371,594,13286.05,2026-01-13 10:06:57,1,0,transaction_burst,1
4647,500,472,3886.2,2026-01-13 10:23:39,0,0,normal,0
4157,434,864,13542.58,2026-01-13 11:07:01,0,0,transaction_burst,0
4150,434,461,19770.44,2026-01-13 11:09:20,1,0,transaction_burst,0
6655,708,184,11437.32,2026-01-13 11:12:33,0,0,transaction_burst,1
1518,163,959,2006.48,2026-01-13 11:15:42,0,0,normal,0
7048,750,498,8482.94,2026-01-13 11:19:18,0,0,transaction_burst,1
4213,441,829,25399.77,2026-01-13 11:21:58,0,1,beneficiary_anomaly,0
8782,935,671,10093.92,2026-01-13 11:24:49,0,1,transaction_burst,1
321,25,378,17037.41,2026-01-13 11:51:44,0,0,transaction_burst,1
2092,223,439,44775.54,2026-01-13 12:09:02,1,1,rapid_movement,1
7305,779,925,11625.54,2026-01-13 12:15:25,0,1,transaction_burst,0
6813,723,22,4136.67,2026-01-13 12:39:35,0,0,normal,0
969,92,613,52268.9,2026-01-13 12:56:29,0,0,rapid_movement,1
6185,653,444,29866.61,2026-01-13 12:59:30,0,1,rapid_movement,1
7637,809,12,3413.82,2026-01-13 13:32:21,0,0,normal,0
4632,497,703,790.97,2026-01-13 13:51:01,0,0,normal,0
6730,715,442,24995.61,2026-01-13 14:01:06,0,0,transaction_burst,1
7435,788,540,2282.91,2026-01-13 14:18:02,1,0,normal,0
4492,478,908,54472.25,2026-01-13 14:18:59,0,0,high_value,0
2647,286,598,3095.71,2026-01-13 14:43:43,0,0,normal,0
3401,363,104,1904.44,2026-01-13 14:44:06,0,0,normal,0
2117,226,111,19682.96,2026-01-13 15:05:00,0,1,beneficiary_anomaly,0
4470,476,492,1605.15,2026-01-13 15:11:05,0,0,normal,0
3328,357,844,12787.09,2026-01-13 16:05:00,0,0,transaction_burst,1
923,87,751,38466.06,2026-01-13 16:20:23,0,0,rapid_movement,1
568,50,524,4474.37,2026-01-13 17:05:27,0,0,normal,0
1901,202,772,44872.43,2026-01-13 17:12:46,1,0,behavioral_deviation,1
5005,535,387,5768.89,2026-01-13 17:17:30,0,0,normal,0
183,14,960,4833.81,2026-01-13 17:23:44,0,0,transaction_burst,1
1945,207,666,2439.58,2026-01-13 17:27:58,0,0,normal,0
405,36,318,4229.17,2026-01-13 17:33:32,0,0,normal,0
3223,345,62,12266.88,2026-01-13 17:34:17,0,0,transaction_burst,0
2221,238,650,7601.12,2026-01-13 17:41:06,0,0,transaction_burst,1
7025,749,526,7155.91,2026-01-13 17:44:05,0,0,transaction_burst,1
7933,842,567,11841.53,2026-01-13 17:55:48,0,0,transaction_burst,0
4006,426,60,15973.98,2026-01-13 18:36:55,0,1,transaction_burst,0
8312,884,135,3120.34,2026-01-13 19:10:02,0,0,normal,0
5562,592,874,5240.85,2026-01-13 19:14:13,0,1,normal,0
5461,578,350,19341.99,2026-01-13 19:24:34,0,0,high_value,0
7614,806,120,3951.48,2026-01-13 19:30:05,0,0,normal,0
6794,720,385,14881.89,2026-01-13 19:34:40,0,0,behavioral_deviation,0
8322,885,445,4900.49,2026-01-13 19:36:21,0,0,normal,0
4612,495,716,21841.1,2026-01-13 19:36:30,1,0,transaction_burst,1
6488,689,767,11384.06,2026-01-13 19:36:36,0,0,transaction_burst,1
505,45,729,11749.22,2026-01-13 19:40:57,1,0,transaction_burst,1
2841,301,496,7798.46,2026-01-13 19:53:02,1,0,transaction_burst,1
6694,713,196,14727.86,2026-01-13 20:00:28,0,0,transaction_burst,1
6571,702,100,4533.19,2026-01-13 20:03:55,0,0,normal,0
1848,198,699,19069.73,2026-01-13 20:45:12,0,1,beneficiary_anomaly,0
8538,910,757,2414.26,2026-01-13 20:56:59,0,0,normal,0
8274,878,47,3092.29,2026-01-13 21:20:36,0,0,normal,0
6267,663,922,2462.78,2026-01-13 21:37:25,0,0,normal,0
7501,794,87,1889.1,2026-01-13 21:41:02,0,0,normal,0
8764,934,958,8003.18,2026-01-13 22:00:29,1,1,transaction_burst,1
313,25,288,10717.22,2026-01-13 22:13:42,1,1,transaction_burst,1
8146,863,427,5016.48,2026-01-13 22:39:23,0,0,transaction_burst,1
1598,170,380,10212.16,2026-01-13 23:28:42,0,0,behavioral_deviation,0
4698,506,844,15138.33,2026-01-13 23:30:40,0,0,transaction_burst,1
6350,672,71,50536.57,2026-01-13 23:42:49,0,1,high_value,0
51,5,211,1648.65,2026-01-13 23:55:12,0,0,normal,0
2483,265,106,16784.13,2026-01-13 23:57:40,1,0,beneficiary_anomaly,1
1069,105,272,14085.35,2026-01-13 23:59:15,0,1,transaction_burst,1
9035,961,499,339.46,2026-01-14 00:11:53,0,0,normal,0
1502,160,598,17281.84,2026-01-14 00:26:31,0,0,transaction_burst,1
8169,867,765,34235.69,2026-01-14 01:10:44,0,1,beneficiary_anomaly,0
1877,201,528,13653.44,2026-01-14 01:28:20,1,0,transaction_burst,1
1028,101,532,30913.97,2026-01-14 01:34:55,0,0,beneficiary_anomaly,1
7643,809,502,4900.92,2026-01-14 01:58:25,0,0,normal,0
6710,713,184,16214.76,2026-01-14 02:05:46,1,1,transaction_burst,1
9008,959,233,2062.68,2026-01-14 02:08:38,0,0,normal,0
6448,686,28,1034.31,2026-01-14 02:28:40,0,0,normal,0
4939,529,701,15133.7,2026-01-14 02:36:28,0,0,transaction_burst,0
7641,809,379,4493.74,2026-01-14 03:02:01,0,1,normal,0
7498,793,287,1807.97,2026-01-14 03:05:24,0,0,normal,0
1323,139,434,15296.03,2026-01-14 03:23:01,0,0,transaction_burst,1
4987,532,192,29401.65,2026-01-14 03:34:44,0,1,rapid_movement,1
5427,574,548,9865.52,2026-01-14 03:47:32,0,0,transaction_burst,1
7905,840,282,3729.72,2026-01-14 04:13:04,0,0,normal,0
641,56,16,14167.19,2026-01-14 04:28:55,1,1,transaction_burst,1
89,7,365,16168.02,2026-01-14 04:40:58,0,0,transaction_burst,1
2195,236,120,12708.23,2026-01-14 05:49:30,1,0,transaction_burst,1
7725,820,215,6027.62,2026-01-14 05:50:06,0,0,normal,0
4527,484,124,4609.91,2026-01-14 05:59:34,0,0,normal,0
5026,538,501,2512.88,2026-01-14 06:05:58,0,0,normal,0
9026,961,55,3604.19,2026-01-14 06:15:49,0,0,normal,0
6135,647,956,1422.01,2026-01-14 06:58:29,0,0,normal,0
1740,185,661,15087.2,2026-01-14 07:16:57,0,1,transaction_burst,1
8457,900,424,1464.04,2026-01-14 07:17:56,0,0,normal,0
2164,235,532,39113.52,2026-01-14 07:22:14,0,0,behavioral_deviation,0
430,40,923,26286.27,2026-01-14 07:25:58,0,0,rapid_movement,1
6941,737,131,4459.11,2026-01-14 07:46:18,0,0,normal,0
8200,869,717,2514.38,2026-01-14 07:47:41,0,0,normal,0
5241,560,24,4049.13,2026-01-14 07:52:48,0,0,normal,0
4243,445,757,1421.95,2026-01-14 07:55:58,0,0,normal,0
5050,540,126,14809.19,2026-01-14 08:05:03,1,0,transaction_burst,1
4532,485,612,2628.83,2026-01-14 08:06:02,0,0,normal,1
9158,980,316,3997.3,2026-01-14 08:08:45,0,0,normal,0
894,83,863,16366.72,2026-01-14 08:19:06,1,0,transaction_burst,1
1937,206,183,4002.91,2026-01-14 08:30:10,0,0,normal,1
3312,355,523,3577.55,2026-01-14 08:50:32,0,0,normal,0
8120,863,802,14956.02,2026-01-14 08:50:50,0,1,transaction_burst,1
1504,160,548,10386.89,2026-01-14 09:21:38,0,0,transaction_burst,1
3000,322,983,3246.85,2026-01-14 09:26:44,0,0,normal,1
8588,913,341,17008.97,2026-01-14 09:58:21,1,1,beneficiary_anomaly,1
3081,327,767,18432.15,2026-01-14 10:15:27,0,1,transaction_burst,1
8193,868,560,3178.97,2026-01-14 10:18:12,1,0,transaction_burst,1
1649,176,141,2973.73,2026-01-14 10:30:24,0,0,normal,0
2058,219,591,23863.92,2026-01-14 10:36:11,1,1,behavioral_deviation,0
1959,209,855,5757.22,2026-01-14 11:06:52,0,0,normal,0
386,32,914,19016.03,2026-01-14 11:14:39,0,1,behavioral_deviation,0
7798,826,687,6396.84,2026-01-14 11:36:05,1,0,normal,0
3721,397,306,5633.79,2026-01-14 11:44:04,1,1,transaction_burst,1
2781,298,921,13874.66,2026-01-14 12:15:00,0,0,transaction_burst,1
5525,587,678,4296.06,2026-01-14 12:39:29,0,0,normal,1
7999,849,488,2422.32,2026-01-14 13:03:51,0,0,normal,0
950,89,608,4148.54,2026-01-14 13:05:59,0,0,normal,0
8465,900,896,5957.0,2026-01-14 14:00:50,1,0,normal,0
1136,114,14,77469.5,2026-01-14 14:02:04,0,0,high_value,0
8326,886,265,2393.84,2026-01-14 14:37:34,0,0,normal,0
6190,653,756,28643.11,2026-01-14 14:50:43,1,0,rapid_movement,1
6755,716,199,2034.58,2026-01-14 15:09:51,0,0,normal,0
3461,368,497,1465.99,2026-01-14 15:17:22,1,0,rapid_movement,1
3915,417,962,166.08,2026-01-14 15:24:07,0,0,normal,0
8832,939,40,21582.23,2026-01-14 15:50:37,0,0,beneficiary_anomaly,0
4080,430,886,4490.29,2026-01-14 16:03:41,0,0,transaction_burst,0
3439,367,436,21754.02,2026-01-14 16:06:29,1,0,transaction_burst,1
5463,578,164,37748.37,2026-01-14 16:21:14,0,0,high_value,0
5361,571,62,2436.88,2026-01-14 16:30:57,0,0,normal,0
156,12,331,37082.1,2026-01-14 16:32:16,0,1,behavioral_deviation,0
999,98,922,4538.9,2026-01-14 16:32:38,0,0,normal,0
2640,284,4,1857.28,2026-01-14 16:36:02,0,0,normal,0
6829,724,746,63173.46,2026-01-14 16:48:47,0,1,behavioral_deviation,0
1651,176,15,5277.4,2026-01-14 16:49:01,0,0,normal,0
192,15,731,117.74,2026-01-14 16:52:08,0,0,normal,0
5877,625,284,6083.64,2026-01-14 16:56:15,0,0,behavioral_deviation,1
7,1,726,12727.07,2026-01-14 17:16:29,0,0,transaction_burst,1
7864,837,844,10217.17,2026-01-14 17:39:06,0,0,transaction_burst,1
2326,248,185,1421.71,2026-01-14 17:40:56,0,0,normal,0
699,62,519,2629.67,2026-01-14 17:54:23,0,0,normal,0
2153,232,677,1863.33,2026-01-14 18:29:56,0,0,normal,0
4684,504,448,1796.83,2026-01-14 18:39:01,0,0,normal,0
2417,259,759,4554.07,2026-01-14 19:04:13,0,0,normal,0
1487,160,15,194.16,2026-01-14 19:09:14,0,1,transaction_burst,1
3259,346,865,7841.95,2026-01-14 19:25:00,1,0,transaction_burst,1
3538,375,195,3939.97,2026-01-14 19:45:33,0,0,normal,0
2382,255,730,1897.7,2026-01-14 19:54:41,0,0,normal,0
2714,292,170,1591.64,2026-01-14 19:59:22,0,0,normal,0
515,46,342,13062.3,2026-01-14 20:03:08,0,0,transaction_burst,1
1995,213,668,3490.28,2026-01-14 20:20:42,0,0,normal,0
1454,156,70,47105.52,2026-01-14 20:39:29,0,0,rapid_movement,1
6551,699,577,34653.56,2026-01-14 21:29:04,1,0,rapid_movement,1
3895,414,130,27151.16,2026-01-14 21:32:59,0,1,beneficiary_anomaly,0
7815,830,24,3169.43,2026-01-14 21:41:49,0,1,normal,0
2215,238,7,7978.67,2026-01-14 22:03:41,0,0,transaction_burst,1
3209,344,483,66418.22,2026-01-14 22:04:55,0,0,high_value,0
9190,982,455,7270.86,2026-01-14 22:19:23,0,1,transaction_burst,1
4058,429,256,2211.36,2026-01-14 22:29:32,0,0,normal,0
4701,506,458,9337.9,2026-01-14 22:48:57,0,0,transaction_burst,1
984,94,871,1193.45,2026-01-14 22:55:11,0,0,normal,1
9135,974,124,17732.39,2026-01-14 22:59:08,0,1,beneficiary_anomaly,0
1965,209,348,1713.57,2026-01-14 23:00:06,0,0,normal,0
3947,419,78,2533.73,2026-01-14 23:16:54,0,0,normal,0
1705,182,700,21185.05,2026-01-14 23:19:13,0,1,beneficiary_anomaly,1
3814,407,943,1267.52,2026-01-14 23:29:03,0,0,normal,0
794,74,624,5077.59,2026-01-14 23:33:12,0,0,normal,0
5570,593,572,1268.43,2026-01-14 23:48:47,0,0,normal,0
9353,994,746,3402.01,2026-01-15 00:18:07,0,0,normal,0
1623,173,916,4211.56,2026-01-15 00:27:53,0,0,normal,0
5049,540,355,25441.51,2026-01-15 00:47:34,0,0,transaction_burst,1
3396,362,981,4312.43,2026-01-15 00:49:52,0,0,normal,0
1264,132,999,1211.72,2026-01-15 00:51:31,0,0,behavioral_deviation,1
6025,638,16,22398.05,2026-01-15 01:07:49,0,0,rapid_movement,1
7760,824,352,41067.39,2026-01-15 01:24:34,1,0,rapid_movement,1
2139,230,498,2192.64,2026-01-15 01:41:05,0,0,normal,0
721,64,106,14158.27,2026-01-15 01:59:38,0,0,transaction_burst,1
8659,922,828,14359.0,2026-01-15 02:34:43,0,0,transaction_burst,0
1801,194,318,11642.23,2026-01-15 03:07:07,0,0,transaction_burst,1
4513,482,361,5044.79,2026-01-15 03:20:17,0,0,normal,0
1380,147,232,559.19,2026-01-15 03:35:57,0,0,normal,0
382,31,591,42594.42,2026-01-15 04:03:46,0,0,rapid_movement,1
358,29,694,3587.24,2026-01-15 04:59:21,0,0,normal,0
6019,637,534,49263.21,2026-01-15 05:02:50,1,0,rapid_movement,1
64,7,537,17072.9,2026-01-15 05:09:23,0,0,transaction_burst,1
1925,204,657,3039.98,2026-01-15 05:10:26,0,0,normal,0
3695,395,647,5232.18,2026-01-15 05:17:03,0,0,normal,0
3938,418,886,13472.36,2026-01-15 05:19:09,0,0,transaction_burst,1
4418,468,800,23400.88,2026-01-15 05:24:28,0,0,behavioral_deviation,0
7519,796,514,3899.21,2026-01-15 05:41:53,0,0,normal,0
436,41,286,4014.92,2026-01-15 05:48:00,0,0,normal,0
3708,397,363,13646.28,2026-01-15 06:15:15,0,1,transaction_burst,1
9379,999,130,44666.88,2026-01-15 07:21:06,0,1,behavioral_deviation,0
5590,596,734,3236.92,2026-01-15 07:21:22,0,0,normal,0
965,92,225,46584.11,2026-01-15 07:26:58,0,0,rapid_movement,1
3754,402,667,28067.77,2026-01-15 07:30:31,0,1,beneficiary_anomaly,0
119,8,750,13421.73,2026-01-15 07:32:39,0,0,transaction_burst,1
745,68,138,100.0,2026-01-15 07:39:12,0,1,normal,0
844,80,696,8703.44,2026-01-15 07:57:41,0,0,transaction_burst,1
3635,386,341,23659.91,2026-01-15 07:58:59,0,1,behavioral_deviation,0
8430,897,233,6371.43,2026-01-15 08:38:44,1,0,normal,0
127,9,174,4414.15,2026-01-15 08:55:01,0,0,normal,0
9016,960,203,2779.16,2026-01-15 09:09:07,0,0,normal,0
1369,146,703,5594.57,2026-01-15 09:25:43,0,0,normal,0
4502,481,67,3648.18,2026-01-15 09:44:03,0,0,normal,0
4325,455,648,1339.06,2026-01-15 09:45:43,0,0,normal,0
7065,750,328,9067.61,2026-01-15 09:51:48,0,0,transaction_burst,1
129,9,244,3481.27,2026-01-15 09:53:03,0,0,normal,0
6614,707,536,13726.74,2026-01-15 10:09:45,0,1,transaction_burst,1
5438,575,781,19785.66,2026-01-15 10:18:09,0,1,beneficiary_anomaly,1
8418,895,657,741.03,2026-01-15 10:22:32,1,0,transaction_burst,1
997,97,754,795.21,2026-01-15 10:40:51,0,0,normal,0
211,18,415,3847.73,2026-01-15 10:45:29,0,0,normal,0
4047,428,982,5883.45,2026-01-15 10:53:21,0,0,transaction_burst,1
2536,271,341,1051.03,2026-01-15 10:59:52,0,0,normal,0
8278,879,629,17593.88,2026-01-15 11:04:54,0,0,high_value,0
6210,656,157,3163.89,2026-01-15 11:11:34,0,0,normal,0
1076,106,354,19794.94,2026-01-15 11:19:57,0,0,rapid_movement,0
5593,597,105,62074.37,2026-01-15 11:22:41,0,0,rapid_movement,0
6214,656,447,2179.49,2026-01-15 11:23:30,0,0,normal,0
4137,434,375,4768.72,2026-01-15 11:26:00,0,0,transaction_burst,0
466,43,923,40815.72,2026-01-15 11:34:57,1,0,rapid_movement,1
5441,575,378,21757.64,2026-01-15 11:45:55,0,0,beneficiary_anomaly,1
6653,708,780,6893.93,2026-01-15 12:01:55,0,0,transaction_burst,1
5828,621,558,13882.42,2026-01-15 12:12:19,0,1,transaction_burst,1
3892,413,187,4667.78,2026-01-15 12:26:19,0,0,normal,0
4572,491,991,26612.07,2026-01-15 12:34:00,1,0,rapid_movement,1
2373,254,129,1635.66,2026-01-15 12:38:16,0,0,normal,0
2679,290,136,5095.55,2026-01-15 12:40:20,0,0,normal,0
5858,623,156,50347.87,2026-01-15 12:48:35,0,1,behavioral_deviation,0
6744,715,89,11184.46,2026-01-15 13:08:35,1,0,transaction_burst,1
998,98,452,4145.01,2026-01-15 13:09:26,1,0,normal,0
1921,204,478,5146.7,2026-01-15 13:16:09,0,0,normal,0
774,73,245,8886.75,2026-01-15 13:42:06,1,1,beneficiary_anomaly,1
8570,911,564,14975.76,2026-01-15 13:43:53,0,0,transaction_burst,0
389,32,257,43382.0,2026-01-15 13:46:20,0,1,behavioral_deviation,0
1334,140,849,6827.45,2026-01-15 13:51:09,0,0,normal,0
1629,174,134,31291.49,2026-01-15 14:11:19,0,1,behavioral_deviation,1
421,38,808,1111.79,2026-01-15 14:21:52,0,0,normal,0
496,45,230,6923.39,2026-01-15 14:35:06,1,0,transaction_burst,1
9172,981,665,17339.38,2026-01-15 14:45:06,1,1,behavioral_deviation,1
4391,463,388,24739.97,2026-01-15 14:46:25,0,0,behavioral_deviation,1
8144,863,586,16185.6,2026-01-15 14:53:15,0,1,transaction_burst,1
9241,986,75,17807.43,2026-01-15 14:53:50,1,0,beneficiary_anomaly,0
7197,766,648,3550.3,2026-01-15 15:13:59,0,0,normal,0
4212,441,604,14560.96,2026-01-15 16:08:20,0,0,beneficiary_anomaly,0
8644,921,262,3732.15,2026-01-15 16:41:17,0,0,normal,0
7848,835,688,42606.8,2026-01-15 16:41:32,0,0,rapid_movement,1
7749,823,518,2087.31,2026-01-15 17:25:47,0,0,normal,1
6837,725,225,1597.72,2026-01-15 17:35:28,0,0,normal,0
8474,901,299,2266.16,2026-01-15 18:24:43,0,0,normal,0
1829,196,206,2018.93,2026-01-15 18:27:39,0,0,normal,1
3624,385,324,4170.79,2026-01-15 18:31:24,0,0,normal,0
8681,924,76,1898.27,2026-01-15 18:50:06,0,0,normal,0
7487,792,102,5709.45,2026-01-15 18:59:30,0,0,normal,0
3997,426,804,7487.53,2026-01-15 19:00:10,0,1,transaction_burst,0
2967,318,804,35879.35,2026-01-15 19:07:51,0,0,rapid_movement,1
5917,630,345,18078.84,2026-01-15 19:11:21,1,0,transaction_burst,1
4472,476,488,1438.25,2026-01-15 19:37:13,0,0,normal,0
7575,801,711,29788.71,2026-01-15 20:31:13,0,0,rapid_movement,1
7494,793,589,100.0,2026-01-15 20:52:45,0,0,normal,0
5443,575,228,11104.33,2026-01-15 20:57:31,0,1,beneficiary_anomaly,1
7481,792,653,2063.83,2026-01-15 21:44:31,0,0,normal,0
8204,870,823,2449.18,2026-01-15 22:15:45,1,0,normal,0
9118,971,814,3352.92,2026-01-15 22:40:04,0,0,normal,0
2914,311,407,4637.98,2026-01-15 22:55:01,0,0,normal,0
924,87,669,39541.6,2026-01-15 23:06:59,1,0,rapid_movement,1
7469,791,485,2467.78,2026-01-15 23:13:56,0,0,normal,0
2027,215,580,31132.26,2026-01-15 23:19:58,1,0,rapid_movement,1
3186,343,467,10812.82,2026-01-15 23:33:04,1,0,transaction_burst,1
8228,872,225,2211.9,2026-01-15 23:42:19,0,0,normal,0
3500,371,88,16848.14,2026-01-15 23:56:08,0,0,transaction_burst,1
1422,151,323,14393.29,2026-01-16 00:13:08,0,1,transaction_burst,1
6091,642,702,9206.08,2026-01-16 00:31:39,0,0,transaction_burst,0
6786,719,756,40806.04,2026-01-16 00:42:39,1,0,rapid_movement,1
3883,413,409,2514.85,2026-01-16 00:53:31,0,0,normal,0
2343,250,168,2371.54,2026-01-16 01:07:15,0,0,normal,0
8106,862,721,20782.15,2026-01-16 01:26:35,1,0,rapid_movement,1
5667,605,130,44154.94,2026-01-16 01:41:04,1,0,behavioral_deviation,0
6511,690,897,1855.61,2026-01-16 01:53:02,0,0,normal,0
7365,782,647,7100.71,2026-01-16 01:53:36,1,1,beneficiary_anomaly,0
6225,658,901,3389.74,2026-01-16 01:56:02,0,0,normal,0
7583,802,659,2006.68,2026-01-16 02:01:44,0,0,normal,0
3925,418,140,21207.2,2026-01-16 02:03:23,0,0,transaction_burst,1
630,56,615,20812.58,2026-01-16 02:14:06,0,1,transaction_burst,1
7859,837,202,18189.63,2026-01-16 02:23:44,1,1,transaction_burst,1
5336,567,805,14862.95,2026-01-16 02:38:02,0,0,transaction_burst,1
716,64,1,14198.02,2026-01-16 02:58:32,1,0,transaction_burst,1
5027,538,914,5323.91,2026-01-16 03:11:10,0,0,normal,0
6318,668,106,35890.25,2026-01-16 03:14:23,1,1,behavioral_deviation,1
1168,117,62,11781.92,2026-01-16 03:26:46,0,0,transaction_burst,1
2909,311,629,1426.36,2026-01-16 03:34:15,0,0,normal,0
8185,868,242,2061.41,2026-01-16 04:29:25,0,1,transaction_burst,1
3047,325,803,22512.74,2026-01-16 04:35:59,1,0,transaction_burst,1
2227,238,491,10105.36,2026-01-16 04:47:58,1,0,transaction_burst,1
5797,618,894,1938.3,2026-01-16 05:00:22,0,0,normal,0
1330,139,515,100.0,2026-01-16 05:02:15,1,0,transaction_burst,1
3566,379,623,3403.85,2026-01-16 05:03:27,0,0,normal,0
6208,655,396,26198.39,2026-01-16 05:20:12,0,0,beneficiary_anomaly,0
8346,889,209,3564.01,2026-01-16 05:52:14,0,0,normal,0
4063,429,443,3977.34,2026-01-16 06:12:02,0,0,normal,0
2365,253,632,1283.39,2026-01-16 06:13:49,0,0,normal,0
1686,181,795,23849.84,2026-01-16 06:30:25,0,0,beneficiary_anomaly,0
7054,750,808,14950.5,2026-01-16 06:32:45,1,0,transaction_burst,1
520,46,351,10980.75,2026-01-16 06:40:53,1,0,transaction_burst,1
7008,746,247,3180.58,2026-01-16 06:42:54,0,0,normal,0
8071,858,191,24505.43,2026-01-16 06:47:01,0,0,beneficiary_anomaly,0
9029,961,932,3214.1,2026-01-16 07:23:46,0,0,normal,0
2639,284,579,3696.32,2026-01-16 07:24:19,0,0,normal,0
8859,942,275,9327.36,2026-01-16 07:27:09,0,1,transaction_burst,1
399,34,391,3170.7,2026-01-16 07:32:22,0,0,normal,0
7086,752,781,4155.33,2026-01-16 07:40:16,0,0,normal,0
8666,922,905,16538.1,2026-01-16 07:55:14,0,0,transaction_burst,0
2424,260,723,24433.35,2026-01-16 08:21:36,0,0,high_value,0
2886,307,367,2015.82,2026-01-16 08:41:34,0,0,normal,0
4587,493,352,5040.8,2026-01-16 08:49:42,0,0,rapid_movement,1
605,53,295,14639.54,2026-01-16 08:52:02,0,0,transaction_burst,1
2505,267,849,5875.39,2026-01-16 09:13:42,0,0,normal,0
4586,493,139,32519.18,2026-01-16 09:28:18,1,0,rapid_movement,1
6425,682,176,3187.52,2026-01-16 09:39:35,0,0,normal,0
4196,440,711,48742.11,2026-01-16 09:41:29,0,1,high_value,0
329,25,395,16277.98,2026-01-16 10:05:02,0,0,transaction_burst,1
604,53,650,3793.48,2026-01-16 10:29:46,1,0,transaction_burst,1
6165,651,395,4092.66,2026-01-16 10:30:37,0,0,normal,0
6465,688,814,21783.9,2026-01-16 10:49:08,0,0,behavioral_deviation,1
7810,829,348,36186.64,2026-01-16 11:14:03,0,0,beneficiary_anomaly,0
346,27,783,771.69,2026-01-16 11:22:19,0,0,normal,0
1551,167,575,4573.65,2026-01-16 11:31:43,0,0,transaction_burst,1
5369,572,9,10455.9,2026-01-16 11:57:26,1,0,transaction_burst,1
1384,147,392,3833.09,2026-01-16 11:58:52,0,0,normal,0
8809,936,215,3630.33,2026-01-16 12:02:34,0,0,normal,0
1688,181,966,28250.32,2026-01-16 12:14:54,0,1,beneficiary_anomaly,0
4868,520,981,7091.03,2026-01-16 12:29:36,0,0,transaction_burst,1
2950,316,447,4225.1,2026-01-16 12:42:47,0,0,normal,0
1736,185,175,16482.74,2026-01-16 13:31:40,0,0,transaction_burst,1
782,73,616,9208.6,2026-01-16 13:34:19,0,0,beneficiary_anomaly,1
3663,391,631,76630.21,2026-01-16 13:39:43,0,0,high_value,0
3773,403,669,3659.07,2026-01-16 13:47:45,0,0,transaction_burst,0
8373,892,377,59271.25,2026-01-16 13:58:39,0,0,behavioral_deviation,0
5942,630,984,12294.9,2026-01-16 14:01:12,0,0,transaction_burst,1
651,56,300,13909.75,2026-01-16 14:08:34,0,0,transaction_burst,1
814,76,5,2973.23,2026-01-16 14:28:55,0,0,normal,0
7217,768,890,2279.17,2026-01-16 14:32:11,0,0,normal,0
882,83,571,3464.4,2026-01-16 14:51:04,1,0,transaction_burst,1
9019,960,788,2986.17,2026-01-16 15:31:19,0,0,normal,0
4992,532,83,30216.41,2026-01-16 15:57:38,1,0,rapid_movement,1
8023,853,468,19787.57,2026-01-16 16:12:40,0,1,beneficiary_anomaly,0
8450,899,499,2342.36,2026-01-16 16:15:50,0,0,normal,1
8365,891,193,2775.41,2026-01-16 16:55:43,0,0,normal,0
3038,325,312,12654.02,2026-01-16 17:03:39,0,0,transaction_burst,1
5619,601,939,2795.48,2026-01-16 17:13:06,0,0,normal,0
2041,217,810,2264.22,2026-01-16 17:18:32,0,0,normal,0
7544,798,862,2202.08,2026-01-16 17:24:54,0,0,normal,0
636,56,977,8345.38,2026-01-16 17:52:41,0,0,transaction_burst,1
4089,431,246,28192.02,2026-01-16 18:11:45,0,0,behavioral_deviation,0
5777,616,246,48688.18,2026-01-16 18:20:26,1,0,rapid_movement,1
8470,901,333,4558.29,2026-01-16 18:43:12,0,0,normal,0
9163,980,766,4121.94,2026-01-16 18:52:07,0,0,normal,0
8075,859,850,3790.5,2026-01-16 18:59:16,0,0,normal,0
8843,941,98,4572.44,2026-01-16 19:23:34,0,0,normal,0
5674,605,920,54824.95,2026-01-16 19:58:43,0,1,behavioral_deviation,0
3469,370,318,19356.86,2026-01-16 20:18:37,0,1,beneficiary_anomaly,0
8150,865,21,3068.75,2026-01-16 20:32:49,0,0,normal,0
8171,867,452,26725.88,2026-01-16 20:40:26,0,0,beneficiary_anomaly,0
8972,957,670,5943.84,2026-01-16 21:03:18,0,0,transaction_burst,1
3804,406,984,14581.16,2026-01-16 21:04:38,0,1,beneficiary_anomaly,0
4882,521,478,24900.64,2026-01-16 21:08:23,0,1,beneficiary_anomaly,0
4321,455,461,1931.82,2026-01-16 21:14:02,0,0,normal,0
7833,834,27,28157.74,2026-01-16 21:30:02,1,0,rapid_movement,1
7052,750,662,18971.75,2026-01-16 21:43:24,0,1,transaction_burst,1
4217,442,549,4072.53,2026-01-16 21:45:28,0,0,normal,0
4453,473,596,4479.55,2026-01-16 21:46:50,0,0,normal,0
5608,599,57,3065.71,2026-01-16 22:01:25,0,0,behavioral_deviation,0
1725,185,838,15478.86,2026-01-16 22:12:59,0,0,transaction_burst,1
48,5,611,2266.38,2026-01-16 22:18:14,0,0,normal,0
3910,416,337,4746.24,2026-01-16 22:45:32,0,0,normal,0
9112,971,511,6752.49,2026-01-16 22:54:10,0,1,normal,0
2354,252,334,19073.36,2026-01-16 22:56:51,1,1,beneficiary_anomaly,1
1503,160,193,14995.92,2026-01-16 23:26:11,1,0,transaction_burst,1
1198,120,788,43105.77,2026-01-16 23:30:00,0,0,high_value,0
2008,214,16,100.0,2026-01-16 23:31:48,0,0,transaction_burst,1
6916,735,805,5784.47,2026-01-16 23:53:07,0,0,normal,0
7446,789,653,25235.33,2026-01-17 00:09:25,0,0,transaction_burst,0
7847,835,691,21140.37,2026-01-17 00:35:11,0,0,rapid_movement,1
8857,942,895,13128.03,2026-01-17 00:36:27,0,0,transaction_burst,1
3071,327,602,13600.98,2026-01-17 01:01:48,0,0,transaction_burst,1
2842,301,138,6944.65,2026-01-17 01:03:24,0,0,transaction_burst,1
8401,895,452,11289.78,2026-01-17 01:18:12,0,0,transaction_burst,1
5272,563,148,9400.8,2026-01-17 01:19:23,0,0,transaction_burst,1
8147,864,714,64839.63,2026-01-17 01:25:16,0,0,high_value,0
4552,488,892,2362.58,2026-01-17 01:48:37,0,1,normal,0
5547,590,618,100.0,2026-01-17 02:26:40,0,0,normal,0
1677,179,244,39615.74,2026-01-17 02:35:00,0,0,beneficiary_anomaly,1
2775,297,30,42493.37,2026-01-17 02:35:59,1,1,behavioral_deviation,1
2321,247,50,58279.12,2026-01-17 02:47:30,0,0,high_value,0
7741,822,246,55553.92,2026-01-17 03:22:45,0,0,high_value,0
4666,502,305,26638.68,2026-01-17 03:28:20,0,0,beneficiary_anomaly,0
8931,952,1000,6115.36,2026-01-17 03:33:15,0,1,normal,1
3150,337,761,5324.48,2026-01-17 03:38:22,0,0,normal,0
8231,872,414,937.78,2026-01-17 04:23:11,0,0,normal,0
247,21,308,10918.16,2026-01-17 04:43:37,0,0,transaction_burst,1
3890,413,809,4693.59,2026-01-17 04:57:24,0,0,normal,0
8960,955,675,2583.72,2026-01-17 04:58:25,1,1,behavioral_deviation,1
3094,330,231,100.0,2026-01-17 05:00:18,0,0,normal,0
6217,657,815,30510.17,2026-01-17 05:09:24,0,1,beneficiary_anomaly,0
6107,643,48,2476.55,2026-01-17 05:40:00,0,0,normal,0
9018,960,396,4125.97,2026-01-17 06:11:34,0,0,normal,0
8690,925,272,2434.3,2026-01-17 06:17:56,0,0,normal,0
1778,190,500,2983.8,2026-01-17 06:50:35,0,0,normal,0
676,59,30,4567.6,2026-01-17 06:52:34,0,0,normal,0
7650,811,672,875.43,2026-01-17 06:58:50,0,0,normal,0
5990,632,490,15658.87,2026-01-17 07:09:43,0,0,transaction_burst,1
5948,631,396,9840.06,2026-01-17 07:52:45,0,1,beneficiary_anomaly,0
1244,128,179,4576.84,2026-01-17 08:08:38,0,0,normal,1
3173,341,263,1778.03,2026-01-17 08:10:17,0,0,normal,0
8581,912,661,8601.84,2026-01-17 08:14:17,0,1,beneficiary_anomaly,0
457,42,564,9975.42,2026-01-17 08:25:56,1,0,transaction_burst,1
1063,105,674,985.81,2026-01-17 08:58:41,0,0,transaction_burst,1
8464,900,593,3997.0,2026-01-17 09:12:46,0,0,normal,0
1876,201,869,6288.45,2026-01-17 09:30:13,1,0,transaction_burst,1
8788,935,961,6438.56,2026-01-17 09:34:06,0,1,transaction_burst,1
8275,878,139,2677.91,2026-01-17 10:01:42,0,0,normal,0
4123,433,636,35537.16,2026-01-17 10:17:59,1,0,rapid_movement,1
6826,724,610,24726.53,2026-01-17 10:36:18,0,0,behavioral_deviation,0
8050,856,576,3742.23,2026-01-17 11:00:13,0,0,normal,0
3866,411,375,52937.4,2026-01-17 11:43:17,1,0,rapid_movement,1
6771,718,426,1022.56,2026-01-17 12:10:53,0,0,normal,0
6610,707,611,14635.19,2026-01-17 12:30:29,1,0,transaction_burst,1
6683,712,634,37258.9,2026-01-17 12:47:16,1,0,rapid_movement,0
7493,793,31,1915.47,2026-01-17 12:59:53,0,0,normal,0
7500,794,477,2543.65,2026-01-17 13:14:59,0,0,normal,0
1914,203,351,2661.75,2026-01-17 13:34:57,0,0,normal,1
2896,309,558,3629.27,2026-01-17 13:39:02,0,0,normal,0
3360,358,366,16331.78,2026-01-17 14:39:21,1,1,transaction_burst,0
6529,694,868,1231.74,2026-01-17 14:40:34,0,1,normal,0
9160,980,940,5197.35,2026-01-17 15:00:47,0,0,normal,0
3800,405,6,43819.85,2026-01-17 15:18:48,0,0,behavioral_deviation,0
5114,544,996,46764.7,2026-01-17 15:20:31,1,0,behavioral_deviation,0
8964,956,757,22849.96,2026-01-17 15:25:18,0,0,beneficiary_anomaly,0
1343,141,578,1406.84,2026-01-17 17:02:12,0,0,normal,0
3692,395,818,3265.62,2026-01-17 17:27:41,0,0,normal,0
6878,730,517,1810.48,2026-01-17 17:36:48,0,0,normal,0
5984,632,182,7182.21,2026-01-17 17:47:02,0,0,transaction_burst,1
8244,874,710,2509.91,2026-01-17 18:27:58,1,0,normal,0
5101,543,570,18173.15,2026-01-17 18:40:58,1,0,transaction_burst,1
7174,763,277,1104.14,2026-01-17 18:41:15,0,0,normal,0
1915,203,721,2494.68,2026-01-17 19:16:04,0,0,normal,1
6724,714,282,22846.74,2026-01-17 19:34:56,0,1,beneficiary_anomaly,0
6914,735,339,2552.99,2026-01-17 20:03:39,0,0,normal,0
2192,236,216,11996.82,2026-01-17 20:15:20,1,0,transaction_burst,1
906,84,115,1886.3,2026-01-17 20:34:27,0,0,normal,0
4002,426,338,7979.63,2026-01-17 20:40:44,0,0,transaction_burst,0
7727,820,550,3818.88,2026-01-17 21:13:16,0,0,normal,0
5432,574,806,10279.49,2026-01-17 21:31:14,1,0,transaction_burst,1
4185,439,28,42880.06,2026-01-17 21:41:49,0,1,rapid_movement,1
5146,548,943,3381.82,2026-01-17 21:42:35,0,0,normal,0
5333,567,486,9221.94,2026-01-17 21:55:00,0,1,transaction_burst,1
1868,201,824,12419.13,2026-01-17 21:58:43,1,0,transaction_burst,1
6481,689,386,4988.75,2026-01-17 22:02:19,0,0,transaction_burst,1
2945,315,878,2747.92,2026-01-17 22:44:45,0,0,normal,0
2133,228,408,67605.29,2026-01-17 22:48:53,0,0,high_value,1
7876,837,399,24018.83,2026-01-17 23:02:32,0,0,transaction_burst,1
2971,318,277,29677.84,2026-01-17 23:02:42,0,0,rapid_movement,1
4215,441,699,24436.78,2026-01-17 23:12:37,0,1,beneficiary_anomaly,0
6663,708,992,10180.36,2026-01-17 23:53:48,1,0,transaction_burst,1
3953,420,255,9477.05,2026-01-18 00:16:00,0,1,beneficiary_anomaly,1
1469,158,105,30798.36,2026-01-18 00:16:27,0,1,rapid_movement,1
4918,527,998,16166.09,2026-01-18 00:47:49,0,1,behavioral_deviation,1
441,41,160,948.09,2026-01-18 01:01:53,0,0,normal,0
3195,343,506,8359.82,2026-01-18 01:37:03,0,0,transaction_burst,1
8142,863,991,15374.52,2026-01-18 02:01:49,0,0,transaction_burst,1
6521,692,580,26043.56,2026-01-18 02:04:37,0,0,beneficiary_anomaly,0
3065,327,128,14725.68,2026-01-18 02:13:26,1,0,transaction_burst,1
5568,593,784,5706.45,2026-01-18 02:28:13,0,0,normal,0
786,74,8,1836.89,2026-01-18 02:38:32,0,0,normal,0
5379,572,94,10956.63,2026-01-18 02:40:58,1,0,transaction_burst,1
7597,803,84,14192.42,2026-01-18 02:44:45,0,1,beneficiary_anomaly,0
6856,728,204,2677.3,2026-01-18 02:45:01,0,0,normal,0
1122,112,125,4229.11,2026-01-18 02:57:54,0,0,normal,0
3540,375,676,2838.72,2026-01-18 03:03:55,0,0,normal,0
5958,632,82,5888.66,2026-01-18 03:08:36,0,0,transaction_burst,1
7324,779,364,15882.95,2026-01-18 03:09:41,0,0,transaction_burst,0
8671,922,167,4759.32,2026-01-18 03:33:25,1,0,transaction_burst,0
3723,397,567,7235.13,2026-01-18 03:38:16,0,0,transaction_burst,1
1285,134,575,745.59,2026-01-18 04:20:34,0,0,normal,0
8569,911,891,8299.73,2026-01-18 04:22:39,0,0,transaction_burst,0
4915,526,395,3598.59,2026-01-18 04:36:30,0,0,normal,0
5451,577,198,11736.32,2026-01-18 04:49:12,0,0,beneficiary_anomaly,0
2440,262,521,13263.77,2026-01-18 05:04:08,0,0,transaction_burst,0
856,80,563,11370.14,2026-01-18 05:06:23,0,0,transaction_burst,1
104,8,895,11023.21,2026-01-18 05:23:26,1,0,transaction_burst,1
6381,675,45,55177.58,2026-01-18 05:35:08,0,0,high_value,0
3127,333,651,15231.36,2026-01-18 05:54:40,0,0,rapid_movement,1
416,37,130,2323.24,2026-01-18 06:04:23,0,0,normal,0
4998,533,192,3038.9,2026-01-18 06:08:09,0,0,normal,0
4138,434,291,14476.52,2026-01-18 06:17:58,0,0,transaction_burst,0
2085,222,735,239.38,2026-01-18 06:27:19,0,0,normal,0
2275,242,199,100.0,2026-01-18 06:39:52,0,0,transaction_burst,1
6660,708,857,100.0,2026-01-18 06:48:02,1,0,transaction_burst,1
7412,787,720,20778.69,2026-01-18 06:55:33,0,0,transaction_burst,1
9162,980,137,3700.42,2026-01-18 07:05:50,0,0,normal,0
2035,216,943,20390.28,2026-01-18 07:13:44,1,0,rapid_movement,0
8557,911,287,13486.06,2026-01-18 07:21:58,1,1,transaction_burst,0
779,73,555,18692.09,2026-01-18 07:59:14,0,1,beneficiary_anomaly,1
8460,900,468,1131.59,2026-01-18 08:34:19,0,0,normal,0
5035,539,420,4236.32,2026-01-18 08:51:40,0,0,normal,0
2739,295,596,8426.94,2026-01-18 09:15:47,0,0,transaction_burst,1
8649,922,434,17815.47,2026-01-18 09:17:12,0,0,transaction_burst,0
9304,991,263,60645.4,2026-01-18 09:17:44,0,0,high_value,0
7872,837,920,17008.14,2026-01-18 09:24:06,0,0,transaction_burst,1
1511,162,568,7518.27,2026-01-18 09:26:46,0,1,beneficiary_anomaly,0
22,2,621,2120.12,2026-01-18 09:37:33,0,0,normal,0
830,78,156,32815.05,2026-01-18 09:37:38,1,1,rapid_movement,1
570,51,520,4281.36,2026-01-18 09:41:50,0,0,normal,0
73,7,416,14471.83,2026-01-18 09:43:11,1,0,transaction_burst,1
2421,259,561,2675.1,2026-01-18 09:53:44,0,0,normal,0
3561,378,21,3062.2,2026-01-18 10:18:05,0,0,normal,0
8492,903,775,1710.43,2026-01-18 10:32:26,0,0,normal,1
7332,779,707,11809.29,2026-01-18 10:46:34,0,0,transaction_burst,0
780,73,7,8499.79,2026-01-18 10:53:44,0,1,beneficiary_anomaly,1
2088,222,749,3780.95,2026-01-18 10:59:33,0,0,normal,0
4129,433,172,45801.96,2026-01-18 11:17:48,1,0,rapid_movement,1
5733,611,478,65269.83,2026-01-18 11:30:17,0,0,high_value,0
5959,632,846,7692.99,2026-01-18 11:51:17,0,0,transaction_burst,1
5014,536,379,3230.73,2026-01-18 12:00:56,0,1,normal,0
4443,471,827,4653.74,2026-01-18 12:05:45,0,0,normal,0
9033,961,768,4263.39,2026-01-18 12:23:33,0,0,normal,0
9341,993,257,11560.18,2026-01-18 12:28:44,0,0,transaction_burst,0
2755,295,140,9333.41,2026-01-18 12:35:17,0,1,transaction_burst,1
9154,978,239,2420.98,2026-01-18 13:03:49,0,0,normal,0
6580,703,146,3086.92,2026-01-18 13:08:27,0,0,normal,0
7208,767,647,1692.47,2026-01-18 13:11:33,0,0,normal,0
8229,872,432,2663.69,2026-01-18 13:14:12,0,0,normal,0
6772,718,154,2502.48,2026-01-18 13:22:54,0,0,normal,0
7837,834,634,32166.54,2026-01-18 13:50:12,0,0,rapid_movement,1
4504,481,231,100.0,2026-01-18 14:18:10,0,0,normal,0
4353,459,548,7719.8,2026-01-18 14:19:37,0,1,transaction_burst,1
5865,624,463,2953.94,2026-01-18 14:25:14,0,0,normal,0
6932,736,553,25705.15,2026-01-18 14:32:55,0,0,rapid_movement,1
8727,931,671,1384.14,2026-01-18 15:03:31,0,1,normal,0
5157,549,642,19575.92,2026-01-18 15:03:58,0,0,transaction_burst,1
8211,871,854,28812.13,2026-01-18 15:05:26,0,0,rapid_movement,1
2260,241,643,14745.15,2026-01-18 15:14:07,0,0,transaction_burst,1
8642,921,455,2244.87,2026-01-18 15:21:38,0,0,normal,0
8483,902,617,3656.18,2026-01-18 15:49:58,0,0,normal,0
8621,917,300,1793.56,2026-01-18 15:50:04,0,0,normal,0
7370,783,483,2626.96,2026-01-18 15:50:46,0,0,normal,0
7752,824,612,32051.58,2026-01-18 16:20:47,0,0,rapid_movement,1
8008,850,10,33432.33,2026-01-18 16:23:47,0,0,behavioral_deviation,0
8920,951,318,1777.05,2026-01-18 16:31:03,0,0,normal,0
6395,677,337,21659.26,2026-01-18 16:32:27,0,1,beneficiary_anomaly,0
3422,365,932,14150.94,2026-01-18 16:38:27,0,0,rapid_movement,1
2888,307,230,4869.55,2026-01-18 16:43:46,0,0,normal,0
2055,218,333,1621.38,2026-01-18 17:07:12,0,0,normal,0
3669,392,90,1716.18,2026-01-18 17:26:34,0,0,normal,0
4747,508,70,18271.65,2026-01-18 17:28:04,0,1,transaction_burst,1
5625,602,577,8548.71,2026-01-18 17:38:50,0,0,transaction_burst,1
3277,348,604,2976.39,2026-01-18 17:39:29,0,0,normal,0
128,9,862,2739.24,2026-01-18 17:47:07,0,0,normal,0
704,63,982,55839.58,2026-01-18 17:52:29,0,0,high_value,0
1786,191,389,15942.09,2026-01-18 18:13:31,0,1,behavioral_deviation,0
9296,990,185,14595.54,2026-01-18 18:44:58,0,1,transaction_burst,1
2811,299,772,16488.15,2026-01-18 18:51:40,1,1,transaction_burst,1
4293,451,198,1599.62,2026-01-18 18:58:45,0,0,normal,0
7438,788,731,4446.59,2026-01-18 19:00:19,0,0,normal,0
1484,159,271,45980.94,2026-01-18 19:32:04,1,0,rapid_movement,1
2868,305,635,15657.45,2026-01-18 19:38:29,0,0,beneficiary_anomaly,0
2901,309,879,1898.49,2026-01-18 19:46:01,0,0,normal,0
4910,526,812,4802.73,2026-01-18 19:48:34,0,0,normal,0
7422,787,327,13352.46,2026-01-18 20:34:50,0,1,transaction_burst,1
2068,219,468,43170.73,2026-01-18 20:35:16,0,0,behavioral_deviation,0
8345,889,344,2847.65,2026-01-18 20:37:02,0,0,normal,0
4730,508,109,7700.04,2026-01-18 20:41:23,0,0,transaction_burst,1
1236,128,10,2540.98,2026-01-18 21:06:50,0,0,normal,1
2377,255,136,3922.88,2026-01-18 21:14:11,0,0,normal,0
5528,587,390,3831.05,2026-01-18 21:20:52,0,0,normal,1
9293,990,752,10254.86,2026-01-18 21:22:17,1,1,transaction_burst,1
3076,327,875,18097.16,2026-01-18 21:22:39,0,1,transaction_burst,1
5970,632,66,14618.96,2026-01-18 21:49:36,1,0,transaction_burst,1
8683,924,476,1705.04,2026-01-18 21:50:54,0,0,normal,0
6199,655,133,21808.57,2026-01-18 21:53:51,0,0,beneficiary_anomaly,0
3026,325,453,4445.41,2026-01-18 21:54:48,0,0,transaction_burst,1
2622,282,709,2635.29,2026-01-18 22:22:36,0,0,normal,0
4255,446,367,37889.3,2026-01-18 22:35:31,0,0,rapid_movement,1
4183,438,297,883.52,2026-01-18 22:47:04,0,0,normal,0
285,23,192,100.0,2026-01-18 22:58:02,0,0,behavioral_deviation,1
3766,403,528,3274.96,2026-01-18 23:08:30,1,0,transaction_burst,0
2349,251,869,21988.95,2026-01-18 23:12:46,0,0,rapid_movement,1
257,21,588,7164.04,2026-01-18 23:19:46,0,0,transaction_burst,1
222,19,340,6509.25,2026-01-18 23:31:30,1,1,transaction_burst,1
7548,799,935,46499.05,2026-01-18 23:36:29,0,0,rapid_movement,0
7842,835,616,38251.4,2026-01-18 23:46:49,0,1,rapid_movement,1
4743,508,656,22738.86,2026-01-18 23:56:10,0,0,transaction_burst,1
5219,556,483,3419.68,2026-01-19 00:00:11,0,0,normal,0
8817,937,454,19948.43,2026-01-19 00:34:29,0,0,behavioral_deviation,0
632,56,450,17847.95,2026-01-19 01:35:03,0,1,transaction_burst,1
4400,464,856,3959.41,2026-01-19 01:40:47,0,0,normal,0
8330,886,680,4945.47,2026-01-19 02:05:53,0,0,normal,0
8979,957,274,13112.0,2026-01-19 02:09:24,0,0,transaction_burst,1
1235,127,530,4648.15,2026-01-19 02:18:59,0,0,normal,0
6922,736,659,37002.46,2026-01-19 02:42:19,0,0,rapid_movement,1
4298,452,113,16778.01,2026-01-19 02:49:11,0,1,beneficiary_anomaly,0
1046,104,342,14864.2,2026-01-19 02:50:02,0,0,behavioral_deviation,1
8609,915,81,32173.9,2026-01-19 03:22:11,0,0,behavioral_deviation,0
5000,533,320,928.92,2026-01-19 03:31:13,0,0,normal,0
1335,140,715,3401.43,2026-01-19 03:36:02,0,0,normal,0
3676,393,837,34879.69,2026-01-19 03:41:42,0,0,high_value,1
9324,992,304,12696.94,2026-01-19 03:59:33,1,0,transaction_burst,1
977,93,49,4243.07,2026-01-19 04:10:18,0,1,normal,0
4296,452,96,18485.77,2026-01-19 04:10:34,0,1,beneficiary_anomaly,0
8261,876,356,11784.23,2026-01-19 04:55:52,1,1,beneficiary_anomaly,1
1022,101,969,1323.15,2026-01-19 05:03:33,0,0,beneficiary_anomaly,1
6312,667,20,10213.13,2026-01-19 05:38:06,0,0,transaction_burst,1
1068,105,450,18881.11,2026-01-19 05:47:25,1,0,transaction_burst,1
3899,415,139,195.33,2026-01-19 06:09:10,0,1,normal,0
4496,480,375,2170.1,2026-01-19 06:19:38,0,0,normal,0
6277,664,589,4666.48,2026-01-19 06:38:00,0,0,normal,0
8349,889,612,4000.07,2026-01-19 06:54:18,0,0,normal,0
951,89,496,3781.08,2026-01-19 07:28:38,0,0,normal,0
6968,741,851,3318.16,2026-01-19 07:41:30,0,0,normal,0
1461,156,636,33934.72,2026-01-19 07:42:50,1,0,rapid_movement,1
1115,111,279,1377.45,2026-01-19 08:31:04,0,0,normal,1
9058,964,622,3647.54,2026-01-19 08:45:03,0,0,normal,0
5611,600,164,54748.46,2026-01-19 08:52:11,0,0,high_value,0
4200,441,406,22988.09,2026-01-19 08:59:58,0,1,beneficiary_anomaly,0
7073,750,776,11364.08,2026-01-19 09:01:38,0,0,transaction_burst,1
2119,226,657,17458.96,2026-01-19 09:21:58,0,0,beneficiary_anomaly,0
6960,740,806,1933.38,2026-01-19 09:31:31,0,0,normal,0
6740,715,652,21447.72,2026-01-19 09:39:18,1,0,transaction_burst,1
2783,298,597,10733.52,2026-01-19 09:45:52,1,0,transaction_burst,1
4440,471,843,2591.45,2026-01-19 09:51:39,0,0,normal,0
2216,238,906,6248.21,2026-01-19 09:55:11,0,0,transaction_burst,1
9256,988,206,3425.39,2026-01-19 10:01:15,0,0,normal,0
2636,284,138,100.0,2026-01-19 10:10:09,0,0,normal,0
4807,513,753,2336.86,2026-01-19 10:15:42,0,0,normal,0
7258,774,642,14126.51,2026-01-19 10:49:14,0,1,transaction_burst,1
315,25,855,15253.17,2026-01-19 10:49:34,0,0,transaction_burst,1
2744,295,510,11211.64,2026-01-19 11:15:21,0,0,transaction_burst,1
8173,868,528,21496.81,2026-01-19 11:56:02,0,0,transaction_burst,1
7056,750,3,236.79,2026-01-19 12:17:30,1,0,transaction_burst,1
7700,817,110,25443.56,2026-01-19 12:23:02,0,1,beneficiary_anomaly,0
1447,154,636,42926.32,2026-01-19 12:35:23,0,0,high_value,0
1187,118,30,52331.0,2026-01-19 13:24:12,0,0,rapid_movement,0
897,83,575,15420.21,2026-01-19 13:38:52,0,0,transaction_burst,1
1781,190,924,1653.44,2026-01-19 13:45:05,0,0,normal,0
7369,783,642,3432.36,2026-01-19 14:02:55,0,0,normal,0
5031,538,48,2918.51,2026-01-19 14:04:46,0,0,normal,0
3266,346,449,20980.09,2026-01-19 14:16:48,0,0,transaction_burst,1
2039,217,508,4463.51,2026-01-19 14:23:12,0,0,normal,0
8944,954,652,3807.99,2026-01-19 14:33:27,0,0,normal,0
3670,392,425,4005.63,2026-01-19 14:44:55,0,0,normal,0
7413,787,30,5078.16,2026-01-19 15:04:35,0,0,transaction_burst,1
2681,291,495,10635.05,2026-01-19 15:11:08,1,0,transaction_burst,1
3885,413,358,2839.99,2026-01-19 15:19:39,0,0,normal,0
5110,544,232,20441.64,2026-01-19 15:21:08,0,0,behavioral_deviation,0
4580,492,270,47084.24,2026-01-19 15:26:37,0,0,high_value,1
2675,289,844,642.5,2026-01-19 15:29:55,0,0,normal,0
1557,167,43,5431.77,2026-01-19 15:35:22,0,0,transaction_burst,1
874,82,999,2700.69,2026-01-19 15:48:45,1,0,normal,0
8425,895,607,12612.88,2026-01-19 15:50:19,0,0,transaction_burst,1
4437,470,566,2939.33,2026-01-19 16:07:38,0,0,normal,0
8999,957,165,13315.11,2026-01-19 16:11:37,0,1,transaction_burst,1
5184,550,157,475.54,2026-01-19 16:22:35,0,0,normal,0
3349,358,170,15760.01,2026-01-19 16:55:14,1,0,transaction_burst,0
4303,452,538,13068.07,2026-01-19 17:03:10,1,1,beneficiary_anomaly,0
2292,242,62,10505.49,2026-01-19 17:04:39,0,0,transaction_burst,1
5691,606,609,100.0,2026-01-19 18:02:13,1,0,transaction_burst,1
5252,561,944,2151.26,2026-01-19 18:05:32,0,0,normal,0
4794,512,188,11898.8,2026-01-19 18:30:32,1,0,transaction_burst,1
9245,986,538,20519.21,2026-01-19 18:31:01,0,0,beneficiary_anomaly,0
2665,288,962,1845.7,2026-01-19 18:52:07,0,0,normal,0
5459,577,386,1721.45,2026-01-19 19:43:17,0,1,beneficiary_anomaly,0
8900,948,238,11055.14,2026-01-19 19:49:00,0,1,beneficiary_anomaly,0
5960,632,374,3832.44,2026-01-19 20:13:16,1,1,transaction_burst,1
2203,236,190,7406.02,2026-01-19 20:30:16,0,1,transaction_burst,1
9308,992,150,7283.99,2026-01-19 20:37:01,0,0,transaction_burst,1
3536,375,338,4119.41,2026-01-19 20:41:25,0,0,normal,0
7770,825,114,13515.3,2026-01-19 20:55:36,0,0,transaction_burst,1
3423,365,121,48564.55,2026-01-19 20:57:28,0,0,rapid_movement,1
8526,908,516,4839.46,2026-01-19 21:09:38,0,0,normal,0
8913,949,595,21466.78,2026-01-19 21:09:54,0,1,beneficiary_anomaly,0
1605,171,99,5518.87,2026-01-19 21:19:27,0,0,normal,0
1585,168,606,10881.8,2026-01-19 21:36:00,0,1,transaction_burst,1
1616,172,773,2244.45,2026-01-19 22:26:32,0,0,normal,1
6170,652,197,24958.39,2026-01-19 22:31:10,0,1,beneficiary_anomaly,0
5813,620,949,3778.22,2026-01-19 22:36:17,0,0,normal,0
8318,884,557,6109.52,2026-01-19 22:50:06,0,1,normal,0
5232,558,678,963.85,2026-01-19 22:58:24,0,0,normal,0
7936,842,322,11713.31,2026-01-19 23:09:13,0,0,transaction_burst,0
8795,935,338,10074.59,2026-01-19 23:11:47,0,0,transaction_burst,1
579,51,668,3626.06,2026-01-19 23:44:16,0,0,normal,0
486,45,3,100.0,2026-01-19 23:49:26,0,1,transaction_burst,1
1541,167,441,14345.12,2026-01-19 23:52:41,0,0,transaction_burst,1
1800,194,648,10720.32,2026-01-19 23:59:52,0,1,transaction_burst,1
7911,840,496,100.0,2026-01-20 00:33:43,0,0,normal,0
1891,201,209,16073.98,2026-01-20 00:47:51,0,0,transaction_burst,1
6595,704,658,10979.43,2026-01-20 00:50:14,0,0,beneficiary_anomaly,0
1166,117,126,12727.35,2026-01-20 00:57:17,0,1,transaction_burst,1
8056,857,966,32314.02,2026-01-20 00:59:10,1,0,rapid_movement,1
1978,211,327,29915.32,2026-01-20 01:07:10,0,0,rapid_movement,1
4714,506,904,8401.03,2026-01-20 01:16:19,0,0,transaction_burst,1
553,49,311,42588.51,2026-01-20 01:28:41,1,0,rapid_movement,1
2670,289,513,3717.97,2026-01-20 01:29:29,0,0,normal,0
8489,903,954,100.0,2026-01-20 01:34:45,0,0,normal,1
6707,713,960,3923.97,2026-01-20 02:27:20,0,0,transaction_burst,1
1129,113,832,2627.62,2026-01-20 02:41:46,0,0,normal,0
8988,957,494,10158.7,2026-01-20 02:43:41,1,0,transaction_burst,1
3409,364,641,2631.47,2026-01-20 03:02:33,0,0,normal,0
6947,738,52,1324.76,2026-01-20 03:29:00,0,0,normal,0
7817,830,257,1586.38,2026-01-20 03:34:59,1,0,normal,0
4271,448,561,50127.86,2026-01-20 03:42:00,0,0,high_value,0
3196,343,975,265.05,2026-01-20 03:52:58,1,0,transaction_burst,1
3138,335,628,6755.89,2026-01-20 03:53:00,0,0,normal,0
8667,922,376,11358.5,2026-01-20 04:08:47,1,0,transaction_burst,0
7157,761,121,41237.61,2026-01-20 04:23:24,0,1,rapid_movement,1
6734,715,570,14606.56,2026-01-20 04:25:45,0,1,transaction_burst,1
718,64,845,15388.26,2026-01-20 04:49:10,1,1,transaction_burst,1
7007,746,187,2387.29,2026-01-20 05:00:00,0,0,normal,0
4663,501,221,30736.81,2026-01-20 05:05:03,0,0,rapid_movement,1
3856,410,628,100.0,2026-01-20 05:28:44,0,0,behavioral_deviation,1
4765,510,916,142.18,2026-01-20 05:48:27,0,0,normal,0
5524,587,814,3150.82,2026-01-20 05:58:05,1,0,normal,1
2166,235,900,2458.81,2026-01-20 06:14:56,1,1,behavioral_deviation,0
4732,508,727,9737.69,2026-01-20 06:19:49,0,0,transaction_burst,1
2366,253,433,4921.16,2026-01-20 06:21:27,0,0,normal,0
2580,277,97,3406.16,2026-01-20 06:30:10,0,0,normal,0
9066,965,427,22642.74,2026-01-20 07:07:17,0,1,behavioral_deviation,1
4241,444,62,2667.06,2026-01-20 07:12:31,0,1,normal,0
5063,540,100,14703.46,2026-01-20 07:13:16,0,1,transaction_burst,1
372,30,530,35086.48,2026-01-20 07:55:51,1,1,rapid_movement,1
1220,125,315,3250.73,2026-01-20 08:36:58,0,0,normal,0
1400,149,110,3681.45,2026-01-20 08:52:26,0,0,normal,0
6249,662,412,21034.6,2026-01-20 08:54:41,0,1,beneficiary_anomaly,0
5954,631,918,15931.11,2026-01-20 09:09:34,1,0,beneficiary_anomaly,0
8910,949,980,11596.78,2026-01-20 09:28:43,0,0,beneficiary_anomaly,0
6907,734,836,3761.68,2026-01-20 09:35:02,0,0,normal,0
1506,160,597,15813.22,2026-01-20 09:37:53,0,1,transaction_burst,1
5854,623,300,564.22,2026-01-20 10:07:59,0,1,behavioral_deviation,0
7023,748,966,1756.68,2026-01-20 10:37:05,0,0,normal,0
1587,168,491,14712.13,2026-01-20 11:16:25,0,1,transaction_burst,1
3475,370,997,18506.53,2026-01-20 11:29:38,0,1,beneficiary_anomaly,0
5843,621,329,14583.16,2026-01-20 11:44:15,0,0,transaction_burst,1
5739,612,354,16066.46,2026-01-20 12:28:40,1,0,rapid_movement,1
1367,145,521,4014.34,2026-01-20 12:29:36,0,0,normal,0
58,6,259,9950.97,2026-01-20 12:46:42,0,0,behavioral_deviation,1
5514,585,909,4895.6,2026-01-20 12:51:12,0,0,beneficiary_anomaly,0
3326,357,828,18075.27,2026-01-20 12:57:27,0,1,transaction_burst,1
6929,736,429,32111.87,2026-01-20 13:28:04,0,0,rapid_movement,1
8336,888,101,549.18,2026-01-20 13:31:57,0,0,normal,0
1401,149,924,3715.62,2026-01-20 13:35:47,0,0,normal,0
5199,552,904,2909.14,2026-01-20 14:25:53,0,0,normal,0
1363,144,929,38999.08,2026-01-20 14:36:39,0,0,high_value,0
4012,426,237,14004.73,2026-01-20 14:40:08,0,1,transaction_burst,0
5770,615,360,3378.2,2026-01-20 14:42:35,0,0,normal,0
3253,346,593,10077.77,2026-01-20 14:59:49,1,0,transaction_burst,1
4755,509,494,5715.91,2026-01-20 15:08:45,0,0,normal,0
8021,852,244,3173.82,2026-01-20 15:16:57,0,0,normal,0
6820,723,102,2617.39,2026-01-20 15:35:29,0,0,normal,0
1398,149,802,1968.29,2026-01-20 15:42:18,0,0,normal,0
9089,967,589,16351.44,2026-01-20 16:09:02,0,0,behavioral_deviation,1
1680,179,904,1271.34,2026-01-20 16:13:33,1,1,beneficiary_anomaly,1
1310,138,840,2186.41,2026-01-20 16:23:39,0,0,normal,0
1327,139,74,8408.65,2026-01-20 16:37:42,1,1,transaction_burst,1
6625,707,964,4655.6,2026-01-20 16:45:37,0,0,transaction_burst,1
5553,591,526,4804.05,2026-01-20 17:06:46,0,1,behavioral_deviation,1
4376,462,231,3107.62,2026-01-20 17:14:16,0,0,normal,0
5501,584,957,3000.37,2026-01-20 18:05:19,0,0,normal,0
5798,618,742,3556.61,2026-01-20 18:05:50,0,0,normal,0
9213,983,695,26104.62,2026-01-20 18:10:38,1,0,rapid_movement,1
8377,892,219,30069.47,2026-01-20 18:25:31,1,0,behavioral_deviation,0
8138,863,613,9536.79,2026-01-20 18:33:50,1,0,transaction_burst,1
2407,257,201,13717.42,2026-01-20 18:48:33,1,0,transaction_burst,1
2028,215,424,56233.07,2026-01-20 18:51:20,0,0,rapid_movement,1
4509,482,480,1453.39,2026-01-20 19:02:55,0,0,normal,0
4359,459,336,13777.8,2026-01-20 19:08:20,0,1,transaction_burst,1
6940,737,98,2508.9,2026-01-20 19:11:42,0,0,normal,0
854,80,698,14922.97,2026-01-20 19:23:12,1,0,transaction_burst,1
9350,994,308,1061.25,2026-01-20 19:38:46,0,0,normal,0
4313,453,82,35319.97,2026-01-20 19:39:28,0,1,rapid_movement,1
2564,275,170,14272.23,2026-01-20 19:51:44,1,0,rapid_movement,1
8934,953,586,2377.97,2026-01-20 20:16:06,0,0,normal,0
5126,546,881,4520.66,2026-01-20 20:32:25,0,1,normal,0
7140,760,751,4999.64,2026-01-20 20:43:39,0,0,normal,0
8135,863,451,2569.7,2026-01-20 20:45:24,0,0,transaction_burst,1
4205,441,10,18585.75,2026-01-20 21:45:44,0,1,beneficiary_anomaly,0
2821,299,653,20776.53,2026-01-20 21:56:17,0,0,transaction_burst,1
712,64,900,1567.11,2026-01-20 22:07:00,0,0,transaction_burst,1
8980,957,978,9414.41,2026-01-20 22:10:43,1,0,transaction_burst,1
5787,617,729,39534.03,2026-01-20 22:15:15,0,0,rapid_movement,1
3741,400,2,3029.47,2026-01-20 22:28:11,0,0,normal,0
3199,343,927,4074.74,2026-01-20 22:32:38,0,0,transaction_burst,1
7941,842,707,18539.54,2026-01-20 22:45:34,0,0,transaction_burst,0
8494,904,807,364.49,2026-01-20 22:47:26,0,0,normal,0
1663,178,501,20234.85,2026-01-20 23:28:10,1,0,behavioral_deviation,1
7601,804,652,62335.24,2026-01-20 23:35:34,0,0,high_value,0
7088,752,153,2563.22,2026-01-20 23:50:42,0,0,normal,0
300,24,228,12377.96,2026-01-21 00:30:11,0,1,beneficiary_anomaly,1
927,87,294,33713.47,2026-01-21 00:52:59,0,1,rapid_movement,1
808,75,564,1834.87,2026-01-21 00:55:23,0,0,normal,0
4538,486,800,2928.84,2026-01-21 01:07:15,0,0,normal,0
1809,194,532,10521.76,2026-01-21 01:07:38,0,0,transaction_burst,1
3472,370,204,100.0,2026-01-21 01:10:18,0,0,beneficiary_anomaly,0
2614,281,164,1763.9,2026-01-21 01:18:37,0,0,normal,1
1962,209,271,4009.76,2026-01-21 01:18:49,0,0,normal,0
3373,358,236,2962.2,2026-01-21 01:38:40,0,1,transaction_burst,0
4725,507,599,2278.99,2026-01-21 01:42:11,0,0,normal,0
4064,430,65,18770.68,2026-01-21 01:52:46,0,0,transaction_burst,0
5645,602,519,14238.43,2026-01-21 02:07:50,1,0,transaction_burst,1
8094,861,246,37889.46,2026-01-21 02:17:29,1,1,rapid_movement,1
943,88,887,229.51,2026-01-21 02:18:48,0,0,normal,1
4192,439,451,26182.39,2026-01-21 02:29:31,0,0,rapid_movement,1
2370,253,677,4220.06,2026-01-21 02:52:00,0,0,normal,0
3510,372,245,3336.67,2026-01-21 02:54:12,0,0,normal,0
8698,926,974,1070.26,2026-01-21 03:01:58,0,0,normal,0
6429,683,709,1025.66,2026-01-21 03:14:57,0,0,normal,0
121,8,630,7653.94,2026-01-21 04:41:04,0,0,transaction_burst,1
223,19,600,12950.69,2026-01-21 04:51:02,0,0,transaction_burst,1
7094,753,937,4591.47,2026-01-21 04:52:10,0,0,normal,0
8776,935,601,25827.63,2026-01-21 05:05:53,0,0,transaction_burst,1
5979,632,897,4307.68,2026-01-21 05:06:09,0,0,transaction_burst,1
1838,197,898,15917.24,2026-01-21 06:02:04,0,0,high_value,0
5431,574,337,5393.92,2026-01-21 06:04:55,0,0,transaction_burst,1
7916,841,667,1599.53,2026-01-21 06:29:35,0,0,normal,1
7060,750,17,100.0,2026-01-21 06:35:06,0,1,transaction_burst,1
6387,676,859,2744.37,2026-01-21 06:49:15,0,0,normal,0
1775,189,588,41611.79,2026-01-21 06:59:43,0,0,rapid_movement,1
1430,152,800,9950.07,2026-01-21 07:03:12,0,0,beneficiary_anomaly,0
8592,914,209,15853.47,2026-01-21 07:41:13,0,0,behavioral_deviation,1
8822,938,915,1185.23,2026-01-21 07:42:52,0,0,normal,0
4015,427,432,2282.49,2026-01-21 07:47:23,0,0,normal,1
1644,175,855,4112.38,2026-01-21 08:09:05,0,0,normal,0
4888,522,259,572.42,2026-01-21 08:22:51,0,0,normal,0
5643,602,759,3228.99,2026-01-21 08:24:16,0,1,transaction_burst,1
474,44,530,1624.43,2026-01-21 08:28:03,0,0,normal,0
2940,314,644,3517.86,2026-01-21 08:49:57,0,0,normal,0
1746,186,164,27499.95,2026-01-21 09:03:16,1,0,rapid_movement,1
3342,357,714,1709.0,2026-01-21 09:10:17,0,0,transaction_burst,1
1215,124,125,2365.02,2026-01-21 09:17:01,0,0,normal,0
8911,949,572,19331.29,2026-01-21 09:21:06,0,1,beneficiary_anomaly,0
6253,662,29,18626.6,2026-01-21 09:28:59,0,0,beneficiary_anomaly,0
6469,688,158,100.0,2026-01-21 09:36:08,0,1,behavioral_deviation,1
6697,713,883,14373.57,2026-01-21 09:47:54,0,0,transaction_burst,1
8949,954,608,1461.15,2026-01-21 10:16:04,0,0,normal,0
6765,716,697,2343.0,2026-01-21 10:32:34,0,0,normal,0
5112,544,742,40164.45,2026-01-21 10:35:37,0,1,behavioral_deviation,0
148,11,711,3212.13,2026-01-21 10:37:17,0,0,normal,0
4761,509,320,3149.71,2026-01-21 11:00:40,0,0,normal,0
8248,874,952,100.0,2026-01-21 11:09:07,0,0,normal,0
5008,535,688,3598.17,2026-01-21 11:22:18,0,0,normal,0
5166,549,323,8032.22,2026-01-21 11:22:53,0,0,transaction_burst,1
7312,779,804,14855.29,2026-01-21 11:38:15,0,0,transaction_burst,0
6143,648,547,3242.68,2026-01-21 11:49:06,0,0,normal,0
4306,452,445,7156.68,2026-01-21 11:53:28,0,1,beneficiary_anomaly,0
4573,491,794,29273.57,2026-01-21 12:04:45,0,0,rapid_movement,1
5968,632,582,12313.36,2026-01-21 12:11:21,0,0,transaction_burst,1
5286,563,413,709.21,2026-01-21 12:11:46,0,0,transaction_burst,1
1052,104,470,7794.11,2026-01-21 12:14:19,0,1,behavioral_deviation,1
8007,850,939,30400.55,2026-01-21 12:31:44,0,0,behavioral_deviation,0
738,66,444,23601.37,2026-01-21 12:36:53,0,0,high_value,1
1149,115,525,2247.92,2026-01-21 12:54:29,0,0,normal,0
3493,371,646,9916.06,2026-01-21 13:00:00,0,0,transaction_burst,1
1471,158,700,46815.7,2026-01-21 13:11:17,0,0,rapid_movement,1
6100,642,147,1567.27,2026-01-21 13:15:44,0,0,transaction_burst,0
8995,957,954,18602.26,2026-01-21 13:26:47,0,1,transaction_burst,1
5073,541,620,46772.23,2026-01-21 13:26:50,0,1,behavioral_deviation,0
7110,755,538,25405.05,2026-01-21 13:30:56,0,1,rapid_movement,1
799,75,676,3879.87,2026-01-21 13:31:05,0,0,normal,0
7966,845,552,398.6,2026-01-21 13:34:04,0,0,normal,0
7044,749,88,9974.42,2026-01-21 13:56:44,1,1,transaction_burst,1
8269,878,471,3274.87,2026-01-21 14:08:11,0,1,normal,0
4825,515,545,2233.53,2026-01-21 14:30:46,0,0,normal,0
8360,890,444,28930.38,2026-01-21 14:50:04,0,0,rapid_movement,1
6131,646,109,9074.42,2026-01-21 15:01:03,0,0,beneficiary_anomaly,0
5144,548,355,1137.77,2026-01-21 15:29:40,0,0,normal,0
1427,151,22,11725.43,2026-01-21 15:40:40,0,0,transaction_burst,1
384,32,285,30500.44,2026-01-21 15:56:04,0,0,behavioral_deviation,0
4931,528,801,15883.48,2026-01-21 16:12:31,0,0,behavioral_deviation,0
170,14,264,9227.24,2026-01-21 16:22:23,0,0,transaction_burst,1
2836,301,666,8790.22,2026-01-21 16:28:53,0,0,transaction_burst,1
1359,143,763,20287.11,2026-01-21 16:46:49,0,0,behavioral_deviation,1
1643,175,961,600.1,2026-01-21 17:06:53,0,0,normal,0
1254,129,384,3834.36,2026-01-21 17:10:27,0,0,normal,0
2015,214,527,13354.54,2026-01-21 17:21:59,0,1,transaction_burst,1
8481,902,941,1314.99,2026-01-21 17:29:04,0,0,normal,0
6978,742,127,2368.54,2026-01-21 17:43:37,0,0,normal,0
1478,158,481,32662.88,2026-01-21 17:51:32,1,0,rapid_movement,1
5660,604,353,39575.55,2026-01-21 18:00:15,0,0,rapid_movement,1
5663,604,378,27958.36,2026-01-21 18:02:18,0,0,rapid_movement,1
7982,847,567,2378.82,2026-01-21 18:24:22,0,0,normal,0
8382,892,941,15305.06,2026-01-21 18:30:56,0,0,behavioral_deviation,0
3262,346,372,12368.11,2026-01-21 18:41:43,0,0,transaction_burst,1
4423,468,106,19165.21,2026-01-21 18:41:52,1,0,behavioral_deviation,0
9217,983,28,19897.87,2026-01-21 18:46:29,0,0,rapid_movement,1
340,26,973,1413.92,2026-01-21 19:13:36,0,0,normal,0
5736,612,26,12850.4,2026-01-21 19:15:02,1,0,rapid_movement,1
2456,262,841,16360.39,2026-01-21 19:20:54,0,0,transaction_burst,0
7344,780,424,21358.35,2026-01-21 19:21:03,0,1,beneficiary_anomaly,1
2873,305,488,13882.3,2026-01-21 19:55:09,1,1,beneficiary_anomaly,0
1776,190,984,2465.44,2026-01-21 19:57:05,0,0,normal,0
3250,346,1,15036.35,2026-01-21 20:00:50,0,0,transaction_burst,1
2515,269,857,2838.09,2026-01-21 20:06:09,0,0,normal,0
8595,914,351,68328.59,2026-01-21 20:37:09,0,0,behavioral_deviation,1
5278,563,410,5314.46,2026-01-21 20:40:05,0,0,transaction_burst,1
1564,167,866,17725.34,2026-01-21 20:54:17,0,0,transaction_burst,1
1700,182,502,41190.4,2026-01-21 21:22:14,0,1,beneficiary_anomaly,1
2165,235,784,8954.52,2026-01-21 21:31:30,0,1,behavioral_deviation,0
8847,942,165,20281.89,2026-01-21 21:55:08,0,0,transaction_burst,1
1939,206,517,5371.57,2026-01-21 22:19:03,0,0,normal,1
5757,614,457,63579.21,2026-01-21 22:21:56,0,0,behavioral_deviation,0
6317,667,73,805.92,2026-01-21 22:35:52,1,0,transaction_burst,1
4169,436,893,2287.52,2026-01-21 23:17:04,0,0,normal,0
7323,779,865,10328.27,2026-01-21 23:37:57,1,0,transaction_burst,0
6549,698,290,44941.72,2026-01-21 23:41:51,0,0,high_value,0
355,28,83,5591.13,2026-01-21 23:43:21,0,0,normal,0
921,86,975,1417.74,2026-01-21 23:55:19,0,0,normal,0
8442,898,248,4743.72,2026-01-22 00:19:36,0,0,normal,0
6229,660,902,4447.23,2026-01-22 00:25:15,0,0,normal,0
7386,785,135,24855.65,2026-01-22 00:26:19,0,0,behavioral_deviation,0
3952,419,178,2273.96,2026-01-22 00:30:51,0,0,normal,0
4854,520,205,17211.18,2026-01-22 00:45:39,0,0,transaction_burst,1
7540,798,615,257.24,2026-01-22 01:02:22,0,0,normal,0
6584,704,815,16426.61,2026-01-22 01:15:34,0,0,beneficiary_anomaly,0
8922,951,867,1237.49,2026-01-22 01:54:24,0,0,normal,0
4225,443,846,31744.21,2026-01-22 01:58:36,0,0,rapid_movement,1
598,53,718,7440.79,2026-01-22 01:59:29,0,0,transaction_burst,1
5894,627,912,12322.85,2026-01-22 02:01:35,0,0,transaction_burst,0
8851,942,463,19566.54,2026-01-22 02:30:43,0,0,transaction_burst,1
276,22,49,3126.99,2026-01-22 02:43:28,0,1,normal,0
6360,673,216,17122.84,2026-01-22 02:53:41,0,1,behavioral_deviation,0
6344,671,972,2099.1,2026-01-22 04:01:19,0,0,normal,0
4195,439,890,49151.03,2026-01-22 04:05:28,0,0,rapid_movement,1
8251,875,200,31413.51,2026-01-22 04:26:35,1,0,rapid_movement,1
2721,293,522,11472.56,2026-01-22 05:20:06,0,0,beneficiary_anomaly,1
8590,913,117,23937.36,2026-01-22 05:24:42,1,1,beneficiary_anomaly,1
1609,171,354,3350.5,2026-01-22 05:45:11,0,0,normal,0
4516,483,747,72634.82,2026-01-22 05:47:10,0,1,high_value,0
7421,787,78,14621.37,2026-01-22 05:58:44,0,0,transaction_burst,1
3408,364,140,4281.23,2026-01-22 05:58:50,0,0,normal,0
6796,721,469,1977.66,2026-01-22 06:53:04,0,0,normal,0
6409,680,89,2619.32,2026-01-22 07:32:00,0,0,normal,0
3351,358,525,11821.42,2026-01-22 07:35:20,0,0,transaction_burst,0
1201,121,783,57786.06,2026-01-22 07:39:46,0,0,high_value,1
686,61,777,26695.82,2026-01-22 07:51:23,1,0,rapid_movement,1
4891,523,518,4587.57,2026-01-22 08:15:21,0,0,normal,0
966,92,622,37503.7,2026-01-22 08:21:39,1,1,rapid_movement,1
7604,804,915,54910.59,2026-01-22 08:22:00,0,0,high_value,0
3550,377,39,63951.7,2026-01-22 08:29:56,0,1,behavioral_deviation,0
5401,573,838,381.32,2026-01-22 08:37:42,0,0,normal,0
4160,434,853,16619.69,2026-01-22 09:00:26,0,0,transaction_burst,0
2297,243,919,1864.63,2026-01-22 09:15:18,0,0,normal,0
9386,1000,217,3988.36,2026-01-22 09:20:42,0,0,normal,0
7751,824,602,30899.43,2026-01-22 09:35:07,0,0,rapid_movement,1
5512,585,549,12661.37,2026-01-22 09:40:40,0,1,beneficiary_anomaly,0
2650,286,471,4327.4,2026-01-22 09:49:50,0,0,normal,0
2977,319,929,4663.11,2026-01-22 10:00:10,0,0,normal,0
4083,430,689,16419.44,2026-01-22 10:07:13,0,1,transaction_burst,0
8446,898,117,2701.48,2026-01-22 10:13:14,0,0,normal,0
6572,702,615,2840.21,2026-01-22 10:28:50,0,0,normal,0
9355,994,831,3237.44,2026-01-22 10:43:58,0,0,normal,0
9047,963,449,830.74,2026-01-22 11:27:00,0,0,normal,0
4385,463,140,18468.71,2026-01-22 11:53:14,0,0,behavioral_deviation,1
2504,267,864,4532.53,2026-01-22 12:07:14,0,0,normal,0
1770,189,786,45389.69,2026-01-22 13:30:12,1,1,rapid_movement,1
1893,201,768,3203.51,2026-01-22 13:31:06,0,0,transaction_burst,1
1488,160,959,12190.38,2026-01-22 13:42:19,0,0,transaction_burst,1
4000,426,18,4517.3,2026-01-22 14:00:42,1,0,transaction_burst,0
6812,723,955,1071.58,2026-01-22 14:06:09,0,0,normal,0
5509,585,358,10292.71,2026-01-22 14:33:14,0,1,beneficiary_anomaly,0
7712,819,240,56195.71,2026-01-22 14:35:32,0,0,high_value,0
4420,468,316,14899.63,2026-01-22 14:39:24,0,0,behavioral_deviation,0
1489,160,427,13790.46,2026-01-22 14:47:07,0,0,transaction_burst,1
1842,198,608,14390.1,2026-01-22 14:49:12,0,0,beneficiary_anomaly,0
5054,540,588,25250.41,2026-01-22 15:03:22,0,0,transaction_burst,1
899,83,35,6148.58,2026-01-22 15:12:23,0,0,transaction_burst,1
1843,198,442,19296.1,2026-01-22 15:13:34,0,0,beneficiary_anomaly,0
3211,345,883,572.29,2026-01-22 15:22:37,0,0,transaction_burst,0
3001,322,610,4098.11,2026-01-22 16:12:13,0,0,normal,1
7792,826,780,2527.22,2026-01-22 16:23:57,0,0,normal,0
4885,521,514,18144.2,2026-01-22 16:26:38,0,0,beneficiary_anomaly,0
1603,170,781,42354.37,2026-01-22 16:27:56,0,0,behavioral_deviation,0
7747,823,452,2167.28,2026-01-22 16:32:47,0,0,normal,1
4935,529,347,2579.52,2026-01-22 17:06:08,1,0,transaction_burst,0
6139,648,74,4214.07,2026-01-22 17:12:39,0,0,normal,0
4673,503,136,20011.62,2026-01-22 17:16:46,0,1,beneficiary_anomaly,0
4188,439,200,25405.84,2026-01-22 17:19:10,0,0,rapid_movement,1
1991,213,630,3098.51,2026-01-22 17:59:15,0,0,normal,0
4460,474,849,3704.32,2026-01-22 18:02:58,0,0,normal,0
1312,138,614,2091.54,2026-01-22 18:03:32,0,0,normal,0
109,8,110,5099.49,2026-01-22 18:46:23,0,0,transaction_burst,1
2069,220,73,2530.13,2026-01-22 18:49:35,0,0,normal,0
2479,265,106,12548.62,2026-01-22 19:13:07,1,1,beneficiary_anomaly,1
4309,453,267,22956.63,2026-01-22 19:14:11,1,0,rapid_movement,1
8127,863,317,11243.41,2026-01-22 19:59:19,0,0,transaction_burst,1
4522,484,592,2972.38,2026-01-22 20:06:26,0,0,normal,0
499,45,648,20526.46,2026-01-22 20:26:49,0,0,transaction_burst,1
7057,750,837,27590.3,2026-01-22 20:39:16,0,0,transaction_burst,1
1514,162,444,6892.93,2026-01-22 20:50:57,0,1,beneficiary_anomaly,0
1512,162,176,15616.19,2026-01-22 20:54:40,0,0,beneficiary_anomaly,0
4608,495,837,6214.03,2026-01-22 20:59:22,1,0,transaction_burst,1
4467,475,108,2810.61,2026-01-22 21:02:47,0,0,normal,0
664,57,979,2299.82,2026-01-22 21:24:12,0,0,normal,0
1584,168,779,19399.32,2026-01-22 21:33:54,1,0,transaction_burst,1
417,37,693,1992.23,2026-01-22 21:37:35,0,0,normal,0
8108,862,471,31192.32,2026-01-22 22:02:15,1,0,rapid_movement,1
3704,396,800,6778.85,2026-01-22 22:06:05,0,1,normal,0
4616,495,435,8426.06,2026-01-22 22:20:36,1,0,transaction_burst,1
5502,584,418,4530.56,2026-01-22 23:14:50,0,0,normal,0
7709,818,151,321.32,2026-01-22 23:18:47,0,0,normal,0
5193,551,193,1755.23,2026-01-22 23:22:33,0,0,normal,0
6918,735,478,2123.35,2026-01-22 23:35:54,0,0,normal,0
173,14,920,6743.34,2026-01-22 23:39:17,0,0,transaction_burst,1
1674,179,737,21232.45,2026-01-23 00:29:54,0,1,beneficiary_anomaly,1
2249,241,770,14638.45,2026-01-23 00:40:41,0,1,transaction_burst,1
8458,900,119,3498.5,2026-01-23 00:57:50,0,1,normal,0
7264,774,408,8218.35,2026-01-23 01:04:44,1,0,transaction_burst,1
1065,105,889,6087.73,2026-01-23 01:07:10,0,1,transaction_burst,1
6816,723,960,2758.4,2026-01-23 01:24:40,0,0,normal,0
3702,396,907,4142.25,2026-01-23 01:24:59,0,0,normal,0
7784,825,407,8301.86,2026-01-23 01:25:28,0,0,transaction_burst,1
7547,799,764,22946.71,2026-01-23 01:38:47,0,0,rapid_movement,0
1951,208,219,11664.91,2026-01-23 02:21:03,0,0,rapid_movement,1
4338,457,121,16491.97,2026-01-23 02:44:49,0,1,behavioral_deviation,1
7996,848,514,16559.25,2026-01-23 02:50:59,1,0,rapid_movement,1
7121,757,171,3007.26,2026-01-23 02:52:07,0,0,normal,0
6523,692,349,14536.92,2026-01-23 03:02:49,0,0,beneficiary_anomaly,0
6307,667,567,11813.25,2026-01-23 03:07:30,1,0,transaction_burst,1
5347,568,163,3728.12,2026-01-23 03:20:49,0,0,normal,0
5214,555,965,2870.4,2026-01-23 03:22:40,0,0,normal,0
4563,490,922,55982.82,2026-01-23 03:52:02,1,0,high_value,0
2980,320,115,100.0,2026-01-23 05:02:07,0,0,behavioral_deviation,0
8612,916,733,41268.29,2026-01-23 05:05:12,0,1,behavioral_deviation,1
361,30,523,26671.48,2026-01-23 05:16:47,1,0,rapid_movement,1
1372,146,34,3209.75,2026-01-23 05:22:10,0,0,normal,0
1924,204,873,2427.69,2026-01-23 05:31:01,0,0,normal,0
4815,514,165,2178.86,2026-01-23 05:32:17,0,0,normal,1
4654,501,34,44902.21,2026-01-23 05:32:18,1,0,rapid_movement,1
5016,536,586,3640.29,2026-01-23 05:32:26,0,0,normal,0
3847,408,312,7909.53,2026-01-23 05:49:17,0,1,transaction_burst,1
7163,762,83,3847.9,2026-01-23 06:35:08,0,0,normal,0
8579,912,578,18004.27,2026-01-23 06:36:46,0,1,beneficiary_anomaly,0
6964,740,731,3725.32,2026-01-23 07:10:58,0,0,normal,0
6171,652,217,15806.81,2026-01-23 07:15:25,1,1,beneficiary_anomaly,0
6712,713,885,3243.39,2026-01-23 07:16:05,0,1,transaction_burst,1
9049,963,945,100.0,2026-01-23 07:18:15,0,0,normal,0
396,34,890,3340.74,2026-01-23 07:37:08,0,0,normal,0
3777,403,602,7416.38,2026-01-23 07:37:35,0,0,transaction_burst,0
5573,593,311,1560.74,2026-01-23 08:04:41,0,0,normal,0
9038,962,530,2315.79,2026-01-23 08:14:34,0,0,normal,0
7968,845,278,5567.59,2026-01-23 08:27:35,0,0,normal,0
4413,467,696,41480.87,2026-01-23 08:33:11,0,1,high_value,0
512,46,657,4058.47,2026-01-23 08:33:54,0,0,transaction_burst,1
8176,868,852,16911.5,2026-01-23 08:44:24,0,0,transaction_burst,1
9045,962,801,4777.71,2026-01-23 09:29:23,0,0,normal,0
3759,402,895,19686.83,2026-01-23 09:46:34,1,1,beneficiary_anomaly,0
3142,335,736,4409.57,2026-01-23 09:49:12,0,0,normal,0
3157,339,6,4747.63,2026-01-23 09:49:57,0,0,normal,0
6698,713,863,13073.07,2026-01-23 10:06:36,0,0,transaction_burst,1
6038,639,997,5436.38,2026-01-23 10:12:37,0,0,transaction_burst,0
4494,479,602,20477.64,2026-01-23 10:29:28,0,1,high_value,1
6339,670,843,1264.68,2026-01-23 10:33:07,0,0,normal,0
5255,562,602,2368.72,2026-01-23 10:33:25,0,0,normal,0
4682,503,383,11888.21,2026-01-23 11:00:42,0,0,beneficiary_anomaly,0
4270,448,401,51864.16,2026-01-23 11:17:43,0,0,high_value,0
3317,356,372,1376.37,2026-01-23 11:28:20,0,0,normal,0
2852,302,247,3108.89,2026-01-23 11:42:45,0,0,normal,0
3190,343,365,11106.17,2026-01-23 11:58:23,1,1,transaction_burst,1
9034,961,841,746.72,2026-01-23 12:06:30,0,0,normal,0
1153,116,154,9955.58,2026-01-23 12:26:49,0,1,beneficiary_anomaly,0
9259,988,970,2981.81,2026-01-23 12:30:56,0,0,normal,0
7290,777,723,49100.61,2026-01-23 12:31:50,0,0,high_value,0
1630,174,934,22950.33,2026-01-23 12:37:45,0,0,behavioral_deviation,1
6083,642,890,149.32,2026-01-23 12:48:38,0,0,transaction_burst,0
2423,260,111,46417.27,2026-01-23 12:53:39,0,1,high_value,0
2188,236,216,15560.74,2026-01-23 12:54:30,1,0,transaction_burst,1
2953,316,92,100.0,2026-01-23 12:54:54,0,0,normal,0
915,86,243,3740.58,2026-01-23 13:05:43,0,0,normal,0
6882,731,390,100.0,2026-01-23 13:33:09,0,1,normal,0
8682,924,493,2788.82,2026-01-23 13:34:36,0,0,normal,0
7394,785,322,27411.81,2026-01-23 13:45:26,0,1,behavioral_deviation,0
3994,426,37,11051.92,2026-01-23 13:49:08,1,0,transaction_burst,0
6717,713,265,24495.46,2026-01-23 13:50:45,0,0,transaction_burst,1
124,9,379,819.6,2026-01-23 13:53:30,0,1,normal,0
6430,684,982,974.75,2026-01-23 14:22:16,0,0,normal,0
6069,641,324,42331.86,2026-01-23 14:52:53,0,0,rapid_movement,1
1407,151,223,14911.27,2026-01-23 15:15:22,0,0,transaction_burst,1
7407,787,775,7166.78,2026-01-23 15:20:20,0,0,transaction_burst,1
6522,692,77,23615.29,2026-01-23 15:25:23,0,0,beneficiary_anomaly,0
765,72,800,411.55,2026-01-23 16:22:47,0,0,normal,0
5966,632,771,17135.94,2026-01-23 16:47:40,0,0,transaction_burst,1
8575,911,285,4621.19,2026-01-23 16:52:00,0,0,transaction_burst,0
5654,603,914,28306.28,2026-01-23 17:33:11,0,0,beneficiary_anomaly,0
8752,934,411,4322.2,2026-01-23 17:36:27,0,0,transaction_burst,1
5466,578,485,70479.47,2026-01-23 17:46:41,0,0,high_value,0
7178,764,249,1557.01,2026-01-23 18:24:37,0,0,normal,0
2448,262,393,14182.71,2026-01-23 18:26:03,0,0,transaction_burst,0
5782,617,645,45746.15,2026-01-23 18:52:19,1,0,rapid_movement,1
1443,153,223,859.94,2026-01-23 19:10:47,0,0,normal,0
3849,409,589,2600.25,2026-01-23 19:29:25,0,1,normal,0
7271,775,99,2311.41,2026-01-23 19:54:39,0,0,normal,0
8154,865,864,1542.22,2026-01-23 19:56:40,0,0,normal,0
544,47,514,2050.12,2026-01-23 20:00:22,0,0,normal,0
8032,853,2,16322.07,2026-01-23 20:00:31,0,1,beneficiary_anomaly,0
2624,282,558,100.0,2026-01-23 20:10:25,0,0,normal,0
8276,878,257,5722.29,2026-01-23 20:23:10,0,0,normal,0
3441,367,372,3892.33,2026-01-23 20:35:32,0,0,transaction_burst,1
3950,419,423,3765.29,2026-01-23 20:43:40,0,0,normal,0
4651,500,282,3253.09,2026-01-23 21:01:45,0,0,normal,0
2798,298,161,7701.11,2026-01-23 21:16:38,0,0,transaction_burst,1
3089,328,323,3979.39,2026-01-23 21:29:04,0,0,normal,0
2759,295,157,14287.38,2026-01-23 21:29:28,0,0,transaction_burst,1
7767,825,208,16075.86,2026-01-23 21:31:34,1,0,transaction_burst,1
2096,223,297,38443.94,2026-01-23 21:37:32,1,0,rapid_movement,1
8035,854,773,24311.03,2026-01-23 21:55:01,0,1,beneficiary_anomaly,0
8014,851,518,4329.35,2026-01-23 22:04:48,0,0,normal,0
6460,687,811,3865.02,2026-01-23 22:12:42,0,0,normal,0
2919,312,899,3639.65,2026-01-23 22:21:37,0,0,normal,0
694,61,774,51298.21,2026-01-23 23:00:18,0,0,rapid_movement,1
491,45,892,9954.62,2026-01-23 23:18:36,0,1,transaction_burst,1
6168,652,19,7881.17,2026-01-23 23:31:47,0,1,beneficiary_anomaly,0
4617,495,623,21355.68,2026-01-23 23:36:42,0,1,transaction_burst,1
2210,238,160,16744.59,2026-01-23 23:40:07,0,0,transaction_burst,1
8779,935,412,1805.13,2026-01-23 23:54:03,1,0,transaction_burst,1
7724,820,349,3927.62,2026-01-24 01:03:54,0,0,normal,0
5853,622,361,4500.52,2026-01-24 01:04:21,0,0,normal,0
2753,295,225,12538.57,2026-01-24 01:23:35,1,1,transaction_burst,1
4752,508,263,16826.1,2026-01-24 01:27:01,0,0,transaction_burst,1
9388,1000,879,2837.42,2026-01-24 01:38:16,0,0,normal,0
3816,407,442,100.0,2026-01-24 01:40:48,0,0,normal,0
7621,807,440,41308.67,2026-01-24 01:53:38,0,1,rapid_movement,1
1047,104,285,25927.98,2026-01-24 01:55:24,0,0,behavioral_deviation,1
9006,958,981,2255.53,2026-01-24 02:30:16,0,0,normal,0
8262,877,971,4159.08,2026-01-24 02:35:07,0,0,normal,0
3099,330,407,750.65,2026-01-24 02:50:45,0,1,normal,0
8409,895,220,10334.4,2026-01-24 02:51:49,1,0,transaction_burst,1
9168,981,119,100.0,2026-01-24 03:06:06,0,0,behavioral_deviation,1
1920,204,864,3739.85,2026-01-24 03:08:35,0,0,normal,0
9337,993,20,14113.15,2026-01-24 03:21:30,1,1,transaction_burst,0
7393,785,393,32952.21,2026-01-24 03:35:50,0,1,behavioral_deviation,0
5932,630,545,5991.29,2026-01-24 03:47:51,0,0,transaction_burst,1
4788,512,756,1811.05,2026-01-24 03:48:42,0,0,transaction_burst,1
4005,426,823,9770.09,2026-01-24 03:48:51,0,1,transaction_burst,0
3257,346,852,10910.28,2026-01-24 04:15:37,1,0,transaction_burst,1
1086,107,986,2987.74,2026-01-24 04:21:49,0,0,normal,0
7914,840,965,2075.04,2026-01-24 04:32:29,0,1,normal,0
8367,891,766,3481.36,2026-01-24 04:41:18,0,0,normal,0
9110,970,362,2961.99,2026-01-24 04:44:35,0,0,normal,0
215,19,430,12613.54,2026-01-24 05:07:54,1,0,transaction_burst,1
1683,180,503,22029.47,2026-01-24 05:23:03,1,0,rapid_movement,1
3313,355,637,4351.95,2026-01-24 05:23:25,0,0,normal,0
7439,788,221,2838.79,2026-01-24 05:51:20,0,0,normal,0
8420,895,732,8941.12,2026-01-24 06:17:46,0,0,transaction_burst,1
2812,299,708,9653.15,2026-01-24 06:27:28,1,0,transaction_burst,1
3273,347,958,13675.64,2026-01-24 06:41:53,0,0,behavioral_deviation,1
4956,529,894,15289.38,2026-01-24 07:16:36,1,0,transaction_burst,0
9298,990,425,18076.85,2026-01-24 07:55:09,0,0,transaction_burst,1
1255,130,615,70561.95,2026-01-24 08:00:26,0,0,high_value,1
8114,863,962,15374.56,2026-01-24 08:17:50,0,0,transaction_burst,1
4556,488,367,2300.0,2026-01-24 08:56:39,0,0,normal,0
3113,332,190,5954.48,2026-01-24 09:00:15,1,0,normal,0
2288,242,129,5163.21,2026-01-24 09:28:59,0,0,transaction_burst,1
2507,268,324,1873.27,2026-01-24 09:36:06,0,0,normal,0
6767,717,829,47379.62,2026-01-24 09:38:45,0,0,high_value,0
8523,907,221,1794.29,2026-01-24 10:07:25,0,0,normal,0
6955,739,872,4253.72,2026-01-24 10:19:57,0,0,normal,0
8273,878,532,1880.32,2026-01-24 10:27:59,0,0,normal,0
6123,645,349,54112.43,2026-01-24 10:29:57,0,0,high_value,0
4848,519,640,4029.3,2026-01-24 10:37:23,0,0,normal,0
1804,194,112,9075.14,2026-01-24 11:08:29,0,0,transaction_burst,1
7671,814,883,42032.69,2026-01-24 11:34:20,0,0,high_value,0
2161,234,878,30857.42,2026-01-24 11:44:48,0,0,high_value,0
5822,621,339,20271.7,2026-01-24 11:56:38,0,0,transaction_burst,1
7492,793,987,4184.1,2026-01-24 11:56:51,0,0,normal,0
7293,777,866,71244.79,2026-01-24 12:01:24,0,0,high_value,0
4399,464,403,3179.58,2026-01-24 12:05:00,0,0,normal,0
8975,957,873,15884.01,2026-01-24 12:11:23,1,0,transaction_burst,1
2082,222,102,4599.65,2026-01-24 12:15:19,0,0,normal,0
6257,663,742,6002.37,2026-01-24 12:19:31,0,0,normal,0
669,58,49,43372.16,2026-01-24 12:27:15,0,0,high_value,0
3976,422,571,4772.08,2026-01-24 12:31:06,0,0,normal,0
4819,514,983,389.34,2026-01-24 12:42:24,0,0,normal,1
1448,155,849,100.0,2026-01-24 12:43:18,0,0,normal,0
6720,713,452,13517.95,2026-01-24 12:55:21,0,1,transaction_burst,1
590,53,43,5390.27,2026-01-24 13:12:17,0,0,transaction_burst,1
4734,508,525,8020.17,2026-01-24 13:17:34,0,0,transaction_burst,1
429,40,566,41553.34,2026-01-24 13:19:12,0,0,rapid_movement,1
1789,192,233,1927.54,2026-01-24 13:26:39,0,0,normal,0
4163,436,712,3974.0,2026-01-24 13:30:29,0,0,normal,0
8745,933,719,2865.92,2026-01-24 13:39:05,0,0,normal,0
3084,328,552,2304.87,2026-01-24 13:58:16,0,0,normal,0
5109,544,501,37820.57,2026-01-24 14:03:05,0,1,behavioral_deviation,0
4305,452,541,22009.41,2026-01-24 14:18:04,0,0,beneficiary_anomaly,0
714,64,327,10582.92,2026-01-24 14:57:55,0,1,transaction_burst,1
5620,601,294,2211.45,2026-01-24 15:12:34,0,0,normal,0
8369,891,552,1492.99,2026-01-24 15:24:42,0,0,normal,0
3923,417,846,5189.12,2026-01-24 15:30:54,0,0,normal,0
4071,430,486,14358.22,2026-01-24 15:38:44,0,0,transaction_burst,0
7275,776,786,24098.67,2026-01-24 15:53:01,0,1,beneficiary_anomaly,1
8119,863,354,19125.13,2026-01-24 16:05:36,1,0,transaction_burst,1
7477,792,377,2400.14,2026-01-24 16:07:49,0,0,normal,0
7200,766,853,5078.01,2026-01-24 16:17:59,0,0,normal,0
8709,928,547,8063.61,2026-01-24 16:20:26,1,1,beneficiary_anomaly,0
6836,725,641,3122.83,2026-01-24 16:24:25,0,0,normal,0
6954,739,423,779.17,2026-01-24 16:45:05,0,0,normal,0
1307,138,312,100.0,2026-01-24 17:15:00,0,0,normal,0
8733,932,98,3459.24,2026-01-24 17:21:36,0,0,normal,0
5766,615,850,2930.47,2026-01-24 17:28:49,0,0,normal,0
1548,167,426,9001.25,2026-01-24 17:44:34,0,1,transaction_burst,1
1360,144,938,37550.41,2026-01-24 17:45:04,0,0,high_value,0
843,80,448,5996.85,2026-01-24 17:49:17,0,0,transaction_burst,1
3513,372,950,2284.08,2026-01-24 18:43:43,0,0,normal,0
8524,907,83,2624.67,2026-01-24 19:17:22,0,0,normal,0
5914,629,685,57277.89,2026-01-24 19:17:40,0,0,high_value,0
7892,838,702,4804.35,2026-01-24 19:34:58,0,0,behavioral_deviation,1
3433,367,28,26597.74,2026-01-24 19:36:50,0,0,transaction_burst,1
1866,201,646,18556.45,2026-01-24 20:11:14,0,0,transaction_burst,1
7483,792,642,5075.59,2026-01-24 20:26:03,0,0,normal,0
4142,434,807,5618.72,2026-01-24 20:28:07,0,0,transaction_burst,0
7915,840,398,1439.44,2026-01-24 20:29:43,0,0,normal,0
2394,257,598,16190.91,2026-01-24 20:42:11,1,0,transaction_burst,1
6561,700,587,3332.94,2026-01-24 20:53:50,0,0,normal,0
478,44,365,3045.01,2026-01-24 21:09:43,0,0,normal,0
4597,494,510,1963.55,2026-01-24 22:20:34,0,0,normal,0
2255,241,531,9082.42,2026-01-24 22:22:38,1,0,transaction_burst,1
5772,616,370,40008.84,2026-01-24 22:36:41,1,0,rapid_movement,1
249,21,124,10233.91,2026-01-24 23:11:19,0,1,transaction_burst,1
151,11,679,3189.9,2026-01-24 23:20:10,0,0,normal,0
5592,596,426,3584.57,2026-01-24 23:24:15,0,0,normal,0
640,56,197,14256.42,2026-01-24 23:25:51,0,1,transaction_burst,1
6084,642,681,14633.14,2026-01-24 23:49:30,0,0,transaction_burst,0
1533,167,435,14532.57,2026-01-24 23:49:40,0,0,transaction_burst,1
4689,504,370,4597.09,2026-01-24 23:56:01,0,0,normal,0
4222,443,781,45361.04,2026-01-24 23:56:56,1,0,rapid_movement,1
742,68,448,3105.74,2026-01-25 00:24:10,0,0,normal,0
6186,653,38,42946.86,2026-01-25 00:34:06,1,0,rapid_movement,1
3321,357,363,8464.36,2026-01-25 00:43:05,0,1,transaction_burst,1
3345,357,119,17767.85,2026-01-25 00:45:00,1,0,transaction_burst,1
7252,774,995,14025.52,2026-01-25 00:50:56,0,0,transaction_burst,1
5434,575,165,19049.1,2026-01-25 01:04:45,0,0,beneficiary_anomaly,1
9224,984,154,3282.08,2026-01-25 01:35:49,0,0,normal,0
3411,364,117,3929.08,2026-01-25 01:52:34,0,0,normal,0
1084,107,106,4175.41,2026-01-25 01:53:06,0,0,normal,0
3402,363,525,5863.75,2026-01-25 01:56:03,0,0,normal,0
9189,982,170,24540.38,2026-01-25 02:53:54,0,0,transaction_burst,1
131,10,514,1982.89,2026-01-25 03:14:27,0,0,normal,0
1223,125,334,2714.67,2026-01-25 03:23:24,0,0,normal,0
6020,637,962,20554.72,2026-01-25 03:42:33,0,0,rapid_movement,1
3671,392,386,2864.1,2026-01-25 04:02:52,0,0,normal,0
8456,900,586,2038.91,2026-01-25 04:08:16,0,0,normal,0
2698,291,225,17743.91,2026-01-25 04:56:43,0,0,transaction_burst,1
7192,765,222,27462.33,2026-01-25 05:14:48,0,1,beneficiary_anomaly,0
6739,715,309,12797.49,2026-01-25 05:22:16,0,0,transaction_burst,1
6727,714,169,14237.53,2026-01-25 05:26:14,0,1,beneficiary_anomaly,0
3184,342,962,57690.78,2026-01-25 05:59:18,0,0,behavioral_deviation,0
408,36,660,2368.27,2026-01-25 05:59:34,0,0,normal,0
3859,410,929,32643.6,2026-01-25 06:24:18,1,1,behavioral_deviation,1
7844,835,30,41771.25,2026-01-25 06:36:17,0,0,rapid_movement,1
2686,291,800,3130.94,2026-01-25 06:37:12,0,0,transaction_burst,1
440,41,805,752.94,2026-01-25 06:37:20,0,0,normal,0
2706,291,774,11982.42,2026-01-25 07:07:12,0,1,transaction_burst,1
6875,730,473,3040.78,2026-01-25 07:08:59,0,0,normal,0
3481,371,137,17584.67,2026-01-25 07:19:44,0,0,transaction_burst,1
677,60,676,3043.56,2026-01-25 07:33:09,0,0,normal,0
3645,388,287,40109.21,2026-01-25 07:33:36,0,0,behavioral_deviation,1
8943,954,320,5465.37,2026-01-25 07:35:23,0,0,normal,0
8837,940,108,4621.03,2026-01-25 07:51:56,0,0,normal,0
6937,737,204,2740.65,2026-01-25 08:21:46,0,0,normal,0
3389,361,162,417.7,2026-01-25 08:35:39,0,1,behavioral_deviation,0
1543,167,715,17655.31,2026-01-25 08:36:26,0,0,transaction_burst,1
8361,890,848,23216.62,2026-01-25 08:52:19,0,0,rapid_movement,1
1174,117,481,2222.18,2026-01-25 09:17:17,0,0,transaction_burst,1
1113,111,89,3962.57,2026-01-25 09:24:20,0,0,normal,1
5153,549,486,16470.23,2026-01-25 09:32:21,1,0,transaction_burst,1
8347,889,809,2986.59,2026-01-25 09:41:27,0,0,normal,0
4862,520,488,6863.65,2026-01-25 09:43:43,0,0,transaction_burst,1
2572,276,169,2082.59,2026-01-25 09:45:18,0,0,normal,0
5183,550,173,1340.24,2026-01-25 09:57:29,0,0,normal,0
120,8,346,7180.56,2026-01-25 10:21:51,1,1,transaction_burst,1
8393,894,913,3304.88,2026-01-25 10:25:22,0,0,normal,0
8685,924,858,1738.26,2026-01-25 10:29:45,0,0,normal,0
4056,428,24,17697.88,2026-01-25 10:39:48,0,0,transaction_burst,1
1561,167,219,20108.08,2026-01-25 10:50:11,0,0,transaction_burst,1
24,2,113,684.56,2026-01-25 10:51:43,0,0,normal,0
5943,630,770,13182.86,2026-01-25 11:35:15,1,0,transaction_burst,1
3949,419,187,5128.03,2026-01-25 11:43:30,0,0,normal,0
1617,172,179,1619.77,2026-01-25 12:25:33,0,0,normal,1
2924,312,405,3148.26,2026-01-25 12:48:04,0,0,normal,0
4722,507,780,2799.42,2026-01-25 12:57:52,0,0,normal,0
5775,616,295,31481.77,2026-01-25 13:02:18,1,0,rapid_movement,1
672,58,920,50153.7,2026-01-25 13:12:46,0,0,high_value,0
463,42,127,3846.74,2026-01-25 14:02:36,0,0,transaction_burst,1
8469,901,111,3966.57,2026-01-25 14:13:32,0,1,normal,0
7899,839,227,4664.47,2026-01-25 14:23:20,0,0,normal,0
5901,627,173,7643.56,2026-01-25 14:40:33,0,0,transaction_burst,0
1768,189,822,45789.48,2026-01-25 14:55:17,1,0,rapid_movement,1
7347,780,786,21725.78,2026-01-25 15:08:51,1,1,beneficiary_anomaly,1
7285,776,6,12350.67,2026-01-25 15:16:38,1,0,beneficiary_anomaly,1
5300,566,667,15936.35,2026-01-25 15:16:38,1,0,rapid_movement,1
400,34,379,3456.65,2026-01-25 15:22:23,0,0,normal,0
2984,320,623,32668.28,2026-01-25 15:36:57,0,0,behavioral_deviation,0
2736,294,106,1814.63,2026-01-25 15:45:49,0,0,normal,0
1106,110,807,14391.99,2026-01-25 15:58:05,0,0,beneficiary_anomaly,1
8002,850,751,30740.66,2026-01-25 16:10:33,0,0,behavioral_deviation,0
108,8,551,5569.79,2026-01-25 16:58:11,1,0,transaction_burst,1
2021,215,299,16130.3,2026-01-25 17:16:17,0,0,rapid_movement,1
4897,523,415,3352.27,2026-01-25 17:50:23,0,0,normal,0
6609,707,962,6706.3,2026-01-25 17:59:43,0,0,transaction_burst,1
7318,779,628,9557.94,2026-01-25 18:39:53,0,0,transaction_burst,0
2973,318,738,34119.98,2026-01-25 19:45:06,0,0,rapid_movement,1
8249,874,76,3771.2,2026-01-25 20:26:12,0,0,normal,0
1388,148,748,1900.7,2026-01-25 20:31:01,0,0,normal,0
2073,220,630,2937.21,2026-01-25 20:34:44,0,0,normal,0
5236,558,365,2631.73,2026-01-25 20:39:58,0,0,normal,0
3240,346,3,18305.08,2026-01-25 20:49:44,0,0,transaction_burst,1
4411,466,603,54621.82,2026-01-25 21:01:33,1,0,rapid_movement,1
4894,523,342,2089.91,2026-01-25 21:04:11,0,0,normal,0
6601,706,907,51893.15,2026-01-25 21:21:56,0,0,high_value,0
2072,220,924,3282.95,2026-01-25 21:26:39,0,0,normal,0
5987,632,337,12325.96,2026-01-25 22:46:33,1,0,transaction_burst,1
5928,630,421,18109.86,2026-01-25 22:54:41,1,0,transaction_burst,1
2115,226,509,17781.12,2026-01-25 23:45:36,0,0,beneficiary_anomaly,0
1061,105,655,11270.41,2026-01-25 23:47:11,0,1,transaction_burst,1
5503,584,547,4787.1,2026-01-26 00:11:08,0,0,normal,0
2332,248,356,5125.09,2026-01-26 00:42:01,0,1,normal,0
6262,663,119,3352.57,2026-01-26 01:09:05,0,0,normal,0
5271,563,111,21627.97,2026-01-26 01:09:51,0,0,transaction_burst,1
6777,719,411,39911.59,2026-01-26 01:54:20,0,0,rapid_movement,1
666,57,167,1375.94,2026-01-26 02:00:35,0,0,normal,0
7672,814,854,53441.95,2026-01-26 02:05:41,0,0,high_value,0
8969,956,189,32368.07,2026-01-26 02:17:00,0,1,beneficiary_anomaly,0
4594,494,271,1601.69,2026-01-26 02:22:59,0,0,normal,0
9152,978,730,3818.46,2026-01-26 03:02:00,0,0,normal,0
7891,838,995,11531.99,2026-01-26 03:10:07,0,1,behavioral_deviation,1
4451,473,233,2295.54,2026-01-26 03:49:17,0,0,normal,0
8915,950,11,2724.17,2026-01-26 03:57:32,0,0,normal,0
1721,185,455,2152.89,2026-01-26 04:20:44,0,1,transaction_burst,1
8087,861,27,53571.89,2026-01-26 04:56:17,0,0,rapid_movement,1
4969,530,909,4049.38,2026-01-26 05:05:27,0,1,normal,0
308,25,264,18052.01,2026-01-26 05:43:09,1,0,transaction_burst,1
8650,922,445,11181.66,2026-01-26 06:21:46,0,0,transaction_burst,0
3673,392,905,4064.25,2026-01-26 06:27:17,0,0,normal,0
7534,798,971,2091.48,2026-01-26 06:52:27,0,0,normal,0
5705,607,214,24481.4,2026-01-26 06:54:34,0,0,beneficiary_anomaly,0
7989,848,159,3732.69,2026-01-26 07:14:07,0,0,rapid_movement,1
202,16,375,4154.79,2026-01-26 07:20:49,0,1,normal,0
9028,961,616,672.77,2026-01-26 07:34:25,0,0,normal,0
9043,962,213,4535.51,2026-01-26 07:39:56,0,0,normal,0
3132,334,429,21510.86,2026-01-26 08:29:27,0,1,beneficiary_anomaly,0
1383,147,360,4651.29,2026-01-26 08:44:56,0,0,normal,0
8337,888,850,5263.57,2026-01-26 08:54:38,0,0,normal,0
9252,987,823,3136.13,2026-01-26 09:23:28,0,0,normal,0
4424,469,109,2636.14,2026-01-26 09:29:33,0,0,normal,0
4368,460,402,69995.44,2026-01-26 09:36:42,0,0,high_value,0
2931,313,855,198.53,2026-01-26 10:00:03,0,0,normal,0
2184,236,708,8278.08,2026-01-26 10:02:30,0,0,transaction_burst,1
41,4,105,33981.79,2026-01-26 10:02:51,0,0,rapid_movement,1
5380,572,808,11509.76,2026-01-26 10:36:30,1,0,transaction_burst,1
5289,563,960,465.15,2026-01-26 10:36:59,0,1,transaction_burst,1
1910,203,532,1552.12,2026-01-26 10:39:03,0,0,normal,1
8880,943,19,2376.5,2026-01-26 11:33:59,0,0,normal,0
2034,216,347,21143.83,2026-01-26 12:04:21,0,0,rapid_movement,0
5804,619,759,2463.81,2026-01-26 12:15:13,0,0,normal,0
5464,578,334,59391.65,2026-01-26 12:19:01,0,1,high_value,0
5481,581,3,100.0,2026-01-26 12:23:18,0,0,normal,0
1806,194,997,100.0,2026-01-26 12:38:56,0,0,transaction_burst,1
6236,660,799,5343.56,2026-01-26 12:46:36,0,0,normal,0
6474,689,551,8457.02,2026-01-26 13:09:55,0,0,transaction_burst,1
5977,632,396,8718.52,2026-01-26 13:20:18,1,1,transaction_burst,1
8112,863,327,21257.56,2026-01-26 13:58:33,0,0,transaction_burst,1
2089,222,475,3394.68,2026-01-26 14:18:17,0,0,normal,0
6513,691,744,2924.05,2026-01-26 14:23:10,0,0,normal,0
5453,577,461,28392.9,2026-01-26 14:26:12,0,1,beneficiary_anomaly,0
7808,829,172,4845.6,2026-01-26 15:02:40,0,1,beneficiary_anomaly,0
7343,780,966,30125.37,2026-01-26 15:11:04,1,1,beneficiary_anomaly,1
947,89,992,434.3,2026-01-26 15:30:15,0,0,normal,0
5992,633,244,4896.95,2026-01-26 15:31:39,1,0,normal,0
4229,443,345,33988.19,2026-01-26 15:35:08,1,0,rapid_movement,1
5669,605,736,56942.28,2026-01-26 15:44:19,0,0,behavioral_deviation,0
4148,434,432,19142.72,2026-01-26 16:09:47,0,0,transaction_burst,0
1333,140,489,2189.31,2026-01-26 16:35:11,0,0,normal,0
6568,702,933,1444.42,2026-01-26 16:35:17,0,1,normal,0
4738,508,504,13618.04,2026-01-26 17:24:20,0,1,transaction_burst,1
9225,984,133,2566.33,2026-01-26 18:04:35,0,0,normal,0
3464,369,412,1418.79,2026-01-26 18:11:06,0,0,normal,0
2952,316,766,666.23,2026-01-26 18:18:19,0,0,normal,0
7114,756,20,2120.04,2026-01-26 18:35:33,0,0,normal,0
4396,464,944,5927.03,2026-01-26 18:35:39,0,0,normal,0
289,23,778,9413.08,2026-01-26 18:57:57,0,0,behavioral_deviation,1
6113,643,602,5956.94,2026-01-26 19:18:36,0,0,normal,0
3398,362,354,1093.92,2026-01-26 19:34:09,0,0,normal,0
5505,584,646,3600.83,2026-01-26 20:10:26,0,0,normal,0
6833,725,320,2704.19,2026-01-26 20:33:13,0,0,normal,0
4779,511,535,4203.66,2026-01-26 20:40:17,0,0,normal,0
6226,659,390,56327.38,2026-01-26 21:10:57,0,0,high_value,0
7686,816,630,13220.09,2026-01-26 21:30:41,0,1,beneficiary_anomaly,0
6834,725,881,476.33,2026-01-26 21:50:17,0,0,normal,0
5649,602,702,16863.49,2026-01-26 21:51:56,1,0,transaction_burst,1
6452,686,520,2821.89,2026-01-26 21:56:51,0,0,normal,0
5827,621,605,23582.63,2026-01-26 22:11:05,1,0,transaction_burst,1
5670,605,390,50245.5,2026-01-26 22:26:52,0,1,behavioral_deviation,0
3169,340,37,24267.32,2026-01-26 22:46:43,1,1,behavioral_deviation,1
6801,721,3,3940.73,2026-01-26 23:08:15,0,0,normal,0
87,7,385,15615.91,2026-01-26 23:25:03,0,0,transaction_burst,1
7940,842,482,12448.58,2026-01-26 23:27:47,0,0,transaction_burst,0
6119,644,624,2386.13,2026-01-26 23:35:02,0,0,normal,0
2006,214,871,200.28,2026-01-26 23:48:10,0,1,transaction_burst,1
1805,194,627,11945.28,2026-01-27 00:05:40,0,0,transaction_burst,1
3662,391,864,32490.82,2026-01-27 00:22:51,0,0,high_value,0
5194,551,298,3413.06,2026-01-27 00:31:11,0,0,normal,0
3141,335,359,3356.42,2026-01-27 00:37:03,0,0,normal,0
4120,432,48,20296.87,2026-01-27 00:42:10,0,0,transaction_burst,1
1537,167,217,1955.63,2026-01-27 01:03:56,0,0,transaction_burst,1
610,54,729,37051.46,2026-01-27 01:12:14,0,0,rapid_movement,1
4127,433,874,21586.37,2026-01-27 01:25:43,0,1,rapid_movement,1
9291,990,116,14752.88,2026-01-27 01:46:18,0,0,transaction_burst,1
9295,990,654,12278.62,2026-01-27 01:55:51,1,0,transaction_burst,1
7729,821,875,2211.15,2026-01-27 02:04:18,0,0,normal,0
2583,278,803,3731.41,2026-01-27 02:05:12,0,0,normal,0
3680,394,144,27488.58,2026-01-27 02:08:11,0,0,rapid_movement,1
8128,863,22,117.81,2026-01-27 02:18:08,0,0,transaction_burst,1
2359,252,843,7089.89,2026-01-27 02:18:58,0,0,beneficiary_anomaly,1
9286,990,875,12548.45,2026-01-27 02:43:19,0,1,transaction_burst,1
6525,692,317,28792.31,2026-01-27 03:01:45,0,1,beneficiary_anomaly,0
9064,964,831,3467.71,2026-01-27 03:12:15,0,0,normal,0
2760,295,304,2294.13,2026-01-27 03:31:35,1,0,transaction_burst,1
891,83,261,18038.34,2026-01-27 03:34:57,1,1,transaction_burst,1
4877,521,474,21100.06,2026-01-27 03:48:07,0,0,beneficiary_anomaly,0
4251,446,628,31709.6,2026-01-27 04:06:20,1,0,rapid_movement,1
6705,713,757,2211.31,2026-01-27 04:09:42,0,0,transaction_burst,1
6975,742,374,2602.24,2026-01-27 04:18:57,0,1,normal,0
4445,471,433,4311.61,2026-01-27 04:28:34,0,0,normal,0
5087,543,32,16632.16,2026-01-27 04:41:39,0,0,transaction_burst,1
2280,242,935,11541.09,2026-01-27 04:56:11,0,0,transaction_burst,1
4889,522,880,3198.88,2026-01-27 05:26:19,0,0,normal,0
508,46,807,3636.99,2026-01-27 05:31:01,1,0,transaction_burst,1
1635,174,212,100.0,2026-01-27 05:39:35,0,0,behavioral_deviation,1
2412,257,615,4593.93,2026-01-27 05:40:11,0,1,transaction_burst,1
7545,799,159,19918.81,2026-01-27 06:00:59,1,0,rapid_movement,0
6569,702,325,1357.79,2026-01-27 06:04:35,0,0,normal,0
853,80,163,20557.96,2026-01-27 06:08:06,0,0,transaction_burst,1
8637,920,810,46172.12,2026-01-27 06:11:20,0,0,high_value,1
237,20,380,60972.39,2026-01-27 06:12:19,0,0,high_value,0
5136,547,308,2893.73,2026-01-27 06:25:20,0,0,normal,0
8907,949,293,36677.14,2026-01-27 06:52:06,0,1,beneficiary_anomaly,0
438,41,347,4465.0,2026-01-27 07:06:44,0,0,normal,0
5039,539,71,3540.75,2026-01-27 07:07:12,0,0,normal,0
7642,809,80,4498.72,2026-01-27 07:08:43,0,0,normal,0
9091,967,106,100.0,2026-01-27 07:26:48,0,0,behavioral_deviation,1
5916,629,469,28606.58,2026-01-27 07:27:54,0,0,high_value,0
8597,914,37,39020.6,2026-01-27 07:57:15,1,1,behavioral_deviation,1
5606,599,715,61984.8,2026-01-27 08:17:44,1,1,behavioral_deviation,0
3163,340,55,14793.44,2026-01-27 08:23:01,0,0,behavioral_deviation,1
6261,663,101,4503.64,2026-01-27 08:29:55,0,0,normal,0
9012,960,51,2572.91,2026-01-27 09:10:38,0,0,normal,0
7187,764,470,110.51,2026-01-27 09:15:37,0,1,normal,0
7529,797,747,3221.12,2026-01-27 09:25:42,0,0,normal,0
7278,776,483,17317.43,2026-01-27 09:36:59,0,0,beneficiary_anomaly,1
3873,412,502,29488.51,2026-01-27 09:38:33,1,1,rapid_movement,1
6659,708,797,7920.87,2026-01-27 09:47:13,1,0,transaction_burst,1
4760,509,191,1238.58,2026-01-27 10:06:02,0,0,normal,0
9315,992,812,11270.97,2026-01-27 10:18:12,0,0,transaction_burst,1
2246,241,818,16402.14,2026-01-27 10:39:06,0,0,transaction_burst,1
1529,166,791,955.27,2026-01-27 11:08:17,0,0,normal,0
1318,139,660,8934.52,2026-01-27 11:18:34,0,1,transaction_burst,1
273,21,114,12335.64,2026-01-27 11:27:48,0,0,transaction_burst,1
9095,968,129,5732.22,2026-01-27 11:44:57,0,0,normal,0
5247,560,728,3510.4,2026-01-27 12:14:28,0,0,normal,0
5270,563,881,9054.13,2026-01-27 12:21:39,1,1,transaction_burst,1
1093,108,135,2957.53,2026-01-27 12:30:07,0,0,normal,1
5061,540,40,20682.35,2026-01-27 12:35:38,0,0,transaction_burst,1
2897,309,378,1656.03,2026-01-27 12:46:27,0,1,normal,0
6701,713,499,18389.26,2026-01-27 12:50:47,0,0,transaction_burst,1
7719,820,893,3590.72,2026-01-27 13:04:14,0,0,normal,0
7055,750,636,13438.97,2026-01-27 13:08:40,1,0,transaction_burst,1
6099,642,861,19823.33,2026-01-27 13:09:28,0,0,transaction_burst,0
2947,315,221,4863.14,2026-01-27 13:35:20,0,0,normal,0
5794,618,182,1664.67,2026-01-27 14:18:02,0,0,normal,0
261,21,619,15305.55,2026-01-27 14:21:21,1,0,transaction_burst,1
3511,372,450,1841.51,2026-01-27 14:29:45,0,0,normal,0
1902,202,920,20504.64,2026-01-27 14:57:42,0,1,behavioral_deviation,1
3608,383,754,14881.46,2026-01-27 14:58:58,0,0,transaction_burst,0
578,51,945,1224.36,2026-01-27 15:09:38,0,0,normal,0
3605,383,544,11442.26,2026-01-27 15:17:14,1,0,transaction_burst,0
737,65,18,62691.88,2026-01-27 15:19:12,0,0,high_value,1
5936,630,274,12365.28,2026-01-27 15:26:21,1,0,transaction_burst,1
6852,727,708,3409.12,2026-01-27 15:30:47,0,0,normal,0
3355,358,604,22515.72,2026-01-27 15:33:55,0,0,transaction_burst,0
8025,853,194,21818.47,2026-01-27 15:51:17,0,0,beneficiary_anomaly,0
5863,623,170,50899.05,2026-01-27 16:05:01,0,0,behavioral_deviation,0
3233,345,748,5643.45,2026-01-27 16:05:28,0,0,transaction_burst,0
1637,174,437,10299.95,2026-01-27 16:11:14,1,0,behavioral_deviation,1
7523,796,565,5978.25,2026-01-27 16:33:21,0,0,normal,0
7649,810,885,27171.02,2026-01-27 17:15:33,0,1,behavioral_deviation,0
6295,667,485,12803.16,2026-01-27 17:22:26,1,0,transaction_burst,1
9115,971,73,2721.71,2026-01-27 17:24:04,0,1,normal,0
106,8,761,16665.66,2026-01-27 17:27:49,1,0,transaction_burst,1
4649,500,349,100.0,2026-01-27 17:32:32,0,0,normal,0
7473,791,210,3996.25,2026-01-27 17:50:43,0,0,normal,0
6062,640,573,17857.15,2026-01-27 17:57:31,0,1,beneficiary_anomaly,0
7581,802,467,2820.57,2026-01-27 18:42:45,0,0,normal,0
2584,278,813,790.35,2026-01-27 18:54:46,0,1,normal,0
3296,352,177,3217.35,2026-01-27 18:57:47,0,0,normal,0
6579,703,933,7114.47,2026-01-27 19:00:34,0,0,normal,0
217,19,228,9042.84,2026-01-27 19:21:59,0,0,transaction_burst,1
3876,412,910,34024.84,2026-01-27 19:34:04,0,1,rapid_movement,1
4017,427,377,2085.57,2026-01-27 19:36:03,0,0,normal,1
5639,602,677,7080.54,2026-01-27 19:39:33,0,0,transaction_burst,1
2066,219,704,48996.09,2026-01-27 19:51:07,0,0,behavioral_deviation,0
2044,217,365,3528.17,2026-01-27 19:52:30,0,0,normal,0
6351,672,392,72868.56,2026-01-27 20:05:29,0,0,high_value,0
2129,228,521,73119.45,2026-01-27 20:17:06,0,1,high_value,1
6673,710,852,4381.94,2026-01-27 20:36:31,0,0,normal,0
19,2,367,2033.45,2026-01-27 20:39:13,0,0,normal,0
6798,721,489,1896.03,2026-01-27 20:41:03,0,0,normal,0
6863,728,816,4425.98,2026-01-27 20:49:37,0,1,normal,0
3638,387,21,51592.52,2026-01-27 20:59:45,0,0,rapid_movement,0
5860,623,235,22240.64,2026-01-27 21:09:39,0,1,behavioral_deviation,0
8509,906,861,36026.23,2026-01-27 21:13:42,0,0,rapid_movement,1
2480,265,170,11647.72,2026-01-27 21:15:25,0,0,beneficiary_anomaly,1
5,1,752,10184.28,2026-01-27 21:25:10,0,0,transaction_burst,1
4095,431,532,34888.83,2026-01-27 21:29:58,0,0,behavioral_deviation,0
8544,910,995,3879.98,2026-01-27 21:31:49,0,0,normal,0
6001,634,306,3737.84,2026-01-27 21:46:43,0,0,normal,0
2511,269,936,1295.45,2026-01-27 21:49:50,0,0,normal,0
8697,926,768,4613.9,2026-01-27 22:02:58,0,0,normal,0
328,25,799,15745.11,2026-01-27 22:08:14,0,0,transaction_burst,1
9063,964,518,3646.79,2026-01-27 22:12:49,0,0,normal,0
8159,866,451,13799.73,2026-01-27 22:32:27,0,1,beneficiary_anomaly,0
4020,427,747,474.72,2026-01-27 22:58:08,0,0,normal,1
4813,513,748,2773.0,2026-01-27 23:15:41,0,0,normal,0
8921,951,75,3728.55,2026-01-27 23:49:32,0,0,normal,0
1085,107,413,4858.76,2026-01-28 00:14:33,0,0,normal,0
8651,922,273,8042.32,2026-01-28 00:34:01,0,0,transaction_burst,0
2802,299,415,15326.16,2026-01-28 00:52:09,0,0,transaction_burst,1
3280,348,637,2566.0,2026-01-28 01:03:50,0,0,normal,0
8887,945,782,1855.74,2026-01-28 01:08:04,0,0,normal,0
5881,626,174,2197.21,2026-01-28 01:48:38,0,0,normal,0
3794,404,663,4953.79,2026-01-28 01:59:02,0,0,normal,0
9102,968,107,3405.66,2026-01-28 02:01:03,0,0,normal,0
5080,543,166,16939.91,2026-01-28 02:23:18,0,0,transaction_burst,1
7171,763,295,2144.46,2026-01-28 02:40:05,0,0,normal,0
4680,503,520,18606.91,2026-01-28 02:57:18,0,1,beneficiary_anomaly,0
4537,486,914,3965.04,2026-01-28 02:58:45,0,0,normal,0
7625,807,731,40724.83,2026-01-28 03:04:47,1,1,rapid_movement,1
2586,279,224,14881.86,2026-01-28 03:22:25,1,1,beneficiary_anomaly,0
4878,521,436,7067.46,2026-01-28 03:27:56,0,0,beneficiary_anomaly,0
377,31,483,49356.07,2026-01-28 03:34:53,0,0,rapid_movement,1
9361,995,53,8609.04,2026-01-28 03:49:54,0,1,beneficiary_anomaly,0
7448,789,638,12036.72,2026-01-28 04:03:13,0,0,transaction_burst,0
401,35,899,2920.05,2026-01-28 04:25:24,0,0,normal,0
2091,223,379,36179.2,2026-01-28 04:26:21,1,0,rapid_movement,1
3879,412,816,27067.84,2026-01-28 04:27:39,0,0,rapid_movement,1
7277,776,293,21927.79,2026-01-28 04:39:59,1,1,beneficiary_anomaly,1
7303,778,5,463.04,2026-01-28 05:05:15,0,0,normal,0
5613,601,922,1003.18,2026-01-28 05:22:03,0,0,normal,0
504,45,308,6268.13,2026-01-28 05:35:41,0,0,transaction_burst,1
142,11,607,3546.79,2026-01-28 05:38:58,0,1,normal,0
5494,582,285,3919.0,2026-01-28 05:44:40,0,0,normal,0
2793,298,215,19240.71,2026-01-28 05:50:32,1,0,transaction_burst,1
7733,821,800,3649.23,2026-01-28 05:57:43,0,1,normal,0
7430,787,243,11111.38,2026-01-28 06:15:11,0,1,transaction_burst,1
4250,446,992,33440.45,2026-01-28 07:04:07,1,0,rapid_movement,1
2348,251,240,49268.4,2026-01-28 07:05:43,0,0,rapid_movement,1
2422,260,551,32788.45,2026-01-28 07:14:51,0,0,high_value,0
4900,524,542,42003.1,2026-01-28 07:17:53,0,1,high_value,0
8036,854,530,24179.52,2026-01-28 08:11:54,0,0,beneficiary_anomaly,0
4846,518,938,32435.55,2026-01-28 08:20:48,0,0,rapid_movement,0
5996,633,553,1620.76,2026-01-28 08:23:38,0,0,normal,0
2303,244,930,5937.49,2026-01-28 08:25:34,1,0,normal,0
6743,715,762,20742.38,2026-01-28 08:25:52,0,0,transaction_burst,1
1573,168,777,9309.86,2026-01-28 08:27:16,0,0,transaction_burst,1
8402,895,612,4144.01,2026-01-28 08:55:20,0,0,transaction_burst,1
5895,627,419,9843.01,2026-01-28 09:02:16,0,0,transaction_burst,0
5447,576,812,2560.92,2026-01-28 09:05:05,0,0,normal,0
6524,692,277,25096.13,2026-01-28 09:14:19,0,0,beneficiary_anomaly,0
8252,875,244,48037.92,2026-01-28 09:29:27,1,0,rapid_movement,1
5140,547,248,5227.17,2026-01-28 09:49:09,0,0,normal,0
1566,168,25,14184.25,2026-01-28 09:59:57,0,0,transaction_burst,1
8564,911,264,15716.44,2026-01-28 10:36:08,0,0,transaction_burst,0
7789,825,697,7332.18,2026-01-28 11:02:17,1,1,transaction_burst,1
1184,118,234,55677.08,2026-01-28 11:43:03,1,0,rapid_movement,0
4111,432,874,5813.04,2026-01-28 11:43:12,0,0,transaction_burst,1
482,45,448,15502.72,2026-01-28 12:04:43,0,0,transaction_burst,1
5988,632,845,10257.47,2026-01-28 12:28:11,0,0,transaction_burst,1
5416,574,169,9898.54,2026-01-28 12:38:46,0,0,transaction_burst,1
3869,412,692,24437.62,2026-01-28 12:45:26,0,0,rapid_movement,1
8942,954,865,4345.82,2026-01-28 13:15:45,0,0,normal,0
6080,642,197,100.0,2026-01-28 13:54:56,1,0,transaction_burst,0
5845,621,347,16326.1,2026-01-28 13:55:22,1,1,transaction_burst,1
7761,824,206,27718.3,2026-01-28 14:00:23,1,1,rapid_movement,1
6362,673,625,18738.02,2026-01-28 14:00:39,0,0,behavioral_deviation,0
6509,690,977,2354.84,2026-01-28 14:02:39,0,0,normal,0
1664,178,925,34541.07,2026-01-28 14:06:35,0,0,behavioral_deviation,1
4361,459,636,19051.95,2026-01-28 14:11:12,1,0,transaction_burst,1
3937,418,183,5654.73,2026-01-28 14:26:43,1,0,transaction_burst,1
5716,608,610,4577.82,2026-01-28 14:36:10,0,0,normal,0
787,74,369,4795.23,2026-01-28 14:45:34,0,0,normal,0
5704,607,162,33043.54,2026-01-28 15:33:47,0,0,beneficiary_anomaly,0
4524,484,9,2821.54,2026-01-28 16:00:18,0,0,normal,0
2052,218,455,3869.24,2026-01-28 16:00:19,0,0,normal,0
1802,194,84,10765.71,2026-01-28 16:05:31,0,1,transaction_burst,1
4756,509,268,4263.6,2026-01-28 16:36:46,0,0,normal,0
5551,591,258,84498.97,2026-01-28 16:40:01,0,0,behavioral_deviation,1
7973,846,549,10342.97,2026-01-28 16:43:46,0,1,beneficiary_anomaly,1
9201,982,576,10196.33,2026-01-28 16:50:19,0,0,transaction_burst,1
8485,903,390,3278.29,2026-01-28 16:53:07,0,0,normal,1
1796,193,144,3675.37,2026-01-28 17:04:38,0,0,normal,0
6790,720,220,28964.12,2026-01-28 17:14:51,0,0,behavioral_deviation,0
5689,606,284,9372.73,2026-01-28 18:02:47,0,0,transaction_burst,1
2171,235,492,34991.52,2026-01-28 18:19:50,0,1,behavioral_deviation,0
5316,567,690,5638.27,2026-01-28 19:14:02,1,0,transaction_burst,1
710,64,324,10425.73,2026-01-28 19:26:19,1,0,transaction_burst,1
4319,454,961,4642.54,2026-01-28 19:35:57,0,0,normal,0
4835,517,537,4294.05,2026-01-28 19:44:17,0,0,normal,0
3516,373,540,2068.33,2026-01-28 19:58:13,0,0,normal,0
7981,846,263,34097.45,2026-01-28 20:09:21,0,0,beneficiary_anomaly,1
8738,932,399,4575.76,2026-01-28 20:31:05,0,0,normal,0
5118,545,10,2940.25,2026-01-28 20:37:20,0,0,normal,0
4239,444,566,3292.66,2026-01-28 20:40:36,0,0,normal,0
8181,868,370,16357.34,2026-01-28 20:45:41,0,0,transaction_burst,1
522,46,84,14179.58,2026-01-28 20:56:30,0,0,transaction_burst,1
7244,773,18,32546.45,2026-01-28 21:04:46,0,0,high_value,0
6899,732,909,2052.45,2026-01-28 21:30:14,0,0,normal,0
7180,764,181,2075.83,2026-01-28 21:51:37,0,0,normal,0
7684,816,65,22311.04,2026-01-28 22:12:18,0,0,beneficiary_anomaly,0
1519,163,305,2965.58,2026-01-28 22:24:23,0,0,normal,0
77,7,912,4248.71,2026-01-28 22:27:39,1,0,transaction_burst,1
6403,679,646,2397.58,2026-01-28 22:33:31,0,0,normal,0
4292,451,604,545.44,2026-01-28 22:56:17,0,1,normal,0
2761,295,22,7971.22,2026-01-28 22:57:56,1,0,transaction_burst,1
5905,627,485,1066.59,2026-01-28 23:10:47,0,1,transaction_burst,0
7426,787,183,8643.12,2026-01-29 00:29:35,0,0,transaction_burst,1
3779,403,302,6113.54,2026-01-29 01:01:18,0,1,transaction_burst,0
5070,541,812,21762.26,2026-01-29 01:05:03,0,0,behavioral_deviation,0
9109,970,475,3564.88,2026-01-29 01:14:09,0,0,normal,0
5304,566,356,20702.46,2026-01-29 01:15:29,1,0,rapid_movement,1
5065,540,406,876.68,2026-01-29 01:20:52,1,0,transaction_burst,1
4076,430,545,9583.76,2026-01-29 01:24:59,0,0,transaction_burst,0
3092,329,714,48518.08,2026-01-29 01:26:44,0,0,high_value,0
1884,201,79,19898.09,2026-01-29 02:01:54,0,1,transaction_burst,1
8720,930,498,17780.64,2026-01-29 02:09:33,1,0,rapid_movement,1
858,80,41,8033.06,2026-01-29 02:18:14,1,0,transaction_burst,1
7895,838,598,7739.25,2026-01-29 02:30:33,0,0,behavioral_deviation,1
5028,538,451,1796.48,2026-01-29 02:39:29,0,0,normal,0
4346,458,190,3652.36,2026-01-29 02:49:36,0,0,normal,0
2426,260,111,37366.5,2026-01-29 03:23:34,0,0,high_value,0
2098,223,74,43025.73,2026-01-29 04:18:17,1,0,rapid_movement,1
3998,426,113,15206.64,2026-01-29 04:19:34,0,0,transaction_burst,0
8100,862,953,95086.82,2026-01-29 04:50:12,0,0,rapid_movement,1
4624,496,113,4011.95,2026-01-29 04:59:48,0,0,normal,0
1496,160,777,9775.51,2026-01-29 05:08:48,0,0,transaction_burst,1
353,28,240,3269.47,2026-01-29 05:11:57,0,0,normal,0
4917,527,561,100.0,2026-01-29 06:20:49,1,1,behavioral_deviation,1
1943,207,183,4332.08,2026-01-29 06:22:05,0,0,normal,0
1138,114,746,65120.75,2026-01-29 06:24:33,0,0,high_value,0
4294,451,164,2530.49,2026-01-29 06:26:19,0,0,normal,0
6747,715,196,9266.89,2026-01-29 06:35:23,1,0,transaction_burst,1
6309,667,154,17376.5,2026-01-29 06:38:08,0,0,transaction_burst,1
9167,981,984,18482.53,2026-01-29 06:38:54,0,0,behavioral_deviation,1
8091,861,917,41686.4,2026-01-29 07:12:21,1,0,rapid_movement,1
4176,437,963,4585.53,2026-01-29 07:20:18,0,0,normal,0
3315,356,532,5543.53,2026-01-29 07:22:33,0,0,normal,0
464,42,648,13664.07,2026-01-29 07:54:00,0,0,transaction_burst,1
2664,288,443,3366.69,2026-01-29 07:55:24,0,0,normal,0
7806,829,202,11424.96,2026-01-29 08:05:01,0,1,beneficiary_anomaly,0
6622,707,359,15801.77,2026-01-29 08:30:10,0,0,transaction_burst,1
7026,749,150,9021.79,2026-01-29 08:48:18,0,0,transaction_burst,1
9211,983,737,31523.37,2026-01-29 10:17:08,0,0,rapid_movement,1
8283,879,432,45722.47,2026-01-29 10:19:23,0,0,high_value,0
6738,715,223,820.95,2026-01-29 10:22:38,0,0,transaction_burst,1
3091,329,344,46666.92,2026-01-29 10:24:29,0,0,high_value,0
5322,567,667,16499.28,2026-01-29 10:34:59,1,0,transaction_burst,1
6624,707,36,100.0,2026-01-29 10:53:38,0,1,transaction_burst,1
3119,333,955,40607.32,2026-01-29 11:17:36,0,0,rapid_movement,1
1123,112,769,3634.55,2026-01-29 11:45:26,0,1,normal,0
2501,267,383,3810.31,2026-01-29 11:52:15,0,1,normal,0
2279,242,984,7748.62,2026-01-29 12:10:52,0,1,transaction_burst,1
7373,783,136,100.0,2026-01-29 12:11:51,0,0,normal,0
30,3,54,18024.87,2026-01-29 12:14:26,0,0,beneficiary_anomaly,1
9067,965,309,48176.29,2026-01-29 13:07:11,0,0,behavioral_deviation,1
8055,857,844,35942.89,2026-01-29 13:13:36,1,0,rapid_movement,1
9041,962,619,4274.31,2026-01-29 13:40:30,0,0,normal,0
5564,593,202,2138.03,2026-01-29 13:58:10,0,0,normal,0
5878,625,258,6033.22,2026-01-29 14:05:16,1,0,behavioral_deviation,1
2473,264,939,1856.6,2026-01-29 14:06:33,0,0,normal,0
9354,994,881,3050.09,2026-01-29 14:24:47,0,0,normal,0
2529,270,100,996.07,2026-01-29 14:38:19,1,0,normal,0
6367,673,843,35876.19,2026-01-29 14:43:50,1,0,behavioral_deviation,0
7294,777,253,56199.29,2026-01-29 15:13:25,0,0,high_value,0
2156,233,352,18693.84,2026-01-29 15:14:23,0,1,behavioral_deviation,1
736,64,238,5983.57,2026-01-29 15:18:48,0,0,transaction_burst,1
5422,574,924,16827.71,2026-01-29 15:27:43,0,0,transaction_burst,1
2589,279,675,12860.56,2026-01-29 15:28:01,0,0,beneficiary_anomaly,0
2756,295,302,21562.09,2026-01-29 15:33:49,1,0,transaction_burst,1
5098,543,518,24627.25,2026-01-29 15:50:24,0,0,transaction_burst,1
4768,510,474,2580.44,2026-01-29 16:20:40,0,0,normal,0
6142,648,856,2745.78,2026-01-29 16:24:58,0,0,normal,0
9329,992,951,14082.02,2026-01-29 16:39:12,0,0,transaction_burst,1
4977,531,525,13853.64,2026-01-29 16:47:31,1,0,rapid_movement,1
6928,736,201,5491.61,2026-01-29 16:50:38,1,1,rapid_movement,1
5399,572,824,4488.99,2026-01-29 18:27:27,0,0,transaction_burst,1
2399,257,303,17090.41,2026-01-29 18:53:55,0,1,transaction_burst,1
4886,522,749,1314.03,2026-01-29 18:54:06,0,0,normal,0
4729,508,435,16574.78,2026-01-29 19:03:59,0,0,transaction_burst,1
454,42,708,6937.14,2026-01-29 19:08:19,0,0,transaction_burst,1
852,80,31,18327.2,2026-01-29 19:45:25,0,0,transaction_burst,1
7771,825,52,8895.59,2026-01-29 19:51:51,1,1,transaction_burst,1
5211,554,164,22203.36,2026-01-29 19:59:51,0,0,beneficiary_anomaly,0
331,25,913,11472.99,2026-01-29 20:10:36,1,0,transaction_burst,1
4122,433,394,20801.85,2026-01-29 20:12:55,0,0,rapid_movement,1
8633,919,685,1221.46,2026-01-29 20:38:30,0,0,normal,0
6713,713,263,690.95,2026-01-29 21:03:52,1,1,transaction_burst,1
8083,860,992,739.34,2026-01-29 21:05:38,0,0,normal,0
5036,539,223,4335.32,2026-01-29 21:08:32,0,0,normal,0
3868,412,395,25160.44,2026-01-29 21:20:08,1,0,rapid_movement,1
9094,967,314,33431.16,2026-01-29 21:30:02,0,0,behavioral_deviation,1
8040,854,184,16139.21,2026-01-29 21:49:09,0,1,beneficiary_anomaly,0
5679,606,390,6096.76,2026-01-29 21:52:28,1,0,transaction_burst,1
2926,312,319,3415.23,2026-01-29 22:00:08,0,0,normal,0
8948,954,597,3593.57,2026-01-29 22:12:47,0,0,normal,0
6945,738,403,3515.97,2026-01-29 22:15:30,0,0,normal,0
5983,632,594,9554.92,2026-01-29 22:51:05,0,0,transaction_burst,1
8605,915,411,9738.67,2026-01-29 23:09:36,0,1,behavioral_deviation,0
2542,272,195,872.53,2026-01-29 23:11:24,0,0,normal,0
1387,148,896,1697.08,2026-01-29 23:23:40,0,0,normal,0
8814,937,878,100.0,2026-01-29 23:24:20,0,0,behavioral_deviation,0
6115,643,660,2905.94,2026-01-30 00:00:13,0,0,normal,0
9039,962,647,1004.64,2026-01-30 00:09:53,0,0,normal,0
8957,955,688,33463.24,2026-01-30 00:31:30,1,0,behavioral_deviation,1
205,17,248,64477.56,2026-01-30 00:32:04,0,0,high_value,0
7151,761,930,48952.44,2026-01-30 00:35:13,0,0,rapid_movement,1
4342,458,464,3443.52,2026-01-30 01:39:52,0,0,normal,0
810,76,303,522.9,2026-01-30 01:52:27,0,0,normal,0
7645,810,198,2162.37,2026-01-30 01:56:18,0,0,behavioral_deviation,0
1274,132,255,31316.43,2026-01-30 02:00:45,0,0,behavioral_deviation,1
8387,893,431,2172.52,2026-01-30 02:53:02,0,0,normal,0
5906,628,358,3505.6,2026-01-30 03:31:23,0,0,normal,0
4820,514,908,2682.51,2026-01-30 03:37:27,0,0,normal,1
3750,401,922,4850.17,2026-01-30 03:53:23,0,0,normal,0
2806,299,993,15021.74,2026-01-30 03:59:31,0,1,transaction_burst,1
265,21,135,23317.13,2026-01-30 05:00:54,0,0,transaction_burst,1
6704,713,26,508.53,2026-01-30 05:02:55,0,0,transaction_burst,1
763,71,474,2489.24,2026-01-30 05:24:02,0,0,normal,0
8565,911,7,10151.6,2026-01-30 05:26:47,0,0,transaction_burst,0
1490,160,856,15597.95,2026-01-30 05:36:49,0,0,transaction_burst,1
5417,574,739,9208.85,2026-01-30 05:48:47,0,0,transaction_burst,1
8133,863,459,8994.85,2026-01-30 06:08:34,0,0,transaction_burst,1
8001,849,334,3179.31,2026-01-30 06:10:13,0,1,normal,0
1435,152,780,13942.47,2026-01-30 06:54:46,0,1,beneficiary_anomaly,0
208,18,476,2984.71,2026-01-30 06:59:10,0,0,normal,0
6053,639,882,100.0,2026-01-30 07:56:08,1,0,transaction_burst,0
4539,486,112,5414.11,2026-01-30 08:01:48,0,0,normal,0
8352,889,129,5526.04,2026-01-30 08:02:47,0,0,normal,0
2678,290,829,3291.66,2026-01-30 08:15:49,0,0,normal,0
6328,668,393,40539.29,2026-01-30 08:46:45,0,0,behavioral_deviation,1
6514,691,857,895.53,2026-01-30 09:19:34,0,0,normal,0
2825,299,800,10215.05,2026-01-30 10:03:07,0,0,transaction_burst,1
8918,950,112,454.08,2026-01-30 10:04:38,0,0,normal,0
4637,498,796,22447.95,2026-01-30 10:30:51,0,0,high_value,0
1847,198,526,28477.47,2026-01-30 10:39:58,0,1,beneficiary_anomaly,0
5922,630,352,11035.87,2026-01-30 10:43:53,0,0,transaction_burst,1
3572,380,7,9029.37,2026-01-30 10:57:09,1,1,rapid_movement,1
7367,782,200,15503.26,2026-01-30 11:00:31,0,1,beneficiary_anomaly,0
8894,946,98,2649.15,2026-01-30 11:07:27,0,0,normal,0
2588,279,789,22298.21,2026-01-30 11:08:36,0,1,beneficiary_anomaly,0
232,19,259,11831.89,2026-01-30 11:13:31,1,0,transaction_burst,1
7036,749,971,14511.97,2026-01-30 11:20:50,0,1,transaction_burst,1
6007,636,614,4410.99,2026-01-30 11:24:51,0,0,normal,0
3147,337,602,419.27,2026-01-30 11:58:56,0,0,normal,0
2204,236,547,6758.44,2026-01-30 12:02:03,0,0,transaction_burst,1
2391,256,129,26683.83,2026-01-30 12:14:46,1,1,rapid_movement,1
8806,936,338,1757.0,2026-01-30 12:22:10,0,0,normal,0
3860,411,469,36815.68,2026-01-30 12:33:31,1,0,rapid_movement,1
4774,510,270,5089.99,2026-01-30 12:34:06,0,0,normal,0
9310,992,398,22575.24,2026-01-30 12:40:22,0,0,transaction_burst,1
9250,987,352,1683.61,2026-01-30 12:43:09,0,0,normal,0
2489,266,280,477.23,2026-01-30 13:23:11,0,0,normal,1
2895,309,973,2910.9,2026-01-30 13:29:31,0,0,normal,0
5818,621,217,14618.73,2026-01-30 13:53:38,1,0,transaction_burst,1
6881,730,975,3399.0,2026-01-30 14:07:06,0,0,normal,0
9054,964,230,820.41,2026-01-30 14:27:52,0,0,normal,0
5963,632,750,5878.61,2026-01-30 14:31:44,1,1,transaction_burst,1
8589,913,479,20096.04,2026-01-30 14:35:33,0,0,beneficiary_anomaly,1
7591,803,331,29810.06,2026-01-30 14:43:38,0,0,beneficiary_anomaly,0
7265,774,579,21798.92,2026-01-30 14:48:57,0,0,transaction_burst,1
4748,508,478,9081.84,2026-01-30 15:06:12,1,0,transaction_burst,1
6692,713,881,8854.54,2026-01-30 15:11:52,1,0,transaction_burst,1
1985,212,465,36504.8,2026-01-30 15:34:12,0,0,high_value,0
5776,616,596,31511.89,2026-01-30 16:00:38,0,1,rapid_movement,1
6808,722,527,5070.39,2026-01-30 16:02:28,0,0,normal,0
5546,590,354,3012.86,2026-01-30 16:11:51,0,0,normal,0
9364,995,635,18455.46,2026-01-30 16:15:39,1,1,beneficiary_anomaly,0
9159,980,545,2502.53,2026-01-30 16:36:34,0,0,normal,0
2898,309,738,3027.23,2026-01-30 16:55:04,0,1,normal,0
1055,105,43,10571.93,2026-01-30 17:09:46,0,0,transaction_burst,1
1308,138,70,2175.77,2026-01-30 17:10:30,0,0,normal,0
7659,813,729,31602.05,2026-01-30 17:10:43,0,0,behavioral_deviation,1
5566,593,676,5654.04,2026-01-30 17:52:09,0,0,normal,0
708,64,323,18513.66,2026-01-30 17:53:47,1,1,transaction_burst,1
6898,732,311,3822.9,2026-01-30 17:55:09,0,0,normal,0
8116,863,407,4485.08,2026-01-30 18:05:06,1,1,transaction_burst,1
5181,550,116,3811.81,2026-01-30 18:17:31,0,0,normal,0
6176,652,979,35185.55,2026-01-30 18:54:35,0,1,beneficiary_anomaly,0
3613,383,6,22593.92,2026-01-30 19:39:09,1,0,transaction_burst,0
8047,855,278,2010.74,2026-01-30 19:40:17,0,0,normal,0
1027,101,888,25906.7,2026-01-30 20:18:09,0,1,beneficiary_anomaly,1
3722,397,623,12858.8,2026-01-30 20:20:27,0,0,transaction_burst,1
6166,651,777,1894.0,2026-01-30 20:46:14,0,0,normal,0
6245,662,315,21309.22,2026-01-30 20:56:20,0,1,beneficiary_anomaly,0
534,46,735,18312.45,2026-01-30 21:09:52,0,0,transaction_burst,1
8906,948,430,21711.11,2026-01-30 21:12:23,0,1,beneficiary_anomaly,0
5527,587,230,3120.79,2026-01-30 21:34:26,0,0,normal,1
9181,982,782,17899.23,2026-01-30 21:36:39,0,0,transaction_burst,1
5365,571,838,4762.06,2026-01-30 21:42:00,0,1,normal,0
7454,789,4,15814.73,2026-01-30 22:05:28,0,0,transaction_burst,0
3815,407,872,1502.5,2026-01-30 22:11:16,0,0,normal,0
2477,265,604,27127.21,2026-01-30 22:18:58,0,0,beneficiary_anomaly,1
7922,841,69,3685.1,2026-01-30 22:47:13,0,0,normal,1
9228,985,727,3091.63,2026-01-30 23:16:27,0,0,normal,0
7400,786,590,3698.43,2026-01-31 00:01:23,0,0,normal,0
8041,854,883,18479.01,2026-01-31 00:03:54,0,0,beneficiary_anomaly,0
3350,358,850,23151.52,2026-01-31 00:23:30,0,0,transaction_burst,0
3450,367,813,20260.56,2026-01-31 00:27:12,0,0,transaction_burst,1
4055,428,338,15706.94,2026-01-31 00:59:40,1,0,transaction_burst,1
4671,503,690,10974.65,2026-01-31 01:05:05,0,1,beneficiary_anomaly,0
8696,926,991,2359.93,2026-01-31 01:39:24,0,0,normal,0
5724,609,202,17361.7,2026-01-31 02:05:05,0,0,rapid_movement,1
581,51,190,3602.62,2026-01-31 02:10:07,0,0,normal,0
8000,849,22,4407.15,2026-01-31 02:15:43,0,0,normal,0
6695,713,777,10646.3,2026-01-31 02:33:30,1,0,transaction_burst,1
5159,549,729,9807.11,2026-01-31 02:46:54,0,0,transaction_burst,1
6519,692,245,28974.6,2026-01-31 03:01:52,0,0,beneficiary_anomaly,0
2785,298,717,12689.14,2026-01-31 03:12:54,0,0,transaction_burst,1
3697,396,104,7016.48,2026-01-31 03:23:11,0,1,normal,0
1911,203,369,2816.65,2026-01-31 03:37:28,0,0,normal,1
7851,835,112,14023.4,2026-01-31 03:40:30,1,0,rapid_movement,1
3878,412,944,41526.08,2026-01-31 04:12:49,1,0,rapid_movement,1
8285,880,12,29871.69,2026-01-31 04:34:07,0,0,high_value,0
7579,802,214,3669.3,2026-01-31 04:58:49,0,0,normal,0
7329,779,263,7741.09,2026-01-31 05:00:45,1,0,transaction_burst,0
4362,459,593,12564.45,2026-01-31 05:08:39,0,0,transaction_burst,1
2374,254,178,5096.13,2026-01-31 05:11:04,0,0,normal,0
7155,761,426,18294.37,2026-01-31 05:19:25,0,0,rapid_movement,1
7857,837,291,4443.74,2026-01-31 05:50:41,0,0,transaction_burst,1
4707,506,720,11209.67,2026-01-31 05:58:26,1,1,transaction_burst,1
4110,432,88,2218.99,2026-01-31 06:26:15,0,0,transaction_burst,1
221,19,274,12338.98,2026-01-31 06:34:25,0,0,transaction_burst,1
5179,550,770,3111.52,2026-01-31 06:37:10,0,0,normal,0
8938,953,312,1404.91,2026-01-31 06:38:34,0,0,normal,0
562,50,565,2893.25,2026-01-31 06:40:23,0,0,normal,0
1365,145,756,4916.65,2026-01-31 06:48:03,0,0,normal,0
2187,236,279,4699.18,2026-01-31 06:54:46,1,0,transaction_burst,1
2546,272,887,4605.37,2026-01-31 07:31:10,0,1,normal,0
5086,543,559,16458.26,2026-01-31 07:52:17,0,0,transaction_burst,1
3678,394,823,35602.39,2026-01-31 08:41:18,1,1,rapid_movement,1
6077,641,362,37635.13,2026-01-31 08:57:58,1,0,rapid_movement,1
2140,230,722,3295.47,2026-01-31 09:20:22,0,0,normal,0
111,8,910,100.0,2026-01-31 09:24:33,0,0,transaction_burst,1
8029,853,603,35115.15,2026-01-31 09:44:18,0,0,beneficiary_anomaly,0
7053,750,304,11984.75,2026-01-31 09:51:04,0,0,transaction_burst,1
7074,751,906,3676.07,2026-01-31 10:02:08,0,0,normal,0
7001,745,124,2121.67,2026-01-31 10:10:19,0,0,normal,0
6628,707,744,2650.74,2026-01-31 10:22:46,0,0,transaction_burst,1
5921,630,216,12406.2,2026-01-31 10:40:09,1,0,transaction_burst,1
6611,707,77,11987.7,2026-01-31 10:59:14,0,0,transaction_burst,1
6015,637,497,49263.4,2026-01-31 11:08:50,1,0,rapid_movement,1
7321,779,161,16660.48,2026-01-31 11:14:57,0,0,transaction_burst,0
8222,871,479,30462.92,2026-01-31 11:26:56,1,0,rapid_movement,1
1081,106,566,33855.83,2026-01-31 11:29:47,0,0,rapid_movement,0
287,23,60,4122.89,2026-01-31 11:33:10,0,0,behavioral_deviation,1
4008,426,420,6063.54,2026-01-31 11:33:47,0,0,transaction_burst,0
1509,161,279,5261.88,2026-01-31 11:46:43,0,1,normal,0
994,97,246,2886.41,2026-01-31 12:12:34,0,0,normal,0
8109,862,821,47547.51,2026-01-31 12:50:09,0,0,rapid_movement,1
2154,233,155,100.0,2026-01-31 12:51:21,0,0,behavioral_deviation,1
216,19,125,29144.63,2026-01-31 13:16:57,0,1,transaction_burst,1
4170,437,980,1656.12,2026-01-31 13:18:50,0,0,normal,0
3381,359,898,3370.91,2026-01-31 13:20:29,0,0,normal,0
7232,770,319,35752.94,2026-01-31 13:21:11,0,0,high_value,0
6684,712,70,45284.16,2026-01-31 13:23:32,0,0,rapid_movement,0
2060,219,26,24302.41,2026-01-31 13:38:54,0,0,behavioral_deviation,0
970,92,43,34559.51,2026-01-31 13:41:42,0,0,rapid_movement,1
3032,325,597,10559.11,2026-01-31 13:47:34,0,0,transaction_burst,1
1472,158,129,37516.63,2026-01-31 13:58:39,1,0,rapid_movement,1
8935,953,840,2907.53,2026-01-31 14:00:46,0,0,normal,0
3939,418,465,8065.28,2026-01-31 14:03:21,0,0,transaction_burst,1
3445,367,854,13369.31,2026-01-31 14:09:14,0,0,transaction_burst,1
3549,377,157,26641.61,2026-01-31 14:23:43,0,0,behavioral_deviation,0
8982,957,187,10593.14,2026-01-31 14:44:38,0,0,transaction_burst,1
4186,439,159,15814.01,2026-01-31 14:45:49,1,0,rapid_movement,1
6644,708,960,13855.88,2026-01-31 14:46:26,0,0,transaction_burst,1
1671,178,290,36419.19,2026-01-31 14:55:58,0,0,behavioral_deviation,1
8607,915,3,24212.23,2026-01-31 14:56:16,0,0,behavioral_deviation,0
6859,728,565,4265.71,2026-01-31 15:05:11,0,0,normal,0
7091,752,802,3242.49,2026-01-31 15:23:09,0,0,normal,0
7682,816,481,6759.1,2026-01-31 15:26:18,0,0,beneficiary_anomaly,0
3520,373,813,3600.2,2026-01-31 15:42:40,0,0,normal,0
1974,211,150,24634.24,2026-01-31 15:46:27,0,1,rapid_movement,1
7929,842,20,26744.87,2026-01-31 16:05:03,0,1,transaction_burst,0
8102,862,187,32383.38,2026-01-31 16:06:42,0,0,rapid_movement,1
3775,403,231,15205.07,2026-01-31 16:18:20,0,1,transaction_burst,0
4401,464,379,3679.61,2026-01-31 16:25:15,0,0,normal,0
609,53,441,10154.83,2026-01-31 16:28:55,0,0,transaction_burst,1
8939,953,298,3425.55,2026-01-31 16:37:39,0,0,normal,0
7874,837,292,17130.74,2026-01-31 16:38:17,0,0,transaction_burst,1
7984,847,666,2366.09,2026-01-31 16:59:05,0,0,normal,0
4358,459,382,17319.51,2026-01-31 17:00:41,0,1,transaction_burst,1
1185,118,402,38603.52,2026-01-31 17:06:32,0,0,rapid_movement,0
1361,144,945,50220.1,2026-01-31 17:24:34,0,0,high_value,0
277,22,850,4265.91,2026-01-31 17:57:13,0,0,normal,0
2038,217,528,938.26,2026-01-31 17:59:20,0,0,normal,0
9175,981,738,21608.8,2026-01-31 18:16:00,0,1,behavioral_deviation,1
7269,775,479,1949.95,2026-01-31 19:02:11,0,0,normal,0
344,27,183,3548.23,2026-01-31 19:11:08,0,0,normal,0
4778,511,345,2077.39,2026-01-31 19:39:42,0,0,normal,0
762,71,110,5401.31,2026-01-31 19:55:12,0,0,normal,0
9111,970,347,5127.35,2026-01-31 20:05:14,0,0,normal,0
1000,98,653,437.87,2026-01-31 20:22:33,0,0,normal,0
3877,412,245,49635.48,2026-01-31 20:23:48,0,0,rapid_movement,1
8227,872,757,3602.23,2026-01-31 20:59:56,0,0,normal,0
497,45,541,16633.27,2026-01-31 21:19:51,1,0,transaction_burst,1
7551,799,145,24768.85,2026-01-31 22:21:48,1,0,rapid_movement,0
3300,353,733,49564.99,2026-01-31 22:38:15,0,0,high_value,0
6475,689,170,21049.53,2026-01-31 22:39:24,1,1,transaction_burst,1
2805,299,766,17187.12,2026-01-31 22:43:25,0,0,transaction_burst,1
2552,273,49,2666.18,2026-01-31 23:18:10,0,0,normal,0
2367,253,183,2560.64,2026-01-31 23:52:18,0,0,normal,0
1243,128,10,657.6,2026-02-01 00:05:00,0,0,normal,1
1999,214,583,19219.55,2026-02-01 00:30:40,0,1,transaction_burst,1
4009,426,970,17252.13,2026-02-01 00:39:20,0,0,transaction_burst,0
648,56,897,14397.15,2026-02-01 00:58:42,0,0,transaction_burst,1
4410,466,769,22606.04,2026-02-01 01:01:49,1,0,rapid_movement,1
7964,844,870,100.0,2026-02-01 01:04:03,0,0,normal,0
2927,313,302,1396.84,2026-02-01 01:12:51,0,0,normal,0
6404,679,944,921.07,2026-02-01 01:55:50,0,0,normal,0
6973,741,298,1801.95,2026-02-01 02:15:24,0,0,normal,0
5396,572,341,5589.68,2026-02-01 02:33:34,1,0,transaction_burst,1
2957,317,501,100.0,2026-02-01 02:36:00,0,0,normal,0
3659,390,260,16379.86,2026-02-01 03:20:46,0,1,beneficiary_anomaly,0
3371,358,10,9887.65,2026-02-01 03:24:32,0,0,transaction_burst,0
4398,464,441,3081.49,2026-02-01 03:26:11,0,0,normal,0
6661,708,913,4348.53,2026-02-01 03:26:28,0,0,transaction_burst,1
733,64,188,15344.38,2026-02-01 03:34:00,1,0,transaction_burst,1
5468,579,100,10043.51,2026-02-01 04:18:27,0,1,beneficiary_anomaly,1
2658,287,743,1583.53,2026-02-01 04:53:06,0,0,normal,0
4582,493,7,18590.13,2026-02-01 04:54:06,1,0,rapid_movement,1
5929,630,970,19001.55,2026-02-01 05:09:09,0,0,transaction_burst,1
2286,242,609,16487.07,2026-02-01 05:16:48,0,0,transaction_burst,1
6956,739,896,2467.1,2026-02-01 05:37:28,0,0,normal,0
8160,866,64,15619.73,2026-02-01 05:40:30,0,0,beneficiary_anomaly,0
1516,163,749,5105.41,2026-02-01 06:02:23,0,0,normal,0
8936,953,868,2975.34,2026-02-01 06:03:20,0,0,normal,0
5666,605,336,39205.19,2026-02-01 06:09:23,0,1,behavioral_deviation,0
9143,976,305,74812.76,2026-02-01 06:31:17,0,0,high_value,0
6002,635,179,2206.55,2026-02-01 06:32:47,0,0,normal,0
8618,916,469,21065.7,2026-02-01 06:33:10,1,1,behavioral_deviation,1
4950,529,593,1833.89,2026-02-01 06:34:56,0,0,transaction_burst,0
890,83,880,16293.23,2026-02-01 06:49:52,0,0,transaction_burst,1
5311,567,320,21460.42,2026-02-01 07:13:33,1,0,transaction_burst,1
242,21,191,14010.25,2026-02-01 07:23:07,1,0,transaction_burst,1
572,51,561,3422.71,2026-02-01 07:33:27,0,0,normal,0
2285,242,828,10660.28,2026-02-01 07:45:11,0,0,transaction_burst,1
4126,433,438,47779.56,2026-02-01 08:12:37,1,0,rapid_movement,1
6274,664,477,1174.91,2026-02-01 08:16:40,0,1,normal,0
8914,949,348,22386.97,2026-02-01 08:39:38,0,0,beneficiary_anomaly,0
3063,327,638,9919.39,2026-02-01 08:40:27,0,0,transaction_burst,1
8366,891,190,850.74,2026-02-01 08:53:05,0,0,normal,0
5195,551,284,2931.59,2026-02-01 08:58:36,0,0,normal,0
7450,789,577,19049.71,2026-02-01 09:12:36,1,0,transaction_burst,0
7726,820,97,4886.65,2026-02-01 09:25:04,0,1,normal,0
6230,660,654,442.2,2026-02-01 09:35:17,0,0,normal,0
829,78,521,31120.61,2026-02-01 10:08:59,0,0,rapid_movement,1
6278,665,497,819.74,2026-02-01 10:36:32,0,0,normal,0
6779,719,221,53488.32,2026-02-01 10:44:56,1,0,rapid_movement,1
2105,225,794,4188.6,2026-02-01 10:47:20,0,0,normal,0
6336,670,71,4185.82,2026-02-01 11:01:56,0,0,normal,0
214,19,468,3725.1,2026-02-01 11:02:44,0,0,transaction_burst,1
5998,634,809,2519.2,2026-02-01 11:36:11,0,0,normal,0
6589,704,984,25522.5,2026-02-01 12:06:57,0,0,beneficiary_anomaly,0
2765,296,169,20866.44,2026-02-01 12:13:24,0,1,beneficiary_anomaly,0
5210,554,591,20123.62,2026-02-01 12:34:37,0,1,beneficiary_anomaly,0
3268,346,278,12451.22,2026-02-01 13:03:12,0,0,transaction_burst,1
448,42,493,18011.0,2026-02-01 13:05:36,0,0,transaction_burst,1
7561,800,153,32535.9,2026-02-01 13:10:17,0,0,rapid_movement,1
2832,300,424,76509.43,2026-02-01 13:16:48,0,0,high_value,0
1099,109,590,4129.2,2026-02-01 13:23:27,0,0,normal,0
2632,283,381,2492.55,2026-02-01 13:40:41,0,0,normal,0
8830,939,224,27331.33,2026-02-01 13:46:59,0,1,beneficiary_anomaly,0
9021,960,568,6039.53,2026-02-01 13:48:56,0,0,normal,0
675,59,544,3150.21,2026-02-01 14:12:46,0,0,normal,0
1620,172,802,4074.7,2026-02-01 14:33:34,0,0,normal,1
8491,903,268,1881.65,2026-02-01 14:36:19,0,0,normal,1
8978,957,500,16564.33,2026-02-01 14:50:14,1,0,transaction_burst,1
139,11,72,5697.43,2026-02-01 15:19:02,0,0,normal,0
2383,256,165,36017.7,2026-02-01 15:31:46,1,0,rapid_movement,1
6627,707,613,15496.78,2026-02-01 15:40:21,0,0,transaction_burst,1
1823,195,454,5058.66,2026-02-01 15:40:59,0,0,normal,0
3400,363,572,1783.67,2026-02-01 15:42:52,0,0,normal,0
6252,662,617,6554.26,2026-02-01 15:50:23,0,0,beneficiary_anomaly,0
7718,820,328,3162.82,2026-02-01 15:54:54,0,0,normal,0
7618,806,197,2056.22,2026-02-01 16:08:00,0,0,normal,0
7517,796,555,6819.25,2026-02-01 16:28:04,0,0,normal,0
1402,150,905,2734.58,2026-02-01 16:57:48,0,0,normal,0
4970,530,34,2210.45,2026-02-01 17:22:21,0,0,normal,0
6028,638,891,34598.5,2026-02-01 17:41:07,1,0,rapid_movement,1
6943,737,71,2249.95,2026-02-01 18:11:49,0,0,normal,0
4902,524,460,46945.71,2026-02-01 18:29:33,0,0,high_value,0
2208,237,353,4970.83,2026-02-01 18:46:19,0,0,normal,0
1211,123,332,3841.92,2026-02-01 19:08:16,0,0,normal,0
3973,421,24,23922.65,2026-02-01 19:13:06,1,0,rapid_movement,1
2466,264,392,2228.33,2026-02-01 19:22:18,0,0,normal,0
5262,562,391,5073.53,2026-02-01 19:43:16,0,1,normal,0
9340,993,322,16453.53,2026-02-01 20:16:03,0,0,transaction_burst,0
8287,881,797,2836.03,2026-02-01 20:32:02,0,0,normal,0
2864,304,691,4310.35,2026-02-01 20:47:44,0,0,normal,0
4957,529,731,10628.69,2026-02-01 20:49:46,0,0,transaction_burst,0
3290,350,46,534.4,2026-02-01 20:50:02,0,0,normal,0
6620,707,263,14028.22,2026-02-01 20:58:35,1,1,transaction_burst,1
5433,574,913,19893.22,2026-02-01 21:03:37,1,0,transaction_burst,1
199,16,284,2039.26,2026-02-01 21:14:32,0,0,normal,0
5856,623,871,42107.09,2026-02-01 21:52:14,0,1,behavioral_deviation,0
3984,424,622,2524.94,2026-02-01 21:58:12,0,0,normal,0
2020,215,704,41524.25,2026-02-01 22:29:50,1,0,rapid_movement,1
4290,451,330,2538.93,2026-02-01 22:51:36,0,0,normal,0
8824,938,381,2833.13,2026-02-01 23:00:13,1,0,normal,0
1967,210,914,5135.73,2026-02-01 23:04:23,0,0,normal,0
4172,437,350,1204.81,2026-02-01 23:04:59,0,0,normal,0
7830,833,113,6076.83,2026-02-01 23:08:55,0,0,normal,0
6174,652,622,2778.37,2026-02-01 23:31:37,0,1,beneficiary_anomaly,0
7390,785,929,5690.74,2026-02-01 23:39:06,1,1,behavioral_deviation,0
1127,113,578,722.45,2026-02-01 23:53:39,0,0,normal,0
6235,660,674,7750.26,2026-02-02 00:00:12,0,0,normal,0
75,7,370,8839.71,2026-02-02 00:51:41,0,1,transaction_burst,1
7377,783,630,3314.43,2026-02-02 00:52:49,0,0,normal,0
526,46,347,8717.97,2026-02-02 00:53:11,0,0,transaction_burst,1
1764,188,694,3000.5,2026-02-02 00:54:20,0,0,normal,0
2965,318,251,31704.08,2026-02-02 00:57:34,1,0,rapid_movement,1
6691,713,33,21245.74,2026-02-02 01:01:10,0,0,transaction_burst,1
2978,319,642,1182.15,2026-02-02 02:25:21,0,0,normal,0
4360,459,735,10362.2,2026-02-02 02:34:31,0,0,transaction_burst,1
881,83,622,4488.89,2026-02-02 02:38:37,1,1,transaction_burst,1
7165,762,382,4519.74,2026-02-02 02:52:17,0,0,normal,0
4996,533,155,155.71,2026-02-02 03:00:43,0,0,normal,0
3987,424,522,1257.09,2026-02-02 03:03:07,0,0,normal,0
7757,824,520,49996.9,2026-02-02 03:43:00,1,1,rapid_movement,1
8332,887,311,1085.71,2026-02-02 04:10:41,0,0,normal,0
5412,574,738,16161.96,2026-02-02 04:23:53,0,1,transaction_burst,1
2752,295,562,14334.52,2026-02-02 04:32:38,1,0,transaction_burst,1
8414,895,688,6057.1,2026-02-02 04:35:41,1,0,transaction_burst,1
823,77,976,4335.04,2026-02-02 04:37:52,0,0,normal,0
6688,713,616,12554.22,2026-02-02 04:58:09,0,0,transaction_burst,1
4994,532,486,49899.84,2026-02-02 06:34:08,1,0,rapid_movement,1
514,46,965,17625.14,2026-02-02 06:49:32,1,0,transaction_burst,1
8962,955,644,55180.62,2026-02-02 07:04:31,0,1,behavioral_deviation,1
588,53,539,4077.46,2026-02-02 07:13:56,0,1,transaction_burst,1
3271,347,656,38503.33,2026-02-02 07:16:44,0,0,behavioral_deviation,1
8163,866,65,8620.34,2026-02-02 07:54:09,0,1,beneficiary_anomaly,0
9134,974,928,22684.38,2026-02-02 07:58:28,0,0,beneficiary_anomaly,0
1535,167,463,14519.98,2026-02-02 08:04:30,0,0,transaction_burst,1
1783,191,401,27432.07,2026-02-02 08:18:47,0,0,behavioral_deviation,0
4242,445,927,3511.41,2026-02-02 08:27:15,0,0,normal,0
9251,987,744,3268.21,2026-02-02 08:32:16,0,1,normal,0
1438,152,137,3157.17,2026-02-02 08:40:01,0,0,beneficiary_anomaly,0
6260,663,312,1043.6,2026-02-02 08:42:59,0,1,normal,0
3039,325,574,13629.74,2026-02-02 09:15:02,0,0,transaction_burst,1
2526,270,796,4482.54,2026-02-02 09:21:00,0,0,normal,0
9223,984,871,4498.64,2026-02-02 09:35:26,0,0,normal,0
4264,447,346,42557.95,2026-02-02 09:37:55,0,0,behavioral_deviation,0
4234,444,688,3328.93,2026-02-02 09:44:57,0,0,normal,0
2455,262,968,11171.34,2026-02-02 09:53:38,1,0,transaction_burst,0
696,62,990,903.5,2026-02-02 09:55:40,0,0,normal,0
1079,106,940,56097.33,2026-02-02 10:23:41,0,0,rapid_movement,0
670,58,757,56766.31,2026-02-02 10:36:11,0,0,high_value,0
1411,151,420,15369.83,2026-02-02 10:44:42,0,0,transaction_burst,1
4075,430,623,17100.62,2026-02-02 11:04:06,0,0,transaction_burst,0
9376,999,857,18024.18,2026-02-02 11:05:23,0,0,behavioral_deviation,0
2603,280,190,20797.47,2026-02-02 11:21:13,1,1,beneficiary_anomaly,1
5385,572,551,16576.16,2026-02-02 11:24:28,0,0,transaction_burst,1
1719,185,215,700.03,2026-02-02 11:32:30,1,1,transaction_burst,1
9205,982,455,12839.64,2026-02-02 11:53:30,1,0,transaction_burst,1
3784,403,108,13344.52,2026-02-02 11:55:46,0,1,transaction_burst,0
8977,957,179,14400.38,2026-02-02 11:59:00,0,0,transaction_burst,1
7299,778,32,3454.88,2026-02-02 12:41:31,0,0,normal,0
2344,250,340,4697.62,2026-02-02 12:46:56,0,0,normal,0
3661,391,486,36443.99,2026-02-02 12:53:56,0,0,high_value,0
5925,630,698,6306.91,2026-02-02 13:15:26,1,0,transaction_burst,1
462,42,679,8656.98,2026-02-02 13:32:29,0,0,transaction_burst,1
6191,653,532,28218.82,2026-02-02 13:54:22,0,0,rapid_movement,1
7372,783,164,2839.4,2026-02-02 14:01:54,0,0,normal,0
3931,418,480,18951.0,2026-02-02 14:12:17,0,1,transaction_burst,1
4357,459,259,10434.47,2026-02-02 14:17:12,0,0,transaction_burst,1
5133,546,804,3802.2,2026-02-02 14:30:40,0,0,normal,0
4066,430,50,14050.76,2026-02-02 14:54:05,0,1,transaction_burst,0
4459,474,354,2462.5,2026-02-02 15:13:06,0,0,normal,0
1209,123,477,4858.74,2026-02-02 15:45:43,0,0,normal,0
6353,672,694,40302.69,2026-02-02 16:14:00,0,0,high_value,0
7797,826,40,4184.04,2026-02-02 16:49:01,0,0,normal,0
8528,908,1000,2209.37,2026-02-02 16:51:53,0,0,normal,0
2880,306,152,4226.14,2026-02-02 17:02:24,0,0,normal,0
3301,353,106,43992.24,2026-02-02 17:54:04,0,0,high_value,0
2862,303,102,1634.73,2026-02-02 18:00:21,0,0,normal,0
4068,430,827,12030.33,2026-02-02 18:04:26,1,0,transaction_burst,0
4658,501,840,33080.98,2026-02-02 18:08:04,1,0,rapid_movement,1
9262,989,924,3333.02,2026-02-02 18:11:12,0,0,normal,0
3415,364,122,100.0,2026-02-02 18:58:13,0,0,normal,0
8070,858,393,9393.34,2026-02-02 19:05:16,1,0,beneficiary_anomaly,0
6496,689,506,18144.37,2026-02-02 19:37:49,0,0,transaction_burst,1
1615,172,715,881.94,2026-02-02 20:00:45,0,0,normal,1
8076,859,102,3743.06,2026-02-02 20:06:32,0,0,normal,0
5019,537,711,3997.59,2026-02-02 20:13:05,0,0,normal,0
8959,955,650,36548.84,2026-02-02 20:29:37,0,0,behavioral_deviation,1
7868,837,618,9924.98,2026-02-02 20:32:33,1,0,transaction_burst,1
5495,583,306,2312.73,2026-02-02 20:38:28,0,0,normal,0
3927,418,366,14095.87,2026-02-02 20:44:31,0,1,transaction_burst,1
6516,691,686,1214.46,2026-02-02 20:55:52,0,0,normal,0
1624,173,755,5124.41,2026-02-02 21:20:06,0,0,normal,0
6315,667,866,18365.44,2026-02-02 21:30:44,0,0,transaction_burst,1
5624,602,350,5187.92,2026-02-02 21:32:02,1,1,transaction_burst,1
3801,405,32,8986.05,2026-02-02 21:46:02,0,1,behavioral_deviation,0
892,83,933,18112.87,2026-02-02 22:11:04,0,1,transaction_burst,1
4737,508,326,21970.87,2026-02-02 22:22:24,0,0,transaction_burst,1
3297,352,809,3054.68,2026-02-02 22:35:23,0,0,normal,0
3267,346,999,15884.56,2026-02-02 22:37:43,1,1,transaction_burst,1
2435,262,990,11413.86,2026-02-02 22:41:34,0,0,transaction_burst,0
7270,775,368,4725.79,2026-02-02 23:15:44,0,0,normal,0
3473,370,766,14391.75,2026-02-02 23:49:25,0,0,beneficiary_anomaly,0
1194,119,262,818.03,2026-02-02 23:53:11,0,0,normal,0
3765,403,610,10332.28,2026-02-02 23:57:16,0,0,transaction_burst,0
1652,177,572,4591.37,2026-02-02 23:59:22,0,0,normal,0
1744,186,437,32340.32,2026-02-03 00:00:42,0,0,rapid_movement,1
4099,432,968,23108.9,2026-02-03 00:04:23,0,1,transaction_burst,1
1670,178,77,54205.25,2026-02-03 00:07:07,1,1,behavioral_deviation,1
8799,935,204,6756.27,2026-02-03 00:14:56,0,0,transaction_burst,1
311,25,641,8480.91,2026-02-03 00:22:45,0,0,transaction_burst,1
8074,859,744,3282.15,2026-02-03 00:35:17,0,0,normal,0
7963,844,670,2494.81,2026-02-03 00:39:42,0,0,normal,0
9146,977,144,2967.21,2026-02-03 00:47:46,0,0,normal,0
4168,436,168,2019.31,2026-02-03 00:50:15,0,1,normal,0
2158,233,469,100.0,2026-02-03 00:56:24,0,0,behavioral_deviation,1
2595,279,613,7906.09,2026-02-03 01:04:54,0,1,beneficiary_anomaly,0
937,88,816,3042.38,2026-02-03 01:30:04,0,0,normal,1
7736,821,42,5550.72,2026-02-03 01:47:03,0,0,normal,0
9319,992,145,100.0,2026-02-03 01:49:28,1,0,transaction_burst,1
3736,398,142,5425.87,2026-02-03 02:29:35,0,0,normal,0
6423,682,269,2932.61,2026-02-03 03:08:47,0,0,normal,0
3102,331,58,25059.78,2026-02-03 03:58:25,0,1,rapid_movement,1
5879,626,729,5859.93,2026-02-03 04:19:42,0,1,normal,0
4545,487,661,4739.11,2026-02-03 04:27:07,0,0,normal,0
5409,574,815,6310.93,2026-02-03 05:08:30,1,0,transaction_burst,1
5891,627,427,18795.42,2026-02-03 05:16:37,0,0,transaction_burst,0
2406,257,640,10776.14,2026-02-03 05:21:09,0,0,transaction_burst,1
4958,529,832,6597.68,2026-02-03 05:32:22,0,0,transaction_burst,0
5408,574,79,17736.69,2026-02-03 05:47:26,0,0,transaction_burst,1
5218,556,490,3046.79,2026-02-03 05:52:54,0,0,normal,0
5486,582,273,2843.15,2026-02-03 05:59:12,0,0,normal,0
6553,699,7,31075.32,2026-02-03 06:16:48,1,0,rapid_movement,1
909,85,707,3960.45,2026-02-03 06:55:47,0,0,normal,0
5596,597,399,39942.18,2026-02-03 06:59:53,1,0,rapid_movement,0
795,74,230,4694.96,2026-02-03 07:03:49,0,0,normal,0
268,21,172,18848.88,2026-02-03 07:47:46,0,0,transaction_burst,1
6566,701,338,3705.53,2026-02-03 08:07:39,0,0,normal,0
4643,500,333,3759.94,2026-02-03 08:10:38,0,0,normal,0
5876,625,702,33133.63,2026-02-03 08:27:54,1,1,behavioral_deviation,1
3079,327,4,26893.62,2026-02-03 08:48:51,0,0,transaction_burst,1
102,8,507,4281.64,2026-02-03 08:51:50,0,0,transaction_burst,1
1239,128,342,2095.44,2026-02-03 08:51:58,0,0,normal,1
1286,134,780,2212.6,2026-02-03 08:53:47,0,0,normal,0
8400,894,636,2055.2,2026-02-03 08:56:19,0,0,normal,0
5730,610,866,3815.89,2026-02-03 09:06:07,0,0,normal,0
364,30,434,22869.57,2026-02-03 09:08:14,1,0,rapid_movement,1
317,25,569,15787.43,2026-02-03 09:45:52,0,0,transaction_burst,1
5259,562,152,3659.68,2026-02-03 10:04:24,0,0,normal,0
8858,942,963,13506.8,2026-02-03 10:40:00,0,0,transaction_burst,1
7256,774,336,11437.08,2026-02-03 10:41:30,0,0,transaction_burst,1
3580,381,32,57232.49,2026-02-03 11:07:58,0,0,high_value,0
3495,371,319,14393.13,2026-02-03 11:26:41,1,0,transaction_burst,1
3945,418,42,10087.78,2026-02-03 11:36:59,1,1,transaction_burst,1
2684,291,34,9312.26,2026-02-03 12:47:59,1,0,transaction_burst,1
5849,622,658,100.0,2026-02-03 12:57:34,0,0,normal,0
9072,965,205,3028.25,2026-02-03 12:59:30,0,1,behavioral_deviation,1
7129,758,548,4528.61,2026-02-03 13:02:35,0,1,behavioral_deviation,0
4508,482,725,1932.75,2026-02-03 13:32:19,0,0,normal,0
5221,556,404,5035.87,2026-02-03 13:43:51,0,0,normal,0
2037,217,341,5246.62,2026-02-03 13:59:26,0,0,normal,0
4334,457,962,38502.84,2026-02-03 14:04:40,0,0,behavioral_deviation,1
365,30,588,47791.73,2026-02-03 14:06:27,0,0,rapid_movement,1
9368,996,615,2156.94,2026-02-03 14:07:07,0,0,normal,0
1491,160,587,7482.33,2026-02-03 14:13:23,1,0,transaction_burst,1
7167,763,943,1267.44,2026-02-03 14:17:26,0,0,normal,0
3762,402,799,19835.88,2026-02-03 14:37:54,0,0,beneficiary_anomaly,0
306,25,321,7428.05,2026-02-03 14:46:29,0,0,transaction_burst,1
2441,262,106,14483.33,2026-02-03 14:55:23,0,0,transaction_burst,0
9374,998,777,237.91,2026-02-03 15:14:26,0,0,normal,0
8030,853,690,20154.59,2026-02-03 15:55:58,0,1,beneficiary_anomaly,0
4529,484,844,3519.7,2026-02-03 16:25:21,0,0,normal,0
2189,236,224,13796.79,2026-02-03 16:32:07,0,0,transaction_burst,1
6213,656,639,3006.84,2026-02-03 16:34:43,0,0,normal,0
5377,572,241,10573.65,2026-02-03 17:00:17,1,0,transaction_burst,1
3156,338,134,42985.63,2026-02-03 17:50:57,0,0,rapid_movement,1
2500,267,8,5069.16,2026-02-03 17:58:35,0,0,normal,0
7138,760,457,5514.31,2026-02-03 18:11:35,0,0,normal,0
7042,749,849,14295.94,2026-02-03 18:36:27,0,1,transaction_burst,1
1839,197,668,65415.95,2026-02-03 18:59:51,0,0,high_value,0
867,81,2,44108.45,2026-02-03 19:29:06,0,0,rapid_movement,1
246,21,62,6005.13,2026-02-03 20:03:24,1,0,transaction_burst,1
1019,100,158,1354.69,2026-02-03 20:07:14,1,1,behavioral_deviation,1
8970,956,287,24280.86,2026-02-03 20:11:59,0,1,beneficiary_anomaly,0
5725,609,102,41588.36,2026-02-03 20:28:33,0,0,rapid_movement,1
3631,386,344,43093.16,2026-02-03 20:30:52,0,0,behavioral_deviation,0
4389,463,325,27481.69,2026-02-03 20:41:38,0,0,behavioral_deviation,1
6543,696,243,3329.14,2026-02-03 20:51:38,0,0,normal,0
68,7,795,7949.32,2026-02-03 21:08:56,1,0,transaction_burst,1
5302,566,809,47669.99,2026-02-03 21:22:15,0,0,rapid_movement,1
6459,687,476,3728.9,2026-02-03 21:36:55,0,1,normal,0
2442,262,952,13237.24,2026-02-03 21:39:22,0,0,transaction_burst,0
1896,202,162,13740.79,2026-02-03 22:16:34,0,0,behavioral_deviation,1
1718,185,448,4681.66,2026-02-03 23:03:55,1,0,transaction_burst,1
2305,244,301,657.9,2026-02-03 23:24:50,0,0,normal,0
5132,546,637,6140.88,2026-02-03 23:30:19,0,0,normal,0
292,24,236,5822.41,2026-02-03 23:39:24,0,0,beneficiary_anomaly,1
4161,435,726,2426.09,2026-02-04 00:09:46,0,0,normal,0
4140,434,403,8438.93,2026-02-04 00:24:11,0,0,transaction_burst,0
4693,505,601,2447.77,2026-02-04 00:53:53,0,0,normal,0
6839,725,471,2364.19,2026-02-04 00:57:29,0,0,normal,0
2577,277,329,4846.88,2026-02-04 01:01:04,0,0,normal,0
4013,426,102,9642.02,2026-02-04 01:27:28,0,1,transaction_burst,0
1662,178,154,1539.4,2026-02-04 01:38:32,1,1,behavioral_deviation,1
5043,540,881,12398.0,2026-02-04 02:13:11,1,1,transaction_burst,1
5296,565,608,32311.77,2026-02-04 02:34:09,0,0,high_value,0
2005,214,706,6452.4,2026-02-04 02:58:27,0,0,transaction_burst,1
4291,451,460,2330.86,2026-02-04 03:18:36,0,0,normal,0
5282,563,697,16886.3,2026-02-04 03:21:37,0,1,transaction_burst,1
7822,831,547,33201.22,2026-02-04 03:23:25,0,0,high_value,0
2558,273,2,4784.57,2026-02-04 03:23:47,0,0,normal,0
6789,720,590,31683.07,2026-02-04 03:32:47,0,0,behavioral_deviation,0
4416,467,85,60231.28,2026-02-04 03:41:16,0,0,high_value,0
1865,201,242,8156.07,2026-02-04 03:49:37,0,1,transaction_burst,1
7938,842,283,10511.28,2026-02-04 04:15:41,0,0,transaction_burst,0
7746,823,975,3957.44,2026-02-04 04:39:52,0,0,normal,1
2934,313,154,3084.41,2026-02-04 04:46:12,0,0,normal,0
6762,716,662,2391.84,2026-02-04 04:54:31,0,0,normal,0
3074,327,164,3985.78,2026-02-04 04:57:33,1,0,transaction_burst,1
9004,958,827,2841.22,2026-02-04 05:32:17,0,0,normal,0
8143,863,822,16905.52,2026-02-04 05:35:48,0,0,transaction_burst,1
8155,865,204,2001.18,2026-02-04 05:42:37,0,0,normal,0
7569,801,75,36633.56,2026-02-04 06:25:26,0,0,rapid_movement,1
1463,157,344,4115.11,2026-02-04 06:41:12,0,0,normal,0
6412,680,910,5236.36,2026-02-04 07:01:53,0,0,normal,0
1116,111,61,3122.3,2026-02-04 07:02:15,0,0,normal,1
8796,935,219,11912.93,2026-02-04 07:10:32,1,0,transaction_burst,1
2362,253,303,2043.03,2026-02-04 07:30:18,0,1,normal,0
7602,804,682,25641.92,2026-02-04 07:31:18,0,0,high_value,0
8477,902,91,2091.95,2026-02-04 07:35:17,0,0,normal,0
7189,765,168,6945.46,2026-02-04 07:39:36,0,1,beneficiary_anomaly,0
8777,935,596,8324.52,2026-02-04 08:25:08,0,0,transaction_burst,1
7159,761,566,36170.13,2026-02-04 08:26:45,1,0,rapid_movement,1
1267,132,875,22001.23,2026-02-04 09:57:58,0,0,behavioral_deviation,1
4607,495,381,16720.29,2026-02-04 10:09:00,1,0,transaction_burst,1
839,79,286,49976.42,2026-02-04 10:12:35,0,0,high_value,0
7985,847,947,2688.79,2026-02-04 10:23:40,0,0,normal,0
402,35,448,1823.61,2026-02-04 10:40:46,0,0,normal,0
8052,856,197,3781.86,2026-02-04 10:57:54,0,0,normal,0
1016,100,430,56361.65,2026-02-04 11:07:53,0,0,behavioral_deviation,1
4173,437,666,3200.52,2026-02-04 11:35:37,0,0,normal,0
9242,986,68,11430.79,2026-02-04 11:43:22,0,1,beneficiary_anomaly,0
2814,299,856,19556.03,2026-02-04 11:47:54,0,0,transaction_burst,1
8395,894,943,1758.81,2026-02-04 11:58:33,0,0,normal,0
6347,671,863,6853.2,2026-02-04 12:00:20,0,0,normal,0
7325,779,389,11895.04,2026-02-04 12:38:48,0,0,transaction_burst,0
6022,637,75,20959.69,2026-02-04 12:50:08,1,0,rapid_movement,1
83,7,217,13747.39,2026-02-04 13:02:38,0,0,transaction_burst,1
4226,443,761,29440.24,2026-02-04 13:09:00,0,0,rapid_movement,1
1037,103,313,2061.74,2026-02-04 13:16:53,0,0,normal,0
5811,620,616,4864.27,2026-02-04 13:32:27,0,0,normal,0
1410,151,430,15964.63,2026-02-04 13:34:20,0,0,transaction_burst,1
6919,736,197,36329.57,2026-02-04 13:50:30,0,0,rapid_movement,1
2499,267,614,3572.13,2026-02-04 13:54:18,0,0,normal,0
378,31,59,43781.76,2026-02-04 14:13:50,0,0,rapid_movement,1
2801,299,573,18307.72,2026-02-04 14:27:59,1,0,transaction_burst,1
5038,539,233,1084.6,2026-02-04 14:47:29,0,0,normal,0
638,56,656,9716.25,2026-02-04 15:01:34,0,0,transaction_burst,1
7363,782,137,8557.45,2026-02-04 15:41:24,0,1,beneficiary_anomaly,0
2335,250,828,100.0,2026-02-04 15:43:15,0,0,normal,0
6891,732,872,1050.27,2026-02-04 15:50:36,0,0,normal,0
4468,475,793,2836.94,2026-02-04 15:50:56,0,0,normal,0
4674,503,479,2737.4,2026-02-04 16:04:51,0,0,beneficiary_anomaly,0
1455,156,872,25720.44,2026-02-04 16:27:50,0,0,rapid_movement,1
6751,715,621,8524.1,2026-02-04 16:35:56,1,0,transaction_burst,1
6570,702,776,3210.05,2026-02-04 16:36:11,0,0,normal,0
3848,409,888,2376.74,2026-02-04 16:52:26,0,0,normal,0
3322,357,938,18962.7,2026-02-04 17:09:21,0,0,transaction_burst,1
2149,231,183,1102.2,2026-02-04 17:18:48,0,1,normal,0
6342,671,387,5039.4,2026-02-04 17:19:42,0,0,normal,0
6453,686,433,1944.1,2026-02-04 17:23:33,0,0,normal,0
5023,538,559,1988.96,2026-02-04 17:33:01,0,0,normal,0
2170,235,752,24316.08,2026-02-04 17:37:31,0,0,behavioral_deviation,0
1349,142,754,2648.88,2026-02-04 18:01:55,0,0,normal,0
691,61,753,50240.52,2026-02-04 18:09:04,0,0,rapid_movement,1
6805,721,5,1352.75,2026-02-04 18:18:46,0,0,normal,0
2030,215,90,45679.84,2026-02-04 18:24:04,1,0,rapid_movement,1
5623,601,322,2313.62,2026-02-04 18:41:53,0,0,normal,0
4873,520,204,26120.11,2026-02-04 18:51:08,1,0,transaction_burst,1
6178,653,984,45918.0,2026-02-04 19:00:04,0,0,rapid_movement,1
4218,442,379,6761.37,2026-02-04 19:12:18,0,0,normal,0
1837,197,855,22570.57,2026-02-04 19:15:13,0,1,high_value,0
8132,863,806,23177.99,2026-02-04 19:50:08,1,1,transaction_burst,1
4650,500,761,1168.96,2026-02-04 19:52:17,0,0,normal,0
7355,781,316,3681.32,2026-02-04 20:02:26,0,0,normal,1
2495,266,548,1730.47,2026-02-04 20:04:03,0,0,normal,1
8567,911,390,13938.41,2026-02-04 20:14:52,0,0,transaction_burst,0
196,16,341,1693.18,2026-02-04 20:35:01,0,0,normal,0
6043,639,867,23085.39,2026-02-04 20:36:29,0,0,transaction_burst,0
1050,104,855,42549.42,2026-02-04 20:54:54,0,0,behavioral_deviation,1
8212,871,332,9278.48,2026-02-04 21:38:50,0,1,rapid_movement,1
6032,638,953,37007.97,2026-02-04 21:46:30,0,0,rapid_movement,1
8300,883,473,19863.69,2026-02-04 22:05:26,0,1,behavioral_deviation,0
6323,668,318,24753.4,2026-02-04 22:11:03,0,1,behavioral_deviation,1
749,69,29,4074.29,2026-02-04 22:34:28,0,0,normal,0
1808,194,546,8675.99,2026-02-04 22:43:18,0,1,transaction_burst,1
5105,544,430,25974.39,2026-02-04 22:44:48,1,1,behavioral_deviation,0
3221,345,635,6429.7,2026-02-04 23:14:27,1,0,transaction_burst,0
7425,787,250,9792.93,2026-02-04 23:28:49,0,0,transaction_burst,1
5809,620,331,5398.08,2026-02-04 23:40:43,0,0,normal,0
5251,561,363,1185.25,2026-02-04 23:51:50,0,0,normal,0
2469,264,368,142.49,2026-02-05 00:20:02,0,0,normal,0
4648,500,559,3126.39,2026-02-05 00:24:15,0,0,normal,0
6144,649,860,51589.5,2026-02-05 00:25:32,1,0,rapid_movement,1
4275,449,965,2825.56,2026-02-05 00:54:10,0,0,normal,0
5907,628,556,4576.4,2026-02-05 00:56:57,0,0,normal,0
7449,789,138,12062.07,2026-02-05 01:00:46,0,0,transaction_burst,0
8291,881,900,2831.08,2026-02-05 01:13:30,0,0,normal,0
8473,901,600,2824.18,2026-02-05 01:20:36,0,0,normal,0
5754,613,437,34665.31,2026-02-05 01:38:57,1,0,behavioral_deviation,1
5243,560,248,1788.01,2026-02-05 01:47:40,0,0,normal,0
8810,936,96,2339.56,2026-02-05 01:48:17,0,0,normal,0
3185,342,442,30006.18,2026-02-05 01:53:48,0,0,behavioral_deviation,0
4488,478,392,18372.04,2026-02-05 01:59:19,0,0,high_value,0
1536,167,290,13225.01,2026-02-05 02:12:54,0,0,transaction_burst,1
4254,446,825,38543.43,2026-02-05 02:18:57,0,0,rapid_movement,1
3521,373,749,3914.38,2026-02-05 02:19:15,0,0,normal,0
4872,520,907,8472.03,2026-02-05 02:19:23,0,0,transaction_burst,1
5283,563,851,100.0,2026-02-05 02:27:27,0,0,transaction_burst,1
6470,688,67,44859.81,2026-02-05 02:28:51,0,0,behavioral_deviation,1
2722,293,288,25634.06,2026-02-05 02:29:21,0,1,beneficiary_anomaly,1
3013,324,382,1846.24,2026-02-05 02:29:54,0,0,normal,0
825,77,638,3878.23,2026-02-05 02:35:04,0,0,normal,0
4968,530,986,1337.35,2026-02-05 03:03:51,0,0,normal,0
1460,156,286,45207.36,2026-02-05 03:07:21,1,0,rapid_movement,1
1592,169,653,2134.68,2026-02-05 03:08:02,0,0,normal,0
1830,196,844,4878.38,2026-02-05 03:27:01,0,0,normal,1
554,49,687,69143.53,2026-02-05 03:29:19,0,0,rapid_movement,1
7612,806,603,3268.97,2026-02-05 03:36:04,1,0,normal,0
8804,935,205,19649.01,2026-02-05 03:39:00,0,0,transaction_burst,1
9272,990,865,9717.21,2026-02-05 03:43:40,1,0,transaction_burst,1
6962,740,783,3384.01,2026-02-05 04:25:09,0,0,normal,0
4447,472,233,1694.62,2026-02-05 04:29:36,0,0,normal,0
279,22,392,5253.04,2026-02-05 04:32:52,0,0,normal,0
2116,226,325,12778.58,2026-02-05 05:04:56,0,0,beneficiary_anomaly,0
7341,780,625,9537.18,2026-02-05 05:27:00,0,1,beneficiary_anomaly,1
4031,428,613,19072.15,2026-02-05 05:32:04,0,0,transaction_burst,1
1741,185,764,19662.49,2026-02-05 05:34:53,0,0,transaction_burst,1
4681,503,172,14603.13,2026-02-05 05:40:09,0,0,beneficiary_anomaly,0
7599,803,484,100.0,2026-02-05 06:08:53,0,0,beneficiary_anomaly,0
4913,526,462,3657.73,2026-02-05 06:22:40,0,0,normal,0
6379,674,61,23379.93,2026-02-05 06:29:24,0,0,rapid_movement,1
8165,867,136,20752.37,2026-02-05 06:40:07,0,0,beneficiary_anomaly,0
8453,899,548,6685.43,2026-02-05 06:40:37,0,0,normal,1
3569,380,847,22666.76,2026-02-05 06:43:06,1,0,rapid_movement,1
3600,383,200,20009.37,2026-02-05 06:52:22,0,0,transaction_burst,0
1717,185,627,18192.08,2026-02-05 07:00:06,1,0,transaction_burst,1
4204,441,916,19636.16,2026-02-05 07:26:55,0,0,beneficiary_anomaly,0
7967,845,949,3774.17,2026-02-05 07:43:53,0,0,normal,0
3455,368,483,11039.55,2026-02-05 08:21:30,1,0,rapid_movement,1
3053,326,164,34491.0,2026-02-05 08:24:06,1,1,rapid_movement,1
3604,383,240,3638.25,2026-02-05 09:22:38,0,0,transaction_burst,0
7306,779,624,22078.64,2026-02-05 09:25:22,0,0,transaction_burst,0
8407,895,398,12846.13,2026-02-05 09:52:05,1,1,transaction_burst,1
9062,964,473,2231.84,2026-02-05 10:03:49,0,0,normal,0
8439,897,314,5897.38,2026-02-05 10:14:01,0,1,normal,0
5394,572,871,11128.54,2026-02-05 10:18:00,1,0,transaction_burst,1
6948,738,524,2496.99,2026-02-05 10:25:02,0,0,normal,0
7204,767,498,3089.23,2026-02-05 10:41:03,0,0,normal,0
7072,750,136,9552.6,2026-02-05 10:48:59,0,1,transaction_burst,1
9207,982,45,15372.61,2026-02-05 10:52:23,1,0,transaction_burst,1
333,25,568,16942.33,2026-02-05 11:12:52,0,0,transaction_burst,1
5364,571,725,2810.11,2026-02-05 11:15:44,0,0,normal,0
4284,450,18,56988.9,2026-02-05 11:37:28,0,0,high_value,0
6831,725,412,3880.39,2026-02-05 12:04:16,0,0,normal,0
3488,371,322,10897.5,2026-02-05 12:06:18,0,0,transaction_burst,1
7667,813,686,100.0,2026-02-05 12:16:49,0,0,behavioral_deviation,1
3993,426,401,13850.94,2026-02-05 12:53:47,1,0,transaction_burst,0
2174,235,529,38006.85,2026-02-05 12:55:29,0,0,behavioral_deviation,0
9164,981,6,15064.71,2026-02-05 13:04:13,0,1,behavioral_deviation,1
653,56,773,18732.77,2026-02-05 13:17:03,0,0,transaction_burst,1
4850,520,605,13981.78,2026-02-05 13:22:38,1,1,transaction_burst,1
332,25,807,10821.01,2026-02-05 13:30:44,1,0,transaction_burst,1
301,24,772,23295.58,2026-02-05 13:31:10,0,1,beneficiary_anomaly,1
1703,182,354,20583.64,2026-02-05 13:32:32,0,1,beneficiary_anomaly,1
3498,371,911,16296.33,2026-02-05 14:07:56,0,0,transaction_burst,1
2537,271,472,3224.04,2026-02-05 14:21:47,0,0,normal,0
8447,898,827,2440.53,2026-02-05 14:22:31,0,0,normal,0
4787,512,818,23034.95,2026-02-05 14:35:30,0,0,transaction_burst,1
7513,795,807,2397.19,2026-02-05 14:49:06,0,0,normal,0
1583,168,231,3378.18,2026-02-05 14:58:40,0,0,transaction_burst,1
8694,926,141,646.39,2026-02-05 15:17:20,0,0,normal,0
2314,246,175,21769.21,2026-02-05 15:57:16,0,1,beneficiary_anomaly,0
6013,637,614,17136.45,2026-02-05 16:07:40,1,0,rapid_movement,1
338,26,534,2868.14,2026-02-05 16:09:28,0,0,normal,0
7505,794,780,636.37,2026-02-05 16:14:00,0,0,normal,0
4106,432,622,17281.05,2026-02-05 16:22:27,1,0,transaction_burst,1
8500,904,147,1215.64,2026-02-05 16:25:30,0,0,normal,0
7499,793,215,2540.27,2026-02-05 16:51:25,0,0,normal,0
4154,434,741,8575.6,2026-02-05 17:00:47,0,0,transaction_burst,0
7912,840,268,2887.17,2026-02-05 17:01:58,0,0,normal,0
5969,632,117,15868.44,2026-02-05 17:34:05,1,0,transaction_burst,1
5752,613,431,36514.19,2026-02-05 17:59:41,0,1,behavioral_deviation,1
1428,151,362,4922.96,2026-02-05 18:10:09,0,0,transaction_burst,1
1394,148,753,410.25,2026-02-05 18:15:03,0,0,normal,0
8882,944,693,3480.48,2026-02-05 18:45:03,0,0,normal,0
1493,160,786,10293.89,2026-02-05 18:45:58,0,0,transaction_burst,1
851,80,24,16933.38,2026-02-05 18:49:02,1,0,transaction_burst,1
9287,990,370,19175.21,2026-02-05 18:56:47,0,0,transaction_burst,1
5180,550,316,2675.28,2026-02-05 19:04:39,0,0,normal,0
1421,151,188,13391.63,2026-02-05 19:10:00,0,0,transaction_burst,1
2160,233,144,31588.86,2026-02-05 19:15:50,0,1,behavioral_deviation,1
8060,857,241,40388.88,2026-02-05 19:21:20,0,0,rapid_movement,1
3385,360,289,39025.43,2026-02-05 19:47:39,0,0,high_value,0
6883,731,330,1941.53,2026-02-05 20:02:50,0,1,normal,0
6103,642,942,28415.19,2026-02-05 20:04:56,0,0,transaction_burst,0
5607,599,421,47756.03,2026-02-05 20:12:28,0,0,behavioral_deviation,0
8728,931,646,5481.16,2026-02-05 20:13:55,0,0,normal,0
8673,923,15,43633.6,2026-02-05 20:16:07,0,0,high_value,0
7943,842,379,17612.08,2026-02-05 20:26:08,0,0,transaction_burst,0
7953,843,572,4612.62,2026-02-05 20:40:58,0,0,normal,0
7404,787,170,20696.14,2026-02-05 20:52:14,0,0,transaction_burst,1
6348,672,98,36970.13,2026-02-05 21:03:50,0,0,high_value,0
8648,922,117,11446.9,2026-02-05 21:06:45,0,0,transaction_burst,0
4805,512,688,17829.6,2026-02-05 21:20:54,0,1,transaction_burst,1
4370,461,585,45102.79,2026-02-05 21:22:35,0,0,high_value,0
8852,942,400,17300.71,2026-02-05 21:34:56,0,1,transaction_burst,1
6741,715,805,11889.86,2026-02-05 21:42:33,0,0,transaction_burst,1
6449,686,842,2455.28,2026-02-05 22:21:50,0,1,normal,0
412,36,954,962.6,2026-02-05 22:31:18,0,0,normal,0
6082,642,75,27369.49,2026-02-05 22:32:52,0,0,transaction_burst,0
5999,634,487,4385.19,2026-02-05 22:48:57,0,0,normal,0
2691,291,491,7508.5,2026-02-05 23:04:30,1,0,transaction_burst,1
5919,630,419,19423.57,2026-02-05 23:13:47,0,0,transaction_burst,1
908,85,884,5138.31,2026-02-05 23:38:16,0,0,normal,0
2833,301,264,1923.67,2026-02-05 23:41:38,0,0,transaction_burst,1
3963,420,597,4890.26,2026-02-05 23:48:21,0,1,beneficiary_anomaly,1
4403,464,615,4361.25,2026-02-05 23:52:19,0,0,normal,0
6773,718,659,1497.73,2026-02-06 00:47:34,0,0,normal,0
4583,493,646,32249.75,2026-02-06 01:02:43,0,1,rapid_movement,1
3888,413,155,4925.73,2026-02-06 01:04:09,0,0,normal,0
7550,799,287,28040.86,2026-02-06 01:37:46,0,0,rapid_movement,0
7037,749,901,10934.76,2026-02-06 01:48:49,0,1,transaction_burst,1
7998,849,515,4446.27,2026-02-06 01:55:03,0,0,normal,0
2530,270,740,5186.28,2026-02-06 02:24:37,0,1,normal,0
8768,934,469,13091.98,2026-02-06 02:26:12,0,0,transaction_burst,1
5352,569,608,1525.54,2026-02-06 02:28:31,0,0,normal,0
2290,242,150,20985.4,2026-02-06 03:00:11,0,0,transaction_burst,1
5880,626,491,2108.99,2026-02-06 03:42:52,0,0,normal,0
8199,869,645,2138.53,2026-02-06 03:47:39,0,0,normal,0
589,53,287,8092.22,2026-02-06 03:52:40,1,0,transaction_burst,1
1811,194,765,9112.43,2026-02-06 04:11:16,0,0,transaction_burst,1
3014,324,54,2997.8,2026-02-06 04:16:17,0,0,normal,0
5918,630,168,17285.39,2026-02-06 04:33:09,1,0,transaction_burst,1
4903,524,521,64643.95,2026-02-06 04:43:19,0,0,high_value,0
7046,750,365,21347.92,2026-02-06 04:56:48,0,0,transaction_burst,1
52,6,195,52933.84,2026-02-06 05:12:16,0,0,behavioral_deviation,1
5681,606,703,22075.09,2026-02-06 05:41:28,0,0,transaction_burst,1
5497,583,370,4715.44,2026-02-06 05:47:05,0,0,normal,0
3352,358,7,19026.37,2026-02-06 05:50:23,0,0,transaction_burst,0
8994,957,597,6239.23,2026-02-06 05:50:50,1,0,transaction_burst,1
6605,707,201,8701.88,2026-02-06 06:05:42,0,0,transaction_burst,1
6308,667,664,24639.81,2026-02-06 06:13:51,1,0,transaction_burst,1
5359,570,810,4042.51,2026-02-06 06:58:48,0,0,normal,0
3357,358,615,7426.02,2026-02-06 07:07:08,1,1,transaction_burst,0
5081,543,218,24238.7,2026-02-06 07:32:31,0,0,transaction_burst,1
9069,965,92,90225.33,2026-02-06 07:36:37,0,1,behavioral_deviation,1
5154,549,699,21190.02,2026-02-06 07:53:43,0,0,transaction_burst,1
4022,427,738,1201.25,2026-02-06 08:12:26,0,0,normal,1
2271,242,840,10368.45,2026-02-06 08:42:00,1,0,transaction_burst,1
16,1,445,16834.07,2026-02-06 08:42:05,0,0,transaction_burst,1
3295,352,418,5275.12,2026-02-06 09:11:29,0,0,normal,0
9121,971,432,2926.48,2026-02-06 09:21:20,0,0,normal,0
722,64,876,10159.72,2026-02-06 09:24:05,1,0,transaction_burst,1
5317,567,644,9091.71,2026-02-06 09:43:07,0,0,transaction_burst,1
7009,747,279,3738.15,2026-02-06 09:43:30,0,0,normal,0
7934,842,592,9230.11,2026-02-06 09:43:32,1,0,transaction_burst,0
6112,643,80,1981.02,2026-02-06 09:43:52,0,0,normal,0
748,69,580,3397.98,2026-02-06 09:44:34,0,0,normal,0
3228,345,228,5767.78,2026-02-06 10:00:11,1,0,transaction_burst,0
7012,747,280,3758.12,2026-02-06 10:04:06,0,0,normal,0
5995,633,606,4385.59,2026-02-06 10:35:27,0,0,normal,0
1011,99,277,1001.78,2026-02-06 10:40:18,0,0,normal,0
880,83,103,7988.47,2026-02-06 10:54:20,0,0,transaction_burst,1
3648,389,961,4605.38,2026-02-06 11:13:10,0,0,normal,0
2570,276,840,2239.09,2026-02-06 11:20:13,0,0,normal,0
4749,508,393,3167.09,2026-02-06 11:24:15,1,0,transaction_burst,1
940,88,722,5298.94,2026-02-06 11:30:22,0,0,normal,1
4191,439,527,33745.33,2026-02-06 11:53:48,1,0,rapid_movement,1
4350,458,921,1542.09,2026-02-06 11:55:19,0,0,normal,0
575,51,361,4299.55,2026-02-06 11:56:41,0,0,normal,0
5471,580,779,5341.34,2026-02-06 12:12:49,0,0,normal,0
6597,705,62,3894.66,2026-02-06 12:19:23,0,0,normal,0
8037,854,131,13600.12,2026-02-06 12:31:16,0,1,beneficiary_anomaly,0
5819,621,632,17689.71,2026-02-06 12:34:18,0,1,transaction_burst,1
8818,937,380,36926.4,2026-02-06 12:52:33,0,0,behavioral_deviation,0
7041,749,609,17114.48,2026-02-06 13:07:32,0,0,transaction_burst,1
2769,296,919,33847.09,2026-02-06 13:17:01,0,0,beneficiary_anomaly,0
1216,124,174,7940.78,2026-02-06 14:00:30,0,0,normal,0
9389,1000,780,3792.41,2026-02-06 14:36:32,0,0,normal,0
4955,529,32,14878.71,2026-02-06 14:50:39,1,0,transaction_burst,0
167,14,396,14654.73,2026-02-06 15:02:21,0,0,transaction_burst,1
132,10,400,1859.71,2026-02-06 15:10:07,0,0,normal,0
2211,238,415,1702.21,2026-02-06 15:16:30,0,0,transaction_burst,1
2014,214,16,10650.55,2026-02-06 15:17:08,0,1,transaction_burst,1
603,53,1000,16466.0,2026-02-06 15:31:51,1,0,transaction_burst,1
3817,407,315,100.0,2026-02-06 16:02:51,0,0,normal,0
1989,213,319,931.79,2026-02-06 16:13:14,0,0,normal,0
2512,269,852,5887.41,2026-02-06 16:21:10,0,0,normal,0
2643,285,272,58840.7,2026-02-06 16:32:54,0,0,high_value,0
2206,237,607,3148.51,2026-02-06 16:44:03,0,0,normal,0
7567,801,829,24005.26,2026-02-06 16:47:30,1,0,rapid_movement,1
4485,477,509,1670.21,2026-02-06 17:01:11,0,0,normal,0
5887,626,825,3196.94,2026-02-06 17:02:16,0,0,normal,0
3541,376,571,4772.1,2026-02-06 17:08:25,0,0,normal,0
768,72,277,2978.5,2026-02-06 17:28:54,0,0,normal,0
2723,293,787,9773.59,2026-02-06 17:40:31,0,1,beneficiary_anomaly,1
8388,893,653,4179.77,2026-02-06 17:59:33,0,0,normal,0
6146,649,703,54647.77,2026-02-06 18:33:26,1,0,rapid_movement,1
6585,704,98,8364.93,2026-02-06 18:35:43,0,0,beneficiary_anomaly,0
147,11,796,6561.91,2026-02-06 18:42:08,0,0,normal,0
3844,408,83,24682.16,2026-02-06 18:44:24,0,1,transaction_burst,1
3789,404,905,5443.92,2026-02-06 18:54:19,0,0,normal,0
4818,514,862,3063.65,2026-02-06 19:30:15,0,0,normal,1
7144,760,299,1517.3,2026-02-06 19:52:23,0,0,normal,0
9200,982,248,16581.87,2026-02-06 19:53:38,1,0,transaction_burst,1
1975,211,923,60237.67,2026-02-06 19:55:10,0,0,rapid_movement,1
1341,141,311,100.0,2026-02-06 20:09:43,0,0,normal,0
8448,899,854,5160.28,2026-02-06 20:16:36,0,0,normal,1
1195,120,784,68220.82,2026-02-06 21:12:50,0,0,high_value,0
6990,743,845,6110.08,2026-02-06 21:36:16,0,1,beneficiary_anomaly,1
5684,606,275,9894.81,2026-02-06 21:38:38,0,0,transaction_burst,1
2892,308,744,56586.72,2026-02-06 21:48:29,0,0,high_value,0
5767,615,796,5337.0,2026-02-06 22:26:42,0,0,normal,0
3062,327,791,4950.78,2026-02-06 22:40:11,1,0,transaction_burst,1
5068,540,688,19832.93,2026-02-06 22:42:31,1,0,transaction_burst,1
8455,900,751,4157.44,2026-02-06 22:53:29,0,0,normal,0
5616,601,651,4570.53,2026-02-06 23:02:23,0,0,normal,0
6903,733,844,4534.66,2026-02-06 23:05:20,0,0,normal,0
4814,514,192,3107.32,2026-02-06 23:32:45,0,0,normal,1
4104,432,496,12881.09,2026-02-06 23:39:39,0,0,transaction_burst,1
8411,895,325,20309.71,2026-02-06 23:51:36,1,0,transaction_burst,1
1608,171,479,2791.11,2026-02-07 00:53:41,0,0,normal,0
5591,596,934,3374.61,2026-02-07 01:49:51,0,0,normal,0
2451,262,930,6592.89,2026-02-07 02:10:43,0,0,transaction_burst,0
3688,394,630,34454.4,2026-02-07 02:30:35,1,0,rapid_movement,1
7572,801,11,29208.73,2026-02-07 03:11:44,0,0,rapid_movement,1
7576,801,888,56857.0,2026-02-07 03:14:05,0,0,rapid_movement,1
5602,598,871,67253.05,2026-02-07 03:14:14,0,0,high_value,0
1379,147,158,3790.3,2026-02-07 03:18:04,0,0,normal,0
4926,528,976,19195.78,2026-02-07 03:22:34,0,0,behavioral_deviation,0
6846,726,505,3430.36,2026-02-07 03:38:25,0,0,normal,0
7522,796,708,4364.53,2026-02-07 04:27:48,0,0,normal,0
3562,378,909,2913.7,2026-02-07 04:47:05,0,0,normal,0
939,88,315,5843.08,2026-02-07 04:50:44,0,0,normal,1
1763,187,57,2777.69,2026-02-07 04:56:00,1,0,normal,0
47,4,522,29165.67,2026-02-07 04:58:03,1,0,rapid_movement,1
8472,901,41,100.0,2026-02-07 05:02:51,0,0,normal,0
7139,760,751,3953.21,2026-02-07 05:02:52,0,0,normal,0
8772,935,692,8398.98,2026-02-07 05:03:36,0,0,transaction_burst,1
35,3,650,13654.63,2026-02-07 05:15:37,1,1,beneficiary_anomaly,1
3628,386,789,42606.79,2026-02-07 05:18:00,0,0,behavioral_deviation,0
2013,214,95,18780.24,2026-02-07 05:31:23,1,0,transaction_burst,1
3575,380,797,62169.06,2026-02-07 05:41:40,1,1,rapid_movement,1
7156,761,949,32258.27,2026-02-07 05:54:32,0,0,rapid_movement,1
7552,799,963,28070.26,2026-02-07 05:55:04,0,0,rapid_movement,0
2103,224,400,100.0,2026-02-07 06:07:38,0,0,behavioral_deviation,0
2378,255,536,833.96,2026-02-07 06:15:56,0,0,normal,0
7774,825,955,7328.79,2026-02-07 06:23:19,0,1,transaction_burst,1
9096,968,483,1785.99,2026-02-07 06:24:31,0,0,normal,0
3822,407,772,2532.21,2026-02-07 06:41:37,0,0,normal,0
2941,314,478,3410.45,2026-02-07 06:45:22,0,0,normal,0
4262,447,174,7133.86,2026-02-07 06:48:41,1,1,behavioral_deviation,0
2177,236,114,8965.71,2026-02-07 07:08:24,1,1,transaction_burst,1
1458,156,518,35556.32,2026-02-07 07:59:59,0,1,rapid_movement,1
5869,625,862,25027.43,2026-02-07 08:06:48,0,0,behavioral_deviation,1
4421,468,696,12256.91,2026-02-07 08:12:40,0,0,behavioral_deviation,0
4165,436,943,3474.94,2026-02-07 08:33:16,0,0,normal,0
8712,928,759,26414.32,2026-02-07 08:40:06,0,1,beneficiary_anomaly,0
7229,770,661,57617.06,2026-02-07 08:42:05,0,0,high_value,0
5788,617,589,49150.14,2026-02-07 09:11:26,0,0,rapid_movement,1
5319,567,96,4052.01,2026-02-07 09:12:13,1,0,transaction_burst,1
2434,262,834,17790.55,2026-02-07 09:12:29,0,0,transaction_burst,0
5803,619,547,2936.86,2026-02-07 09:59:26,0,0,normal,0
9267,989,581,2042.59,2026-02-07 09:59:32,0,0,normal,0
1599,170,2,33464.86,2026-02-07 10:05:51,0,1,behavioral_deviation,0
3327,357,201,4921.92,2026-02-07 10:17:18,0,0,transaction_burst,1
8860,942,25,13773.27,2026-02-07 10:51:21,0,1,transaction_burst,1
6039,639,264,9196.83,2026-02-07 11:04:07,0,1,transaction_burst,0
3943,418,214,19691.05,2026-02-07 11:04:19,0,1,transaction_burst,1
5699,606,103,9961.29,2026-02-07 11:47:17,1,0,transaction_burst,1
2688,291,796,12037.02,2026-02-07 11:58:13,0,0,transaction_burst,1
6167,651,523,1481.67,2026-02-07 12:04:44,0,0,normal,0
3936,418,117,6080.5,2026-02-07 12:26:19,1,0,transaction_burst,1
6134,646,112,7396.1,2026-02-07 12:26:21,0,0,beneficiary_anomaly,0
5229,557,224,657.7,2026-02-07 12:28:42,0,0,normal,0
7568,801,303,28625.2,2026-02-07 12:43:44,0,0,rapid_movement,1
1270,132,902,34448.03,2026-02-07 12:53:26,0,0,behavioral_deviation,1
2334,249,893,2523.65,2026-02-07 13:27:13,0,0,normal,0
3553,377,702,31984.18,2026-02-07 13:29:11,0,0,behavioral_deviation,0
5424,574,252,11075.82,2026-02-07 14:02:07,1,0,transaction_burst,1
4938,529,175,19138.13,2026-02-07 14:14:25,0,0,transaction_burst,0
3928,418,520,4685.88,2026-02-07 14:32:33,0,0,transaction_burst,1
4436,470,343,1909.3,2026-02-07 14:44:33,0,0,normal,0
8131,863,787,12428.96,2026-02-07 14:58:35,0,0,transaction_burst,1
6556,699,998,29384.56,2026-02-07 15:07:13,0,0,rapid_movement,1
9289,990,971,9208.72,2026-02-07 15:19:35,1,0,transaction_burst,1
682,60,176,3508.49,2026-02-07 15:59:20,0,0,normal,0
992,97,133,4956.89,2026-02-07 16:00:24,1,0,normal,0
4182,438,831,3090.69,2026-02-07 16:01:45,0,0,normal,0
6466,688,98,24195.01,2026-02-07 16:18:17,1,0,behavioral_deviation,1
1699,182,94,23225.81,2026-02-07 16:37:49,0,0,beneficiary_anomaly,1
8085,860,971,2151.9,2026-02-07 16:49:11,0,0,normal,0
4405,466,42,20467.64,2026-02-07 16:53:27,1,1,rapid_movement,1
6807,722,706,4029.03,2026-02-07 17:20:20,0,0,normal,0
3996,426,827,1371.69,2026-02-07 17:30:04,0,0,transaction_burst,0
3307,355,799,3310.05,2026-02-07 17:36:25,0,0,normal,0
8827,939,398,24190.99,2026-02-07 17:48:02,0,1,beneficiary_anomaly,0
6071,641,76,35788.55,2026-02-07 18:16:58,0,0,rapid_movement,1
4282,450,21,54842.53,2026-02-07 18:36:36,0,0,high_value,0
3568,379,425,3080.09,2026-02-07 18:45:56,0,0,normal,0
4859,520,933,12368.11,2026-02-07 18:48:09,0,0,transaction_burst,1
1752,186,898,28928.97,2026-02-07 18:50:05,1,0,rapid_movement,1
1997,214,430,11436.67,2026-02-07 18:55:18,0,0,transaction_burst,1
7033,749,298,21374.47,2026-02-07 19:06:54,0,1,transaction_burst,1
155,12,423,27004.31,2026-02-07 19:07:03,0,0,behavioral_deviation,0
6873,729,115,4770.78,2026-02-07 19:53:58,0,0,normal,0
5374,572,508,4185.11,2026-02-07 19:55:53,0,1,transaction_burst,1
7238,771,222,2972.76,2026-02-07 19:57:16,0,0,normal,0
3609,383,949,15467.11,2026-02-07 19:59:59,1,0,transaction_burst,0
2487,265,923,13898.3,2026-02-07 20:56:07,0,0,beneficiary_anomaly,1
8778,935,268,21043.96,2026-02-07 21:03:46,1,0,transaction_burst,1
7512,795,471,2539.31,2026-02-07 21:04:09,0,0,normal,0
4754,508,130,16909.51,2026-02-07 21:15:53,0,1,transaction_burst,1
7209,767,127,2801.99,2026-02-07 21:27:23,0,0,normal,0
2147,231,849,4641.68,2026-02-07 21:42:41,0,0,normal,0
4153,434,85,8459.52,2026-02-07 21:51:50,1,0,transaction_burst,0
9056,964,323,2705.33,2026-02-07 21:54:35,0,0,normal,0
8611,916,450,42644.36,2026-02-07 21:56:31,0,1,behavioral_deviation,1
740,67,933,49715.26,2026-02-07 21:58:59,0,0,high_value,1
8747,934,767,6318.89,2026-02-07 22:26:38,1,0,transaction_burst,1
145,11,361,2197.78,2026-02-07 22:41:00,0,0,normal,0
3964,420,62,17941.75,2026-02-07 22:45:32,0,0,beneficiary_anomaly,1
1378,147,784,4417.43,2026-02-07 22:46:10,0,0,normal,0
7333,779,352,9486.08,2026-02-07 23:17:11,0,1,transaction_burst,0
752,69,415,3639.67,2026-02-07 23:22:05,0,0,normal,0
3658,390,674,12889.45,2026-02-07 23:22:23,0,0,beneficiary_anomaly,0
900,83,533,17547.45,2026-02-07 23:34:07,0,0,transaction_burst,1
8883,944,52,516.98,2026-02-07 23:37:10,0,0,normal,0
4989,532,504,48530.35,2026-02-07 23:37:49,0,0,rapid_movement,1
5314,567,451,13543.61,2026-02-07 23:48:42,0,1,transaction_burst,1
8596,914,519,27868.78,2026-02-07 23:52:31,1,1,behavioral_deviation,1
4446,472,580,3869.7,2026-02-07 23:59:14,0,0,normal,0
2472,264,515,2397.33,2026-02-08 00:17:24,0,0,normal,0
9273,990,589,9500.49,2026-02-08 00:27:41,1,1,transaction_burst,1
6468,688,234,50804.24,2026-02-08 00:59:08,0,1,behavioral_deviation,1
5789,617,278,42975.38,2026-02-08 01:11:58,0,0,rapid_movement,1
8958,955,887,19378.07,2026-02-08 01:12:09,0,0,behavioral_deviation,1
6888,731,383,3706.37,2026-02-08 01:39:25,0,0,normal,0
3314,356,609,1365.35,2026-02-08 01:39:32,0,0,normal,0
6752,715,750,23179.57,2026-02-08 02:05:51,0,0,transaction_burst,1
7758,824,926,30999.94,2026-02-08 02:26:47,1,0,rapid_movement,1
2654,287,458,1814.99,2026-02-08 02:34:48,0,0,normal,0
1565,168,722,8367.21,2026-02-08 02:59:26,1,0,transaction_burst,1
2620,282,562,6095.31,2026-02-08 03:14:07,0,0,normal,0
8550,911,254,8784.13,2026-02-08 03:25:02,1,0,transaction_burst,0
8348,889,546,2812.17,2026-02-08 03:45:28,0,0,normal,0
93,7,187,20407.12,2026-02-08 04:23:14,0,0,transaction_burst,1
9369,996,978,1003.66,2026-02-08 04:57:29,0,0,normal,0
3813,406,85,17358.54,2026-02-08 05:11:32,0,1,beneficiary_anomaly,0
2854,303,53,1941.32,2026-02-08 05:20:15,0,0,normal,0
2524,270,954,2546.01,2026-02-08 05:34:56,0,1,normal,0
326,25,824,6053.36,2026-02-08 05:59:10,0,0,transaction_burst,1
8436,897,597,1736.52,2026-02-08 06:13:40,0,0,normal,0
8459,900,589,5447.61,2026-02-08 06:34:03,0,0,normal,0
2002,214,758,13839.6,2026-02-08 07:28:01,0,1,transaction_burst,1
1735,185,529,10592.42,2026-02-08 07:28:14,0,0,transaction_burst,1
2048,218,464,3707.87,2026-02-08 08:24:09,0,0,normal,0
2226,238,104,15879.15,2026-02-08 08:28:31,1,0,transaction_burst,1
8031,853,580,14198.22,2026-02-08 08:49:42,1,0,beneficiary_anomaly,0
8952,954,158,4307.19,2026-02-08 09:00:58,0,0,normal,0
8912,949,497,34001.45,2026-02-08 09:02:39,0,0,beneficiary_anomaly,0
3787,403,620,17117.02,2026-02-08 09:44:19,0,1,transaction_burst,0
8042,854,52,22568.98,2026-02-08 09:46:23,0,1,beneficiary_anomaly,0
5908,628,991,5588.4,2026-02-08 10:01:08,0,0,normal,0
6398,679,283,2125.25,2026-02-08 10:02:12,0,0,normal,0
8890,945,189,3582.29,2026-02-08 11:09:15,0,0,normal,0
3839,408,26,8571.45,2026-02-08 11:25:39,0,0,transaction_burst,1
1730,185,2,10359.66,2026-02-08 11:47:00,0,0,transaction_burst,1
9198,982,59,11034.03,2026-02-08 12:15:52,0,0,transaction_burst,1
8044,854,930,24982.73,2026-02-08 12:22:16,0,1,beneficiary_anomaly,0
9128,973,357,2786.18,2026-02-08 12:29:27,0,0,normal,0
5830,621,817,10588.88,2026-02-08 12:48:39,0,0,transaction_burst,1
4853,520,230,15857.39,2026-02-08 12:54:14,1,0,transaction_burst,1
3404,363,805,3625.26,2026-02-08 13:30:43,0,0,normal,0
582,51,146,2266.98,2026-02-08 13:45:03,0,0,normal,0
3043,325,223,22117.04,2026-02-08 13:58:02,0,0,transaction_burst,1
1980,211,419,30522.27,2026-02-08 14:05:59,1,0,rapid_movement,1
8178,868,957,14937.79,2026-02-08 14:20:50,1,0,transaction_burst,1
8623,917,774,1449.72,2026-02-08 14:21:41,0,0,normal,0
9300,991,866,38377.21,2026-02-08 14:35:35,0,0,high_value,0
1882,201,691,9269.38,2026-02-08 14:48:51,0,0,transaction_burst,1
5097,543,260,12958.35,2026-02-08 14:49:22,0,0,transaction_burst,1
557,49,567,30599.85,2026-02-08 14:54:07,1,0,rapid_movement,1
4763,510,295,3845.54,2026-02-08 15:13:36,0,1,normal,0
4751,508,703,13631.71,2026-02-08 15:49:36,1,0,transaction_burst,1
4364,459,547,2438.54,2026-02-08 17:08:57,0,0,transaction_burst,1
2599,280,220,19109.37,2026-02-08 17:18:39,0,0,beneficiary_anomaly,1
1586,168,706,4220.95,2026-02-08 17:31:34,1,0,transaction_burst,1
4971,530,232,3247.33,2026-02-08 18:04:14,0,0,normal,0
4831,516,723,2895.02,2026-02-08 18:30:49,0,0,normal,0
4863,520,480,21402.1,2026-02-08 18:38:40,0,0,transaction_burst,1
1002,98,427,100.0,2026-02-08 18:48:25,0,0,normal,0
54,6,933,21911.84,2026-02-08 19:14:57,0,0,behavioral_deviation,1
1765,188,616,3454.3,2026-02-08 19:16:10,0,0,normal,0
6700,713,547,18386.36,2026-02-08 19:28:56,1,0,transaction_burst,1
475,44,181,1791.42,2026-02-08 19:43:07,0,0,normal,0
4711,506,486,9488.44,2026-02-08 19:52:49,0,1,transaction_burst,1
2056,218,414,3763.88,2026-02-08 20:01:34,0,0,normal,0
2585,278,666,2638.62,2026-02-08 20:08:55,0,0,normal,0
7542,798,673,3695.02,2026-02-08 20:10:47,0,0,normal,0
1928,205,521,5995.45,2026-02-08 20:15:44,0,0,normal,0
4096,431,133,6795.82,2026-02-08 20:44:25,0,1,behavioral_deviation,0
3194,343,802,12673.41,2026-02-08 20:57:05,0,0,transaction_burst,1
9377,999,117,50830.13,2026-02-08 20:58:47,0,0,behavioral_deviation,0
7164,762,617,4993.96,2026-02-08 21:03:51,0,0,normal,0
7949,842,350,12705.56,2026-02-08 21:34:51,0,0,transaction_burst,0
705,63,186,53440.81,2026-02-08 21:54:20,0,0,high_value,0
8502,904,387,2175.75,2026-02-08 21:58:18,0,0,normal,0
2388,256,830,28441.94,2026-02-08 22:03:17,0,0,rapid_movement,1
5053,540,425,7147.41,2026-02-08 22:17:34,0,0,transaction_burst,1
3855,409,85,3288.99,2026-02-08 22:21:26,0,0,normal,0
1832,196,326,1221.79,2026-02-08 22:28:55,0,0,normal,1
2780,298,217,6919.22,2026-02-08 22:39:12,1,0,transaction_burst,1
6690,713,518,22222.89,2026-02-08 22:50:20,0,0,transaction_burst,1
210,18,972,3194.89,2026-02-08 23:41:16,0,0,normal,0
5904,627,462,5372.35,2026-02-09 00:05:24,0,0,transaction_burst,0
477,44,317,100.0,2026-02-09 00:10:12,0,1,normal,0
6946,738,234,2898.11,2026-02-09 00:10:27,0,0,normal,0
584,52,373,1415.48,2026-02-09 00:12:54,0,0,normal,0
3832,408,537,21184.88,2026-02-09 00:45:03,0,1,transaction_burst,1
1560,167,677,10027.36,2026-02-09 01:15:23,0,0,transaction_burst,1
2823,299,958,7444.61,2026-02-09 01:18:44,0,0,transaction_burst,1
3946,418,321,17345.14,2026-02-09 02:53:50,0,1,transaction_burst,1
6613,707,848,17271.35,2026-02-09 03:05:55,1,0,transaction_burst,1
7405,787,599,100.0,2026-02-09 03:18:07,0,0,transaction_burst,1
8079,859,686,4151.26,2026-02-09 03:20:35,0,0,normal,0
665,57,37,1801.0,2026-02-09 03:31:08,0,0,normal,0
1521,163,6,3648.28,2026-02-09 03:47:22,0,0,normal,0
5605,599,961,655.94,2026-02-09 03:59:10,0,0,behavioral_deviation,0
731,64,264,16542.71,2026-02-09 04:00:59,0,0,transaction_burst,1
1816,194,975,15179.34,2026-02-09 04:18:19,0,0,transaction_burst,1
5106,544,711,32106.81,2026-02-09 04:46:32,0,0,behavioral_deviation,0
764,71,482,1041.03,2026-02-09 04:48:48,0,0,normal,0
8762,934,150,8629.16,2026-02-09 04:49:03,1,0,transaction_burst,1
6441,685,568,61644.9,2026-02-09 05:13:08,0,0,high_value,0
8307,883,727,23152.36,2026-02-09 05:20:38,0,0,behavioral_deviation,0
7742,822,74,79374.58,2026-02-09 05:24:30,0,0,high_value,0
8221,871,898,39063.97,2026-02-09 05:42:14,0,0,rapid_movement,1
3333,357,29,13983.01,2026-02-09 05:44:23,0,1,transaction_burst,1
8503,904,222,2994.9,2026-02-09 05:54:08,0,0,normal,0
730,64,135,17091.1,2026-02-09 06:11:55,1,0,transaction_burst,1
1053,105,986,8644.79,2026-02-09 06:33:54,0,0,transaction_burst,1
3011,323,505,2242.64,2026-02-09 06:35:39,0,0,normal,0
1968,210,362,3872.64,2026-02-09 06:37:47,0,0,normal,0
2651,286,656,1102.96,2026-02-09 07:10:20,0,0,normal,0
3530,374,861,5160.91,2026-02-09 07:13:33,0,0,normal,0
1745,186,523,52218.72,2026-02-09 07:29:48,1,1,rapid_movement,1
2444,262,595,10870.09,2026-02-09 07:34:20,0,0,transaction_burst,0
3969,421,755,44391.93,2026-02-09 07:45:51,0,0,rapid_movement,1
5295,564,260,77662.25,2026-02-09 08:06:26,0,0,high_value,0
2902,310,840,1073.5,2026-02-09 08:12:04,0,0,normal,0
2409,257,970,100.0,2026-02-09 08:14:27,1,0,transaction_burst,1
7707,818,322,4445.24,2026-02-09 08:42:28,0,0,normal,0
3529,374,674,3471.96,2026-02-09 09:12:34,0,0,normal,0
2634,284,66,4244.55,2026-02-09 09:19:05,0,0,normal,0
4471,476,268,5026.36,2026-02-09 09:30:28,0,0,normal,0
468,43,699,45357.81,2026-02-09 09:31:45,1,0,rapid_movement,1
9093,967,944,15590.92,2026-02-09 10:14:49,0,1,behavioral_deviation,1
7051,750,394,20114.36,2026-02-09 10:23:41,0,0,transaction_burst,1
5563,592,545,2500.85,2026-02-09 11:10:39,0,1,normal,0
7059,750,187,11995.24,2026-02-09 11:20:36,0,0,transaction_burst,1
4118,432,770,100.0,2026-02-09 11:26:40,1,0,transaction_burst,1
1647,176,587,2537.62,2026-02-09 12:09:47,0,0,normal,0
3143,335,273,2447.25,2026-02-09 12:13:47,0,0,normal,0
9097,968,585,4162.42,2026-02-09 12:21:01,0,0,normal,0
3951,419,500,4070.93,2026-02-09 12:29:21,0,0,normal,0
2151,232,814,2806.64,2026-02-09 12:45:12,0,0,normal,0
6855,727,656,100.0,2026-02-09 12:52:20,0,0,normal,0
8636,919,371,3437.82,2026-02-09 12:58:37,0,0,normal,0
7802,828,319,2131.72,2026-02-09 13:06:26,0,0,normal,0
2134,228,382,66555.3,2026-02-09 13:08:18,0,0,high_value,1
1277,132,168,13646.11,2026-02-09 13:13:29,0,0,behavioral_deviation,1
5029,538,374,1448.5,2026-02-09 13:22:02,0,0,normal,0
4317,454,84,4385.83,2026-02-09 13:34:14,0,0,normal,0
4189,439,379,29300.53,2026-02-09 13:54:19,0,0,rapid_movement,1
2240,240,100,5284.64,2026-02-09 13:56:18,0,0,normal,0
4731,508,339,12263.14,2026-02-09 14:25:49,1,1,transaction_burst,1
7882,837,882,7298.67,2026-02-09 14:36:38,1,0,transaction_burst,1
7221,769,929,4526.25,2026-02-09 14:40:15,0,0,normal,0
9371,998,29,5265.57,2026-02-09 14:45:18,0,0,normal,0
7589,803,700,13900.62,2026-02-09 15:18:09,0,1,beneficiary_anomaly,0
593,53,603,13251.9,2026-02-09 15:38:49,0,0,transaction_burst,1
4288,451,72,3946.83,2026-02-09 15:54:20,0,0,normal,0
8730,931,492,4598.26,2026-02-09 16:02:59,0,0,normal,0
5475,580,287,1854.89,2026-02-09 16:11:38,0,0,normal,0
360,29,680,4307.96,2026-02-09 16:11:52,0,0,normal,0
1749,186,956,68209.1,2026-02-09 16:21:07,1,0,rapid_movement,1
7218,768,453,2742.47,2026-02-09 16:22:18,0,0,normal,0
15,1,540,14910.97,2026-02-09 16:27:00,0,0,transaction_burst,1
3303,354,158,57794.31,2026-02-09 16:37:08,0,1,high_value,1
6866,728,903,100.0,2026-02-09 17:06:44,0,0,normal,0
4906,525,419,4481.26,2026-02-09 17:25:08,0,0,normal,0
6654,708,661,7947.11,2026-02-09 17:25:48,1,0,transaction_burst,1
1139,114,574,72098.37,2026-02-09 17:55:48,0,0,high_value,0
7471,791,668,4032.27,2026-02-09 18:10:16,0,0,normal,0
8897,947,377,27558.3,2026-02-09 18:12:27,1,0,rapid_movement,0
3851,409,103,952.9,2026-02-09 18:13:12,0,0,normal,0
226,19,310,7172.84,2026-02-09 18:20:39,1,0,transaction_burst,1
5239,559,783,52831.24,2026-02-09 18:39:58,0,0,high_value,0
133,10,394,4763.26,2026-02-09 18:47:23,0,0,normal,0
6004,636,208,3675.82,2026-02-09 19:14:19,0,0,normal,0
1112,111,644,1487.96,2026-02-09 19:20:08,0,0,normal,1
5069,541,793,28584.98,2026-02-09 19:53:56,0,0,behavioral_deviation,0
3148,337,943,2986.4,2026-02-09 20:09:31,0,0,normal,0
784,73,703,16625.13,2026-02-09 20:10:52,0,1,beneficiary_anomaly,1
7212,767,70,5037.77,2026-02-09 20:59:43,0,0,normal,0
1265,132,690,2252.49,2026-02-09 21:32:08,1,0,behavioral_deviation,1
6495,689,328,16056.71,2026-02-09 21:43:28,0,0,transaction_burst,1
3623,385,495,3124.58,2026-02-09 21:43:37,0,0,normal,0
7021,748,584,3643.59,2026-02-09 21:47:43,0,0,normal,0
4394,463,188,32200.12,2026-02-09 21:48:25,0,0,behavioral_deviation,1
2263,241,748,17192.18,2026-02-09 22:25:05,0,0,transaction_burst,1
1260,131,37,3118.39,2026-02-09 22:29:24,0,0,normal,0
9131,974,569,14159.29,2026-02-09 22:39:14,0,1,beneficiary_anomaly,0
7799,827,33,59034.57,2026-02-09 23:08:02,0,0,high_value,0
2093,223,757,31938.6,2026-02-09 23:48:46,0,1,rapid_movement,1
6218,657,951,11821.86,2026-02-09 23:49:42,1,0,beneficiary_anomaly,0
6485,689,157,10042.35,2026-02-09 23:53:18,1,0,transaction_burst,1
690,61,132,29412.96,2026-02-10 00:11:25,1,0,rapid_movement,1
6647,708,491,18495.75,2026-02-10 00:16:04,0,0,transaction_burst,1
1190,118,932,27044.41,2026-02-10 00:30:28,0,0,rapid_movement,0
1733,185,643,17069.28,2026-02-10 01:41:16,0,0,transaction_burst,1
6157,650,912,1433.1,2026-02-10 01:42:29,0,0,normal,0
1712,184,375,7238.74,2026-02-10 01:51:08,0,0,normal,0
4506,481,706,1816.92,2026-02-10 02:07:25,0,0,normal,0
5066,540,604,11858.4,2026-02-10 02:16:41,0,0,transaction_burst,1
1269,132,987,27004.93,2026-02-10 02:33:20,1,0,behavioral_deviation,1
9255,987,194,2933.01,2026-02-10 02:33:31,0,0,normal,0
3085,328,354,3120.71,2026-02-10 02:33:58,0,0,normal,0
4273,449,319,1516.45,2026-02-10 03:10:21,0,0,normal,0
5886,626,816,6376.61,2026-02-10 03:14:18,0,0,normal,0
4374,462,976,3154.73,2026-02-10 03:23:22,0,0,normal,0
1376,146,981,3148.64,2026-02-10 03:38:31,0,0,normal,0
4003,426,875,15861.82,2026-02-10 04:00:13,1,0,transaction_burst,0
5141,547,25,100.0,2026-02-10 04:11:47,0,0,normal,0
3686,394,112,42733.5,2026-02-10 04:23:35,0,0,rapid_movement,1
8431,897,722,3702.51,2026-02-10 04:42:41,0,0,normal,0
5829,621,681,25216.02,2026-02-10 04:44:38,1,0,transaction_burst,1
6656,708,559,18088.44,2026-02-10 04:54:28,0,0,transaction_burst,1
5292,563,770,11782.54,2026-02-10 05:00:29,0,0,transaction_burst,1
143,11,321,1461.88,2026-02-10 05:17:01,0,0,normal,0
8017,852,134,290.93,2026-02-10 05:34:49,0,0,normal,0
1888,201,725,13329.71,2026-02-10 05:56:26,1,0,transaction_burst,1
2287,242,216,14130.64,2026-02-10 06:24:26,0,0,transaction_burst,1
7630,808,473,2637.79,2026-02-10 06:44:39,0,0,normal,0
7109,755,795,29202.84,2026-02-10 06:56:16,1,0,rapid_movement,1
1987,212,417,38568.65,2026-02-10 07:00:39,0,0,high_value,0
7661,813,30,27875.56,2026-02-10 07:08:28,0,0,behavioral_deviation,1
8357,890,208,16330.65,2026-02-10 07:19:21,1,0,rapid_movement,1
334,25,583,11954.6,2026-02-10 07:25:22,0,0,transaction_burst,1
9099,968,546,3979.04,2026-02-10 07:35:40,0,0,normal,0
7249,774,402,12997.13,2026-02-10 07:47:04,0,0,transaction_burst,1
7743,823,540,5113.49,2026-02-10 08:03:40,0,0,normal,1
3560,378,36,1911.57,2026-02-10 08:29:04,0,0,normal,0
8309,883,388,100.0,2026-02-10 08:38:27,0,0,behavioral_deviation,0
7099,754,359,1194.69,2026-02-10 08:59:49,0,0,normal,0
1773,189,574,28449.4,2026-02-10 09:01:16,0,1,rapid_movement,1
3285,350,979,5653.72,2026-02-10 09:08:51,0,0,normal,0
5323,567,715,11850.72,2026-02-10 09:11:35,1,0,transaction_burst,1
7310,779,99,11075.17,2026-02-10 09:21:20,1,0,transaction_burst,0
1231,126,605,1687.05,2026-02-10 09:21:28,0,0,normal,0
8123,863,621,16883.04,2026-02-10 10:00:05,0,0,transaction_burst,1
9327,992,573,16012.73,2026-02-10 10:14:43,1,0,transaction_burst,1
4279,449,300,3398.03,2026-02-10 10:31:01,0,0,normal,0
3388,361,912,18732.35,2026-02-10 10:38:18,0,1,behavioral_deviation,0
7504,794,292,3181.5,2026-02-10 11:15:01,0,0,normal,0
2653,287,96,5932.35,2026-02-10 11:40:56,0,0,normal,0
7536,798,786,100.0,2026-02-10 12:32:59,0,0,normal,0
6938,737,658,3114.3,2026-02-10 12:39:52,0,0,normal,0
6576,703,981,2930.11,2026-02-10 12:41:31,0,0,normal,0
5079,543,670,13066.53,2026-02-10 13:05:52,1,0,transaction_burst,1
3188,343,739,14059.9,2026-02-10 13:16:47,0,0,transaction_burst,1
6632,708,93,3023.02,2026-02-10 13:42:44,1,0,transaction_burst,1
6231,660,314,2210.59,2026-02-10 13:45:44,0,0,normal,0
2870,305,425,24282.33,2026-02-10 14:16:21,0,0,beneficiary_anomaly,0
4503,481,100,2785.34,2026-02-10 14:32:56,0,0,normal,0
796,74,225,6097.54,2026-02-10 14:43:36,0,0,normal,0
655,56,814,19257.12,2026-02-10 14:52:20,0,0,transaction_burst,1
7838,834,923,42745.49,2026-02-10 14:56:37,0,1,rapid_movement,1
3191,343,401,12238.14,2026-02-10 15:05:24,0,1,transaction_burst,1
9068,965,294,18394.11,2026-02-10 15:28:58,1,0,behavioral_deviation,1
4517,483,888,52412.02,2026-02-10 15:31:42,0,1,high_value,0
9264,989,710,2085.35,2026-02-10 15:36:44,0,0,normal,0
3289,350,873,2708.04,2026-02-10 15:37:46,0,0,normal,0
4220,442,843,3149.94,2026-02-10 15:50:35,0,0,normal,0
5513,585,165,17361.9,2026-02-10 15:51:02,0,1,beneficiary_anomaly,0
883,83,853,13723.86,2026-02-10 16:09:52,0,1,transaction_burst,1
275,22,99,1646.83,2026-02-10 16:39:09,0,1,normal,0
7588,803,830,18153.98,2026-02-10 16:50:35,0,1,beneficiary_anomaly,0
6737,715,424,5068.76,2026-02-10 17:07:30,0,0,transaction_burst,1
3836,408,86,6520.82,2026-02-10 17:47:31,0,0,transaction_burst,1
4660,501,680,45141.64,2026-02-10 17:50:27,1,0,rapid_movement,1
253,21,526,7235.74,2026-02-10 18:06:34,1,0,transaction_burst,1
7924,842,970,9680.48,2026-02-10 18:07:21,0,0,transaction_burst,0
227,19,278,1713.08,2026-02-10 18:28:55,1,0,transaction_burst,1
5673,605,708,25540.34,2026-02-10 18:33:45,0,1,behavioral_deviation,0
181,14,128,13739.31,2026-02-10 19:15:57,1,0,transaction_burst,1
2884,307,339,3983.63,2026-02-10 19:38:53,0,0,normal,0
1988,212,872,44784.17,2026-02-10 19:40:13,0,0,high_value,0
980,93,997,2169.91,2026-02-10 19:42:27,0,0,normal,0
6382,675,68,88841.4,2026-02-10 19:57:11,0,0,high_value,0
1100,109,819,4379.12,2026-02-10 21:10:34,0,0,normal,0
3826,408,364,15310.7,2026-02-10 21:23:28,1,1,transaction_burst,1
5376,572,905,18331.18,2026-02-10 21:31:13,0,0,transaction_burst,1
5783,617,96,35986.21,2026-02-10 21:34:05,1,0,rapid_movement,1
9333,993,876,13803.07,2026-02-10 22:28:09,0,1,transaction_burst,0
7541,798,793,100.0,2026-02-10 23:46:21,0,0,normal,0
1539,167,474,15154.89,2026-02-10 23:48:52,0,0,transaction_burst,1
160,13,224,36233.7,2026-02-10 23:54:22,0,0,high_value,0
3494,371,290,3058.28,2026-02-11 00:08:23,0,0,transaction_burst,1
1204,122,198,53354.22,2026-02-11 00:11:11,0,0,high_value,1
4857,520,601,14869.27,2026-02-11 00:14:00,0,0,transaction_burst,1
8834,940,395,2951.31,2026-02-11 00:35:04,0,0,normal,0
7890,837,330,16789.08,2026-02-11 01:41:40,0,0,transaction_burst,1
7396,786,85,3074.66,2026-02-11 01:49:16,0,0,normal,0
7188,765,962,25306.85,2026-02-11 01:49:42,0,0,beneficiary_anomaly,0
2517,269,750,100.0,2026-02-11 01:56:31,0,0,normal,0
1107,110,142,9911.97,2026-02-11 02:21:31,0,0,beneficiary_anomaly,1
7145,760,469,4596.4,2026-02-11 02:45:40,0,0,normal,0
7162,762,460,2026.85,2026-02-11 03:11:10,0,0,normal,0
8736,932,558,3531.81,2026-02-11 03:16:39,0,0,normal,0
6756,716,206,2990.22,2026-02-11 03:17:02,0,0,normal,0
1043,103,540,1025.04,2026-02-11 03:43:56,0,0,normal,0
8381,892,903,43119.85,2026-02-11 03:52:03,0,0,behavioral_deviation,0
2990,321,630,34213.14,2026-02-11 03:54:33,0,0,beneficiary_anomaly,0
3916,417,377,5025.91,2026-02-11 04:09:03,0,0,normal,0
7768,825,593,11184.96,2026-02-11 04:49:14,0,0,transaction_burst,1
3552,377,484,20330.59,2026-02-11 04:58:35,0,0,behavioral_deviation,0
8869,942,441,10305.2,2026-02-11 05:23:34,0,0,transaction_burst,1
4001,426,547,6451.06,2026-02-11 05:30:04,0,1,transaction_burst,0
2396,257,264,10168.48,2026-02-11 05:32:51,1,0,transaction_burst,1
5456,577,600,28574.96,2026-02-11 06:05:25,0,1,beneficiary_anomaly,0
542,47,279,3790.05,2026-02-11 06:46:36,0,0,normal,0
7879,837,3,12618.38,2026-02-11 07:04:01,0,0,transaction_burst,1
8755,934,958,10790.01,2026-02-11 07:09:15,0,0,transaction_burst,1
2486,265,678,10191.9,2026-02-11 07:28:20,1,0,beneficiary_anomaly,1
5944,630,91,18935.76,2026-02-11 07:29:18,0,0,transaction_burst,1
2725,293,975,13221.7,2026-02-11 07:50:46,0,1,beneficiary_anomaly,1
28,2,673,1353.99,2026-02-11 08:50:58,0,0,normal,0
4237,444,625,2845.51,2026-02-11 09:11:52,0,0,normal,0
5248,561,246,3296.0,2026-02-11 09:13:49,0,0,normal,0
6814,723,946,3885.39,2026-02-11 09:42:40,0,0,normal,0
4219,442,617,4034.38,2026-02-11 09:46:02,0,0,normal,0
9339,993,390,13363.13,2026-02-11 10:00:35,1,0,transaction_burst,0
6101,642,727,5539.25,2026-02-11 10:05:59,1,0,transaction_burst,0
1008,98,499,3931.74,2026-02-11 10:07:43,0,0,normal,0
6732,715,365,20177.68,2026-02-11 10:16:57,0,0,transaction_burst,1
7111,755,969,30730.51,2026-02-11 10:27:59,0,0,rapid_movement,1
1287,135,568,27527.82,2026-02-11 10:30:25,0,0,high_value,1
8294,881,188,2707.67,2026-02-11 10:32:45,0,0,normal,0
4018,427,119,1947.11,2026-02-11 10:34:59,0,0,normal,1
7429,787,649,7443.85,2026-02-11 11:03:13,1,0,transaction_burst,1
5785,617,187,34176.22,2026-02-11 11:12:19,0,0,rapid_movement,1
2358,252,381,8629.65,2026-02-11 11:23:36,1,1,beneficiary_anomaly,1
4828,516,76,2455.08,2026-02-11 11:30:09,0,0,normal,0
8676,923,493,56434.77,2026-02-11 11:34:17,0,0,high_value,0
7853,836,869,31853.79,2026-02-11 11:37:12,0,0,high_value,0
8507,905,656,78150.68,2026-02-11 12:07:02,0,0,behavioral_deviation,0
639,56,422,23966.57,2026-02-11 12:12:39,0,1,transaction_burst,1
2749,295,397,3872.52,2026-02-11 12:23:20,1,0,transaction_burst,1
4909,525,181,3418.94,2026-02-11 13:05:01,0,0,normal,0
5746,613,982,25358.73,2026-02-11 13:27:40,0,0,behavioral_deviation,1
5768,615,613,3533.43,2026-02-11 13:35:33,0,0,normal,0
6555,699,436,45945.48,2026-02-11 13:39:56,0,0,rapid_movement,1
116,8,478,15703.69,2026-02-11 13:56:08,0,0,transaction_burst,1
7253,774,350,13060.93,2026-02-11 13:56:59,1,0,transaction_burst,1
8627,918,55,3088.07,2026-02-11 13:59:10,0,0,normal,0
4119,432,601,9899.69,2026-02-11 14:31:07,0,0,transaction_burst,1
5444,575,96,29493.02,2026-02-11 14:32:46,1,0,beneficiary_anomaly,1
319,25,787,1590.14,2026-02-11 14:44:26,0,0,transaction_burst,1
6637,708,113,11101.09,2026-02-11 14:59:03,0,1,transaction_burst,1
879,83,478,10100.26,2026-02-11 15:01:30,0,0,transaction_burst,1
6689,713,722,20094.26,2026-02-11 15:10:51,0,0,transaction_burst,1
4633,497,863,4869.85,2026-02-11 15:28:03,0,0,normal,0
6961,740,582,1820.28,2026-02-11 16:20:35,0,0,normal,0
2700,291,222,10129.64,2026-02-11 16:47:16,1,0,transaction_burst,1
1203,122,30,56580.02,2026-02-11 16:53:09,0,0,high_value,1
5874,625,420,6571.22,2026-02-11 16:55:15,1,0,behavioral_deviation,1
2497,267,754,4593.45,2026-02-11 17:15:46,0,0,normal,0
9144,977,772,2046.14,2026-02-11 17:39:58,0,0,normal,0
1356,143,66,21116.4,2026-02-11 17:44:51,0,1,behavioral_deviation,1
8061,857,230,33842.2,2026-02-11 18:14:35,1,0,rapid_movement,1
5320,567,595,4491.55,2026-02-11 18:19:47,0,0,transaction_burst,1
6994,744,833,2627.22,2026-02-11 18:25:39,0,0,normal,0
3838,408,770,11122.53,2026-02-11 18:27:06,1,0,transaction_burst,1
5603,598,222,61758.39,2026-02-11 18:36:41,0,0,high_value,0
1986,212,253,55884.2,2026-02-11 18:48:02,0,0,high_value,0
1392,148,416,2679.43,2026-02-11 19:01:45,0,1,normal,0
7955,843,130,428.29,2026-02-11 19:05:32,0,0,normal,0
3593,383,175,9626.95,2026-02-11 19:53:05,0,1,transaction_burst,0
4490,478,269,27765.77,2026-02-11 20:02:03,0,0,high_value,0
3852,409,690,1452.23,2026-02-11 20:06:26,0,0,normal,0
3205,343,389,6962.38,2026-02-11 20:22:10,1,0,transaction_burst,1
2273,242,62,8308.3,2026-02-11 20:47:54,0,0,transaction_burst,1
2463,263,352,2904.13,2026-02-11 21:28:00,0,0,normal,0
4449,472,413,2661.45,2026-02-11 21:36:15,0,0,normal,0
3098,330,344,4326.65,2026-02-11 21:40:18,0,0,normal,0
978,93,995,3038.51,2026-02-11 21:57:39,0,0,normal,0
5129,546,867,1464.71,2026-02-11 22:09:02,0,0,normal,0
5857,623,304,18928.88,2026-02-11 22:16:16,0,0,behavioral_deviation,0
3093,329,392,45952.98,2026-02-11 22:34:41,0,0,high_value,0
8587,913,790,18599.5,2026-02-11 22:40:39,0,1,beneficiary_anomaly,1
6268,664,246,3620.7,2026-02-11 22:55:57,0,0,normal,0
8438,897,405,3782.12,2026-02-11 23:09:39,0,0,normal,0
4027,428,701,17374.89,2026-02-11 23:24:07,0,1,transaction_burst,1
8468,901,397,2563.1,2026-02-11 23:27:40,0,0,normal,0
975,93,733,2456.71,2026-02-11 23:29:43,0,0,normal,0
818,77,53,4065.41,2026-02-11 23:36:16,0,0,normal,0
4315,453,39,39614.89,2026-02-11 23:38:48,0,1,rapid_movement,1
2043,217,381,512.92,2026-02-12 00:07:34,0,0,normal,0
7280,776,962,100.0,2026-02-12 00:08:57,0,0,beneficiary_anomaly,1
5484,582,120,100.0,2026-02-12 00:19:49,0,0,normal,0
2732,294,684,2882.78,2026-02-12 00:30:08,0,0,normal,0
6965,740,741,4893.28,2026-02-12 00:41:52,0,0,normal,0
5631,602,872,11708.82,2026-02-12 01:49:29,0,0,transaction_burst,1
743,68,772,2462.09,2026-02-12 01:57:57,0,0,normal,0
7557,800,180,28276.77,2026-02-12 02:00:27,0,0,rapid_movement,1
4945,529,505,18112.5,2026-02-12 02:01:51,0,0,transaction_burst,0
6828,724,75,1962.08,2026-02-12 02:14:32,0,0,behavioral_deviation,0
7409,787,711,4467.05,2026-02-12 02:27:38,1,0,transaction_burst,1
9301,991,390,56775.0,2026-02-12 02:33:07,0,0,high_value,0
3153,338,749,43625.0,2026-02-12 02:41:26,0,1,rapid_movement,1
1836,196,610,895.52,2026-02-12 03:25:29,0,0,normal,1
1554,167,156,17995.82,2026-02-12 03:32:10,0,0,transaction_burst,1
8888,945,58,4070.1,2026-02-12 03:39:59,0,0,normal,0
4021,427,637,4471.59,2026-02-12 03:44:25,0,0,normal,1
5168,549,398,10205.02,2026-02-12 03:46:14,1,0,transaction_burst,1
6478,689,108,5815.98,2026-02-12 04:00:39,0,0,transaction_burst,1
9235,985,282,2728.87,2026-02-12 04:02:00,0,1,normal,0
4644,500,515,2194.39,2026-02-12 04:13:49,0,0,normal,0
5290,563,569,12961.0,2026-02-12 04:21:18,0,0,transaction_burst,1
2695,291,56,5547.91,2026-02-12 04:41:26,1,0,transaction_burst,1
4790,512,935,16064.83,2026-02-12 04:46:06,0,1,transaction_burst,1
4510,482,880,4183.68,2026-02-12 04:46:55,0,0,normal,0
3563,379,486,4104.55,2026-02-12 05:01:25,0,0,normal,0
2010,214,303,3748.31,2026-02-12 05:26:09,1,0,transaction_burst,1
3934,418,777,10475.73,2026-02-12 05:31:31,1,0,transaction_burst,1
2949,316,711,5401.83,2026-02-12 06:04:38,0,0,normal,0
7223,769,116,1741.96,2026-02-12 06:10:00,0,0,normal,0
390,32,931,25360.67,2026-02-12 06:16:13,0,0,behavioral_deviation,0
1032,102,428,11704.23,2026-02-12 06:21:49,1,0,rapid_movement,1
8811,936,465,3053.68,2026-02-12 06:28:06,0,0,normal,0
6156,650,754,1333.23,2026-02-12 06:40:38,0,0,normal,0
1810,194,199,2191.0,2026-02-12 06:58:57,0,0,transaction_burst,1
9358,995,173,35665.68,2026-02-12 07:14:35,0,0,beneficiary_anomaly,0
8974,957,42,2901.21,2026-02-12 07:20:31,0,0,transaction_burst,1
8842,941,64,2931.62,2026-02-12 07:33:05,0,0,normal,0
7559,800,106,16541.89,2026-02-12 07:33:07,1,0,rapid_movement,1
1790,192,660,1484.98,2026-02-12 07:33:40,0,0,normal,0
3558,378,820,5150.72,2026-02-12 07:40:43,0,0,normal,0
3162,339,178,803.76,2026-02-12 07:47:15,0,0,normal,0
3932,418,198,7661.57,2026-02-12 07:47:46,1,0,transaction_burst,1
543,47,315,5960.28,2026-02-12 07:50:45,0,0,normal,0
5974,632,55,20171.86,2026-02-12 08:31:54,0,1,transaction_burst,1
7314,779,835,14413.71,2026-02-12 08:43:19,0,0,transaction_burst,0
5558,592,950,1621.03,2026-02-12 08:47:22,0,0,normal,0
1814,194,574,13577.45,2026-02-12 08:50:14,0,0,transaction_burst,1
7870,837,138,2311.92,2026-02-12 09:42:42,0,0,transaction_burst,1
2787,298,410,2303.81,2026-02-12 09:51:11,0,1,transaction_burst,1
620,55,908,47762.11,2026-02-12 09:51:24,0,0,rapid_movement,1
5499,583,246,541.23,2026-02-12 10:21:44,0,0,normal,0
1013,99,960,1781.4,2026-02-12 10:24:35,0,0,normal,0
4830,516,515,1392.8,2026-02-12 10:25:01,0,0,normal,0
3027,325,901,10266.68,2026-02-12 10:34:54,0,0,transaction_burst,1
8983,957,503,18442.18,2026-02-12 10:50:09,0,0,transaction_burst,1
4481,477,343,3145.67,2026-02-12 11:00:44,0,0,normal,0
8630,918,876,4636.52,2026-02-12 11:36:21,0,0,normal,0
9184,982,689,9109.74,2026-02-12 11:41:19,0,0,transaction_burst,1
6864,728,206,2221.93,2026-02-12 12:12:17,0,0,normal,0
4240,444,270,2574.69,2026-02-12 12:36:34,0,0,normal,0
5749,613,601,35163.39,2026-02-12 12:45:05,0,1,behavioral_deviation,1
2265,241,438,7577.94,2026-02-12 12:50:55,1,0,transaction_burst,1
271,21,286,14216.15,2026-02-12 13:09:30,0,0,transaction_burst,1
373,31,410,16511.19,2026-02-12 13:09:41,0,1,rapid_movement,1
4131,433,749,32658.67,2026-02-12 13:21:05,0,0,rapid_movement,1
3567,379,962,1641.75,2026-02-12 13:39:59,0,0,normal,0
9283,990,503,22661.79,2026-02-12 13:58:48,0,1,transaction_burst,1
451,42,118,5548.27,2026-02-12 14:23:27,0,0,transaction_burst,1
5622,601,991,5357.58,2026-02-12 14:30:05,0,0,normal,0
6457,687,695,3016.7,2026-02-12 14:38:55,0,0,normal,0
7783,825,678,11765.71,2026-02-12 15:37:23,1,0,transaction_burst,1
8593,914,466,11034.23,2026-02-12 15:53:18,0,0,behavioral_deviation,1
751,69,981,3863.02,2026-02-12 15:57:27,0,0,normal,0
4114,432,160,2803.91,2026-02-12 16:05:23,0,1,transaction_burst,1
4432,470,379,1835.31,2026-02-12 16:13:39,1,0,normal,0
3735,398,768,4060.17,2026-02-12 16:22:17,0,0,normal,0
2727,293,283,17605.07,2026-02-12 16:23:11,0,1,beneficiary_anomaly,1
941,88,346,5716.9,2026-02-12 16:28:52,0,0,normal,1
3019,324,936,930.4,2026-02-12 16:31:27,0,0,normal,0
4059,429,250,4922.69,2026-02-12 16:39:02,0,0,normal,0
3380,359,279,2547.09,2026-02-12 17:03:49,0,0,normal,0
558,49,686,31615.65,2026-02-12 17:05:56,0,0,rapid_movement,1
5712,608,588,2581.75,2026-02-12 17:06:35,0,0,normal,0
3774,403,261,14188.53,2026-02-12 17:10:52,0,0,transaction_burst,0
8991,957,501,16927.52,2026-02-12 17:27:56,1,0,transaction_burst,1
7351,781,572,7168.76,2026-02-12 17:57:29,0,1,normal,1
3458,368,273,32518.8,2026-02-12 18:37:25,1,0,rapid_movement,1
1007,98,979,2398.5,2026-02-12 18:55:02,0,0,normal,0
2540,271,424,5738.36,2026-02-12 19:16:42,0,0,normal,0
747,69,81,749.37,2026-02-12 19:33:16,0,0,normal,0
2738,294,555,5160.59,2026-02-12 20:12:07,0,0,normal,0
7375,783,996,4410.9,2026-02-12 20:26:52,0,0,normal,0
6098,642,38,8204.14,2026-02-12 20:40:10,1,0,transaction_burst,0
6438,684,639,2603.94,2026-02-12 20:46:23,0,0,normal,0
9107,969,332,39384.99,2026-02-12 21:34:54,0,1,high_value,0
6065,641,140,47652.49,2026-02-12 22:03:55,0,0,rapid_movement,1
5260,562,584,1031.98,2026-02-12 22:13:30,0,0,normal,0
4387,463,450,100.0,2026-02-12 22:25:04,0,0,behavioral_deviation,1
4642,500,117,5845.27,2026-02-12 22:40:24,0,0,normal,0
9258,988,889,351.68,2026-02-12 22:50:45,0,1,normal,0
3577,380,197,35887.42,2026-02-12 22:58:14,0,0,rapid_movement,1
7362,782,865,27266.07,2026-02-12 23:49:20,0,0,beneficiary_anomaly,0
5738,612,70,35768.93,2026-02-12 23:51:49,1,0,rapid_movement,1
7308,779,698,10155.77,2026-02-13 00:08:51,0,1,transaction_burst,0
7199,766,246,2886.74,2026-02-13 00:15:23,0,0,normal,0
4167,436,971,2841.49,2026-02-13 00:20:51,0,0,normal,0
2795,298,836,100.0,2026-02-13 00:22:14,0,0,transaction_burst,1
5690,606,998,22447.99,2026-02-13 00:40:21,0,1,transaction_burst,1
6212,656,341,3491.42,2026-02-13 00:50:27,0,0,normal,0
828,78,805,35143.15,2026-02-13 00:56:31,0,0,rapid_movement,1
8742,933,723,1942.71,2026-02-13 01:19:22,0,0,normal,0
3359,358,21,16694.48,2026-02-13 01:30:20,0,1,transaction_burst,0
2131,228,816,69214.82,2026-02-13 01:56:47,0,0,high_value,1
6442,685,28,45748.85,2026-02-13 02:41:24,0,0,high_value,0
1101,109,573,2564.31,2026-02-13 02:57:21,0,0,normal,0
5862,623,159,24797.82,2026-02-13 02:58:14,0,0,behavioral_deviation,0
2561,274,264,46089.53,2026-02-13 02:59:49,0,0,high_value,0
245,21,939,9189.45,2026-02-13 03:16:31,0,0,transaction_burst,1
6942,737,177,1330.16,2026-02-13 03:50:49,0,0,normal,0
2397,257,686,9929.84,2026-02-13 03:57:23,0,0,transaction_burst,1
9187,982,64,15705.6,2026-02-13 03:59:15,1,1,transaction_burst,1
8553,911,490,11351.88,2026-02-13 04:01:03,0,0,transaction_burst,0
8486,903,790,1635.49,2026-02-13 04:09:43,0,0,normal,1
594,53,356,12691.09,2026-02-13 04:19:18,0,1,transaction_burst,1
5201,552,679,1633.26,2026-02-13 04:24:34,0,0,normal,0
6951,739,647,2937.2,2026-02-13 04:28:15,0,0,normal,0
6894,732,948,4874.74,2026-02-13 04:29:40,0,0,normal,0
1534,167,762,4480.07,2026-02-13 05:07:21,1,1,transaction_burst,1
4836,517,582,1453.29,2026-02-13 05:10:48,0,0,normal,0
6520,692,802,22062.21,2026-02-13 05:10:49,1,0,beneficiary_anomaly,0
4808,513,131,2337.79,2026-02-13 05:36:33,0,0,normal,0
4487,478,2,53061.16,2026-02-13 06:01:36,0,0,high_value,0
4158,434,172,4596.3,2026-02-13 06:08:17,0,0,transaction_burst,0
3391,361,119,100.0,2026-02-13 06:14:15,1,0,behavioral_deviation,0
991,97,559,5289.45,2026-02-13 06:16:05,0,0,normal,0
5310,567,843,14908.83,2026-02-13 06:24:47,1,0,transaction_burst,1
3115,332,386,3525.05,2026-02-13 06:29:25,0,0,normal,0
1165,117,332,4726.1,2026-02-13 07:00:01,0,0,transaction_burst,1
3050,326,622,33059.99,2026-02-13 07:01:57,1,0,rapid_movement,1
6417,681,544,3046.64,2026-02-13 07:05:54,0,0,normal,0
7127,758,102,18266.51,2026-02-13 07:22:23,0,0,behavioral_deviation,0
9292,990,1,13648.18,2026-02-13 07:55:49,0,0,transaction_burst,1
9204,982,812,19004.29,2026-02-13 08:11:11,0,0,transaction_burst,1
5850,622,755,1020.68,2026-02-13 08:25:28,0,0,normal,0
2936,314,125,2985.36,2026-02-13 08:36:59,0,0,normal,0
7092,753,602,1373.22,2026-02-13 08:37:07,0,0,normal,0
7015,747,923,3320.88,2026-02-13 09:12:35,0,0,normal,0
4383,463,763,45642.29,2026-02-13 09:22:05,0,0,behavioral_deviation,1
7064,750,447,6997.91,2026-02-13 09:25:54,0,1,transaction_burst,1
7437,788,942,2110.09,2026-02-13 09:25:55,0,1,normal,0
8478,902,188,1898.74,2026-02-13 09:29:21,0,0,normal,0
3354,358,417,17122.96,2026-02-13 09:30:17,0,0,transaction_burst,0
7804,829,447,28984.51,2026-02-13 09:45:06,0,0,beneficiary_anomaly,0
3058,326,926,38332.46,2026-02-13 09:54:42,1,0,rapid_movement,1
191,15,503,4538.02,2026-02-13 10:00:50,0,0,normal,0
2380,255,565,2568.0,2026-02-13 10:14:42,0,0,normal,0
5773,616,635,22541.16,2026-02-13 10:42:33,0,0,rapid_movement,1
1018,100,140,27625.7,2026-02-13 10:47:12,0,0,behavioral_deviation,1
5747,613,180,39666.21,2026-02-13 11:56:35,1,0,behavioral_deviation,1
2111,226,46,28197.13,2026-02-13 12:13:10,0,0,beneficiary_anomaly,0
1302,137,782,49718.59,2026-02-13 12:30:22,0,1,behavioral_deviation,1
7669,813,667,8225.66,2026-02-13 12:31:03,0,0,behavioral_deviation,1
5774,616,946,44785.57,2026-02-13 12:32:29,1,0,rapid_movement,1
8404,895,113,4301.13,2026-02-13 13:04:18,0,0,transaction_burst,1
6271,664,950,4528.59,2026-02-13 13:08:43,0,0,normal,0
3003,322,8,608.89,2026-02-13 13:27:47,0,0,normal,1
8677,924,132,2483.97,2026-02-13 13:39:59,0,0,normal,0
6548,697,587,35879.67,2026-02-13 13:57:36,1,0,rapid_movement,1
5659,604,958,37035.11,2026-02-13 13:59:14,0,1,rapid_movement,1
7226,769,501,602.52,2026-02-13 14:00:46,0,0,normal,0
6264,663,412,1697.18,2026-02-13 14:42:31,0,0,normal,0
4221,443,87,18838.53,2026-02-13 14:50:39,1,0,rapid_movement,1
5967,632,976,3093.5,2026-02-13 15:11:20,1,0,transaction_burst,1
5598,597,24,59280.72,2026-02-13 15:11:35,0,0,rapid_movement,0
8839,941,845,1370.16,2026-02-13 15:15:22,0,0,normal,0
2707,291,998,16225.7,2026-02-13 15:31:27,0,0,transaction_burst,1
1131,113,526,4424.52,2026-02-13 15:33:56,0,0,normal,0
4512,482,45,2134.1,2026-02-13 15:58:54,0,0,normal,0
1251,129,48,3096.85,2026-02-13 17:11:31,0,0,normal,0
5448,576,48,4380.12,2026-02-13 17:19:48,0,1,normal,0
5825,621,559,18092.36,2026-02-13 17:43:39,0,1,transaction_burst,1
9032,961,813,2059.6,2026-02-13 17:54:18,0,1,normal,0
6173,652,467,35456.62,2026-02-13 17:57:25,0,1,beneficiary_anomaly,0
3260,346,893,25150.25,2026-02-13 18:00:39,0,0,transaction_burst,1
6896,732,907,3539.27,2026-02-13 18:37:12,0,0,normal,0
1176,117,11,18274.98,2026-02-13 18:47:12,1,0,transaction_burst,1
4569,491,272,32947.21,2026-02-13 19:02:46,0,0,rapid_movement,1
3122,333,151,38896.8,2026-02-13 20:02:03,0,0,rapid_movement,1
8950,954,772,434.32,2026-02-13 20:28:55,0,0,normal,0
1743,185,344,5745.25,2026-02-13 20:39:18,1,0,transaction_burst,1
8713,929,283,59994.21,2026-02-13 20:43:17,0,0,high_value,0
8375,892,250,42317.72,2026-02-13 21:13:10,0,0,behavioral_deviation,0
6630,708,162,13563.97,2026-02-13 21:27:34,1,0,transaction_burst,1
8794,935,501,20166.51,2026-02-13 21:38:52,0,0,transaction_burst,1
6515,691,49,2170.49,2026-02-13 21:39:07,0,1,normal,0
1668,178,805,57863.29,2026-02-13 21:48:57,0,0,behavioral_deviation,1
9129,974,428,15019.24,2026-02-13 21:54:17,0,1,beneficiary_anomaly,0
8186,868,862,5838.15,2026-02-13 22:14:19,0,1,transaction_burst,1
3272,347,497,32324.21,2026-02-13 22:16:37,1,0,behavioral_deviation,1
6635,708,721,24461.84,2026-02-13 22:18:36,0,1,transaction_burst,1
2839,301,737,17633.36,2026-02-13 22:21:26,1,0,transaction_burst,1
7606,805,32,5739.72,2026-02-13 22:24:20,0,0,normal,0
6674,710,210,3803.95,2026-02-13 23:01:55,0,0,normal,0
7688,816,210,15907.67,2026-02-13 23:29:57,0,0,beneficiary_anomaly,0
8802,935,529,21873.69,2026-02-13 23:32:19,1,0,transaction_burst,1
4299,452,202,9213.4,2026-02-13 23:33:52,0,1,beneficiary_anomaly,0
8235,873,61,38343.3,2026-02-13 23:57:35,1,0,behavioral_deviation,1
3201,343,996,9027.04,2026-02-13 23:59:19,1,0,transaction_burst,1
3742,400,613,1173.91,2026-02-14 00:03:35,0,1,normal,0
7571,801,874,40404.32,2026-02-14 00:48:45,1,1,rapid_movement,1
907,84,170,1162.0,2026-02-14 01:09:16,0,0,normal,0
2930,313,483,1016.27,2026-02-14 01:11:26,0,0,normal,0
6682,711,622,1220.57,2026-02-14 01:11:31,1,0,behavioral_deviation,0
4783,512,549,5552.37,2026-02-14 01:35:30,0,0,transaction_burst,1
841,79,852,51069.42,2026-02-14 02:04:32,0,0,high_value,0
7706,818,46,2909.78,2026-02-14 02:11:04,0,0,normal,0
2498,267,396,2819.21,2026-02-14 02:15:36,0,0,normal,0
8898,947,397,17286.78,2026-02-14 02:49:05,0,0,rapid_movement,0
1089,108,328,5185.91,2026-02-14 02:55:44,0,1,normal,1
8077,859,510,3916.87,2026-02-14 03:05:07,0,0,normal,0
8996,957,291,14138.28,2026-02-14 03:23:14,1,0,transaction_burst,1
1483,159,219,31334.11,2026-02-14 03:59:09,0,1,rapid_movement,1
8019,852,326,3043.87,2026-02-14 04:01:02,0,0,normal,0
1014,100,792,33360.1,2026-02-14 04:01:09,1,0,behavioral_deviation,1
2135,229,278,44942.81,2026-02-14 04:10:28,0,0,high_value,0
5393,572,2,10178.78,2026-02-14 04:14:34,0,1,transaction_burst,1
9127,973,522,2443.89,2026-02-14 04:17:56,0,0,normal,0
9022,960,712,4705.23,2026-02-14 04:26:37,0,0,normal,0
8963,956,678,10355.47,2026-02-14 04:57:45,0,1,beneficiary_anomaly,0
2918,312,146,4953.25,2026-02-14 04:58:48,0,0,normal,0
571,51,176,1548.76,2026-02-14 05:13:41,0,0,normal,0
6158,651,817,3607.14,2026-02-14 05:14:16,0,0,normal,0
4549,488,128,2961.14,2026-02-14 05:17:10,0,0,normal,0
5124,546,65,3783.85,2026-02-14 05:23:03,0,0,normal,0
8188,868,258,6328.04,2026-02-14 05:23:55,0,0,transaction_burst,1
4547,488,796,1726.43,2026-02-14 05:26:19,0,0,normal,0
5297,565,537,64666.71,2026-02-14 05:30:37,0,0,high_value,0
7722,820,462,4853.12,2026-02-14 05:37:51,0,0,normal,0
3792,404,401,3653.56,2026-02-14 05:49:34,0,0,normal,0
2307,245,201,41286.81,2026-02-14 05:50:33,0,0,high_value,0
8780,935,210,10804.86,2026-02-14 06:06:30,0,1,transaction_burst,1
8398,894,818,1136.98,2026-02-14 06:08:37,0,0,normal,0
1240,128,419,4008.23,2026-02-14 06:25:33,0,0,normal,1
8018,852,351,2005.2,2026-02-14 06:27:09,0,0,normal,0
7240,772,611,15909.59,2026-02-14 06:31:42,0,0,high_value,0
5238,559,626,33615.17,2026-02-14 06:34:09,0,0,high_value,0
6781,719,567,41406.43,2026-02-14 07:07:43,0,0,rapid_movement,1
5375,572,136,13238.71,2026-02-14 07:14:02,1,0,transaction_burst,1
3329,357,754,8727.28,2026-02-14 07:22:00,1,0,transaction_burst,1
6045,639,139,100.0,2026-02-14 09:03:33,1,0,transaction_burst,0
3171,341,215,3284.98,2026-02-14 09:15:17,0,0,normal,0
5015,536,247,3815.85,2026-02-14 09:26:47,0,0,normal,0
8208,870,120,3135.61,2026-02-14 09:40:53,0,0,normal,0
8172,868,115,12782.09,2026-02-14 09:52:23,0,1,transaction_burst,1
8661,922,267,4978.83,2026-02-14 09:57:56,0,0,transaction_burst,0
239,20,714,42176.92,2026-02-14 10:37:25,0,0,high_value,0
599,53,318,19857.15,2026-02-14 10:45:58,1,0,transaction_burst,1
490,45,279,23262.82,2026-02-14 11:08:18,0,0,transaction_burst,1
1855,199,398,4434.59,2026-02-14 11:16:30,0,0,normal,0
2958,318,307,23907.13,2026-02-14 11:45:13,1,0,rapid_movement,1
4606,495,591,7861.72,2026-02-14 11:49:30,1,0,transaction_burst,1
3341,357,542,18872.04,2026-02-14 12:12:14,0,0,transaction_burst,1
5638,602,933,10159.16,2026-02-14 12:16:19,1,0,transaction_burst,1
164,14,452,13809.31,2026-02-14 12:18:53,1,1,transaction_burst,1
8368,891,635,5287.99,2026-02-14 12:35:25,0,1,normal,0
2935,313,493,2164.56,2026-02-14 12:42:21,0,0,normal,0
1191,118,179,31671.76,2026-02-14 12:49:45,0,0,rapid_movement,0
9080,966,114,2444.37,2026-02-14 13:01:05,0,0,normal,0
5044,540,700,12152.36,2026-02-14 13:04:33,0,0,transaction_burst,1
791,74,540,5597.14,2026-02-14 13:24:19,0,0,normal,0
5554,591,590,100.0,2026-02-14 13:32:02,1,1,behavioral_deviation,1
7692,817,898,34211.21,2026-02-14 13:46:49,0,0,beneficiary_anomaly,0
1960,209,464,3963.86,2026-02-14 13:47:49,0,0,normal,0
6073,641,9,28741.34,2026-02-14 14:07:44,0,0,rapid_movement,1
3730,397,698,2749.64,2026-02-14 14:32:18,1,0,transaction_burst,1
898,83,792,15348.7,2026-02-14 14:40:41,1,0,transaction_burst,1
5557,592,901,3645.57,2026-02-14 14:48:32,0,0,normal,0
7867,837,334,16995.96,2026-02-14 14:48:38,0,0,transaction_burst,1
8292,881,991,100.0,2026-02-14 14:50:59,0,0,normal,0
4130,433,391,43710.45,2026-02-14 15:08:17,1,0,rapid_movement,1
7434,788,511,2036.84,2026-02-14 15:29:26,0,0,normal,0
1476,158,508,39850.58,2026-02-14 16:13:06,0,0,rapid_movement,1
9090,967,872,7895.44,2026-02-14 16:20:55,1,1,behavioral_deviation,1
3083,327,224,16424.05,2026-02-14 17:13:53,0,0,transaction_burst,1
2818,299,13,3468.83,2026-02-14 17:14:50,0,0,transaction_burst,1
6324,668,109,100.0,2026-02-14 17:17:34,1,1,behavioral_deviation,1
8302,883,239,24890.23,2026-02-14 17:43:33,0,0,behavioral_deviation,0
1009,99,632,3135.08,2026-02-14 17:59:58,0,0,normal,0
3734,398,789,3896.37,2026-02-14 18:32:59,0,0,normal,0
6439,685,617,68024.92,2026-02-14 18:43:07,0,0,high_value,0
5991,633,989,2579.35,2026-02-14 19:18:37,0,0,normal,0
4640,499,89,2286.97,2026-02-14 19:28:28,0,0,normal,1
5128,546,305,3354.17,2026-02-14 19:53:46,0,0,normal,0
297,24,846,13719.3,2026-02-14 19:53:58,0,0,beneficiary_anomaly,1
4546,488,325,2594.08,2026-02-14 19:57:21,0,0,normal,0
7161,762,641,2851.39,2026-02-14 19:57:43,0,0,normal,0
1890,201,301,1591.47,2026-02-14 20:01:50,0,0,transaction_burst,1
3125,333,478,23856.57,2026-02-14 20:17:14,0,0,rapid_movement,1
169,14,808,283.11,2026-02-14 20:23:36,1,0,transaction_burst,1
6606,707,792,8626.9,2026-02-14 20:28:42,1,0,transaction_burst,1
4893,523,880,3685.69,2026-02-14 20:30:07,0,0,normal,0
8156,865,273,1365.02,2026-02-14 20:30:31,0,0,normal,0
2053,218,285,3025.18,2026-02-14 20:35:28,0,0,normal,0
6243,661,872,2065.3,2026-02-14 20:40:06,0,1,normal,0
1852,199,849,1560.94,2026-02-14 21:14:53,0,0,normal,0
5041,539,160,3519.89,2026-02-14 21:29:07,0,0,normal,0
3468,370,283,27167.6,2026-02-14 21:33:41,0,1,beneficiary_anomaly,0
7215,768,855,1773.44,2026-02-14 21:43:13,0,0,normal,0
8247,874,524,4740.33,2026-02-14 21:58:39,0,0,normal,0
6187,653,412,32498.59,2026-02-14 22:23:18,0,0,rapid_movement,1
96,7,438,100.0,2026-02-14 22:28:54,0,0,transaction_burst,1
1894,201,106,18324.05,2026-02-14 22:37:43,0,0,transaction_burst,1
2994,321,702,30413.48,2026-02-14 22:44:18,0,0,beneficiary_anomaly,0
1144,115,384,2603.99,2026-02-14 23:03:49,0,0,normal,0
1582,168,375,20567.88,2026-02-14 23:06:54,0,0,transaction_burst,1
628,55,553,44812.54,2026-02-14 23:52:10,1,0,rapid_movement,1
2815,299,801,16141.99,2026-02-15 00:04:04,0,0,transaction_burst,1
1436,152,563,11544.28,2026-02-15 00:13:56,0,0,beneficiary_anomaly,0
3812,406,750,28569.77,2026-02-15 00:24:05,0,1,beneficiary_anomaly,0
3049,326,925,31907.4,2026-02-15 00:30:59,0,0,rapid_movement,1
6757,716,750,2652.95,2026-02-15 00:46:16,0,0,normal,0
2264,241,413,7060.32,2026-02-15 00:47:46,1,1,transaction_burst,1
5123,546,562,1909.2,2026-02-15 01:04:33,0,0,normal,0
2458,262,721,100.0,2026-02-15 01:07:36,0,1,transaction_burst,0
6140,648,450,1715.55,2026-02-15 01:10:27,0,0,normal,0
4155,434,183,13078.23,2026-02-15 01:42:11,0,1,transaction_burst,0
1425,151,300,19870.02,2026-02-15 01:53:40,0,0,transaction_burst,1
6141,648,697,3307.57,2026-02-15 02:01:30,0,0,normal,0
2962,318,159,37729.8,2026-02-15 02:10:05,0,1,rapid_movement,1
2625,282,474,3434.04,2026-02-15 02:41:30,0,0,normal,0
3829,408,537,10961.55,2026-02-15 02:45:07,0,0,transaction_burst,1
616,55,504,17678.64,2026-02-15 02:59:49,0,0,rapid_movement,1
5263,563,823,10879.82,2026-02-15 03:18:06,0,0,transaction_burst,1
7441,789,332,5549.12,2026-02-15 03:24:12,1,0,transaction_burst,0
1390,148,402,2396.35,2026-02-15 03:28:48,0,0,normal,0
6587,704,784,39822.14,2026-02-15 03:31:08,0,1,beneficiary_anomaly,0
5307,566,699,26828.4,2026-02-15 03:43:15,1,0,rapid_movement,1
5872,625,207,32333.05,2026-02-15 03:50:52,0,0,behavioral_deviation,1
7016,748,32,2161.96,2026-02-15 03:58:23,0,0,normal,0
5045,540,496,9111.89,2026-02-15 04:08:30,0,0,transaction_burst,1
8956,955,225,21888.47,2026-02-15 04:21:14,1,1,behavioral_deviation,1
2099,224,913,13071.57,2026-02-15 04:31:39,0,1,behavioral_deviation,0
3270,347,182,41714.37,2026-02-15 04:52:48,0,1,behavioral_deviation,1
6926,736,266,31276.9,2026-02-15 05:03:10,0,0,rapid_movement,1
5795,618,641,4299.12,2026-02-15 05:14:23,0,0,normal,0
4159,434,617,6216.32,2026-02-15 05:41:34,0,1,transaction_burst,0
7403,787,954,23564.92,2026-02-15 05:48:32,0,0,transaction_burst,1
3087,328,12,3311.19,2026-02-15 05:52:33,0,0,normal,0
6722,714,609,15582.27,2026-02-15 06:08:44,0,0,beneficiary_anomaly,0
4914,526,281,1642.59,2026-02-15 06:11:26,0,0,normal,0
5859,623,148,42767.06,2026-02-15 06:25:19,1,0,behavioral_deviation,0
1256,131,113,2938.63,2026-02-15 06:48:35,0,0,normal,0
1078,106,700,29780.5,2026-02-15 07:03:44,0,0,rapid_movement,0
6933,736,412,52910.07,2026-02-15 07:05:30,0,1,rapid_movement,1
3728,397,28,18072.23,2026-02-15 07:06:16,0,0,transaction_burst,1
9007,959,586,2004.14,2026-02-15 08:12:26,0,0,normal,0
1698,182,545,13623.12,2026-02-15 08:14:32,0,0,beneficiary_anomaly,1
4951,529,608,23826.05,2026-02-15 08:21:17,0,0,transaction_burst,0
3585,382,828,30584.57,2026-02-15 08:22:25,0,0,behavioral_deviation,1
2150,232,736,4184.47,2026-02-15 08:28:25,0,0,normal,0
8011,851,402,4672.85,2026-02-15 08:40:14,0,0,normal,0
993,97,178,2169.35,2026-02-15 08:44:42,0,0,normal,0
6648,708,88,21004.14,2026-02-15 08:47:55,0,0,transaction_burst,1
5720,609,500,29633.99,2026-02-15 09:09:35,1,0,rapid_movement,1
1665,178,437,3964.45,2026-02-15 09:42:05,1,0,behavioral_deviation,1
342,26,557,2730.09,2026-02-15 10:08:46,0,0,normal,0
5837,621,876,11390.98,2026-02-15 10:15:16,0,1,transaction_burst,1
2827,299,381,11661.42,2026-02-15 10:25:08,1,0,transaction_burst,1
1071,105,466,15747.29,2026-02-15 10:46:06,0,0,transaction_burst,1
2872,305,371,9933.13,2026-02-15 10:50:02,0,1,beneficiary_anomaly,0
3080,327,970,100.0,2026-02-15 10:58:04,0,0,transaction_burst,1
3830,408,293,19466.88,2026-02-15 11:03:28,0,0,transaction_burst,1
5800,619,869,3003.13,2026-02-15 11:11:55,0,0,normal,0
456,42,276,14052.02,2026-02-15 11:35:27,1,0,transaction_burst,1
3656,390,177,21812.12,2026-02-15 11:43:09,0,0,beneficiary_anomaly,0
7242,772,310,60104.41,2026-02-15 12:00:40,0,0,high_value,0
4190,439,338,49019.13,2026-02-15 12:03:32,1,1,rapid_movement,1
9215,983,773,32377.53,2026-02-15 12:09:48,0,0,rapid_movement,1
2773,297,574,32197.46,2026-02-15 12:12:14,1,0,behavioral_deviation,1
25,2,296,3012.76,2026-02-15 13:15:08,0,0,normal,0
3602,383,858,26175.71,2026-02-15 13:16:33,0,0,transaction_burst,0
6733,715,65,7500.94,2026-02-15 13:17:39,0,0,transaction_burst,1
2710,291,676,22703.14,2026-02-15 14:45:06,0,0,transaction_burst,1
2513,269,533,6114.41,2026-02-15 14:58:58,0,0,normal,0
4011,426,969,21047.37,2026-02-15 15:11:27,0,1,transaction_burst,0
2281,242,122,9874.23,2026-02-15 15:12:50,1,0,transaction_burst,1
3502,371,310,6352.01,2026-02-15 15:37:30,0,0,transaction_burst,1
5628,602,654,6674.12,2026-02-15 15:41:54,1,0,transaction_burst,1
213,19,507,13767.56,2026-02-15 16:11:43,0,0,transaction_burst,1
3639,387,353,40446.4,2026-02-15 16:15:04,1,0,rapid_movement,0
1522,163,476,100.0,2026-02-15 16:17:02,0,0,normal,0
5578,594,926,36457.13,2026-02-15 16:30:30,0,0,high_value,0
2708,291,315,13935.73,2026-02-15 16:33:52,0,0,transaction_burst,1
2899,309,806,3694.6,2026-02-15 16:57:59,0,0,normal,0
6527,693,334,3146.07,2026-02-15 17:08:54,0,0,normal,0
57,6,864,26753.44,2026-02-15 17:21:17,0,0,behavioral_deviation,1
1241,128,851,2115.17,2026-02-15 17:32:52,0,0,normal,1
8033,854,183,25909.5,2026-02-15 17:49:37,0,0,beneficiary_anomaly,0
3048,325,472,10736.59,2026-02-15 18:02:51,1,1,transaction_burst,1
3857,410,438,20772.43,2026-02-15 18:17:19,0,1,behavioral_deviation,1
5586,595,963,787.73,2026-02-15 18:27:59,0,0,normal,0
7304,778,34,5169.11,2026-02-15 18:38:12,0,0,normal,0
4613,495,417,14956.36,2026-02-15 19:32:19,1,0,transaction_burst,1
7705,818,432,4119.19,2026-02-15 19:38:59,0,0,normal,0
7866,837,205,12824.95,2026-02-15 19:40:25,0,0,transaction_burst,1
4856,520,660,26986.93,2026-02-15 19:40:35,0,0,transaction_burst,1
7410,787,965,14379.83,2026-02-15 20:43:13,1,0,transaction_burst,1
612,54,590,16490.18,2026-02-15 20:49:43,1,0,rapid_movement,1
4623,495,245,3837.78,2026-02-15 21:09:43,1,1,transaction_burst,1
1192,119,974,1664.09,2026-02-15 21:09:51,0,0,normal,0
6181,653,532,41197.1,2026-02-15 21:10:50,0,0,rapid_movement,1
4874,521,861,1770.74,2026-02-15 21:23:27,0,1,beneficiary_anomaly,0
5148,548,474,2274.65,2026-02-15 21:23:48,0,0,normal,0
7913,840,431,2364.03,2026-02-15 21:25:18,0,0,normal,0
1442,153,744,4417.62,2026-02-15 22:03:38,0,0,normal,0
494,45,155,9471.98,2026-02-15 22:22:35,0,1,transaction_burst,1
8101,862,352,39788.05,2026-02-15 22:28:11,1,0,rapid_movement,1
982,94,136,3792.03,2026-02-15 22:28:20,0,0,normal,1
6222,658,509,4973.53,2026-02-15 22:30:42,0,0,normal,0
8124,863,379,13443.05,2026-02-15 22:44:26,1,0,transaction_burst,1
7791,826,193,1281.26,2026-02-15 22:46:31,0,0,normal,0
1992,213,723,4398.26,2026-02-15 23:41:59,0,0,normal,0
1904,203,939,3796.63,2026-02-15 23:42:20,0,0,normal,1
1672,178,644,18347.55,2026-02-15 23:45:44,0,0,behavioral_deviation,1
645,56,129,6703.73,2026-02-15 23:57:29,0,0,transaction_burst,1
1785,191,390,100.0,2026-02-16 00:04:21,0,0,behavioral_deviation,0
2445,262,512,5867.84,2026-02-16 00:15:12,0,0,transaction_burst,0
2490,266,754,2915.79,2026-02-16 00:21:47,0,0,normal,1
6434,684,655,2891.05,2026-02-16 00:26:44,0,0,normal,0
3061,327,503,14688.49,2026-02-16 00:28:40,0,1,transaction_burst,1
7820,830,471,100.0,2026-02-16 00:32:43,0,0,normal,0
4431,469,534,5028.57,2026-02-16 00:36:04,0,0,normal,0
4694,505,541,128.44,2026-02-16 00:42:07,0,0,normal,0
6281,665,49,1543.63,2026-02-16 00:46:15,0,0,normal,0
3626,386,142,100.0,2026-02-16 00:57:08,0,1,behavioral_deviation,0
88,7,238,10056.09,2026-02-16 00:58:31,1,1,transaction_burst,1
3452,368,934,15809.16,2026-02-16 01:02:16,1,1,rapid_movement,1
8129,863,492,9414.89,2026-02-16 01:12:49,0,0,transaction_burst,1
2126,228,152,52398.97,2026-02-16 01:17:36,0,0,high_value,1
336,26,876,4710.31,2026-02-16 01:27:09,0,0,normal,0
9151,978,286,2920.54,2026-02-16 01:38:55,0,0,normal,0
7071,750,726,18259.57,2026-02-16 01:43:51,1,0,transaction_burst,1
6535,695,944,4643.25,2026-02-16 01:48:56,0,1,beneficiary_anomaly,0
8800,935,277,8745.0,2026-02-16 01:50:35,0,1,transaction_burst,1
3002,322,860,2888.69,2026-02-16 02:11:34,0,0,normal,1
4354,459,68,6840.24,2026-02-16 02:18:14,1,0,transaction_burst,1
3919,417,242,2152.64,2026-02-16 02:42:27,0,0,normal,0
5454,577,127,10027.5,2026-02-16 02:53:07,0,1,beneficiary_anomaly,0
4700,506,57,16720.83,2026-02-16 03:16:13,1,0,transaction_burst,1
2569,276,141,3674.28,2026-02-16 03:23:56,0,0,normal,0
5634,602,462,9894.36,2026-02-16 03:40:54,0,0,transaction_burst,1
1990,213,76,4611.19,2026-02-16 04:46:04,0,0,normal,0
4630,497,112,5006.35,2026-02-16 04:54:30,0,0,normal,0
8362,890,117,32440.5,2026-02-16 05:12:42,0,0,rapid_movement,1
9014,960,835,100.0,2026-02-16 05:19:23,0,0,normal,0
5500,584,992,3375.83,2026-02-16 05:47:25,0,0,normal,0
2604,280,56,28647.85,2026-02-16 06:13:32,1,1,beneficiary_anomaly,1
4614,495,395,8394.73,2026-02-16 06:14:15,1,1,transaction_burst,1
944,88,378,1507.6,2026-02-16 06:32:32,0,0,normal,1
359,29,256,4618.51,2026-02-16 06:46:50,0,0,normal,0
4324,455,14,4435.91,2026-02-16 06:47:38,0,0,normal,0
7977,846,917,3054.22,2026-02-16 07:03:56,1,0,beneficiary_anomaly,1
6023,638,997,6652.46,2026-02-16 07:34:40,0,0,rapid_movement,1
5708,607,53,29299.92,2026-02-16 07:46:26,0,1,beneficiary_anomaly,0
8476,902,164,4269.21,2026-02-16 07:52:16,0,0,normal,0
6450,686,19,3158.0,2026-02-16 08:06:20,0,0,normal,0
4904,524,228,60055.38,2026-02-16 08:24:27,1,0,high_value,0
8838,940,113,2094.04,2026-02-16 08:40:13,0,0,normal,0
5030,538,778,100.0,2026-02-16 08:56:16,0,0,normal,0
1908,203,406,3879.7,2026-02-16 09:40:48,0,0,normal,1
3363,358,172,10613.36,2026-02-16 09:49:41,0,1,transaction_burst,0
3616,384,721,4832.71,2026-02-16 09:50:41,0,0,normal,0
8998,957,669,1370.46,2026-02-16 10:13:09,0,1,transaction_burst,1
1869,201,156,12913.31,2026-02-16 10:18:35,1,0,transaction_burst,1
3174,341,483,3327.56,2026-02-16 10:28:18,0,0,normal,0
7241,772,55,38321.38,2026-02-16 10:39:05,0,0,high_value,0
3330,357,301,5248.88,2026-02-16 10:56:51,0,0,transaction_burst,1
4062,429,776,2263.15,2026-02-16 11:02:13,0,0,normal,0
6054,639,502,14843.31,2026-02-16 11:02:53,1,0,transaction_burst,0
757,70,614,2928.37,2026-02-16 11:06:47,0,0,normal,0
2352,251,894,53177.88,2026-02-16 11:13:42,0,0,rapid_movement,1
352,28,118,1370.95,2026-02-16 11:25:12,0,0,normal,0
310,25,43,22240.61,2026-02-16 11:26:10,0,0,transaction_burst,1
7958,844,307,4481.26,2026-02-16 11:27:12,0,0,normal,0
5569,593,790,1004.29,2026-02-16 11:27:31,0,0,normal,0
5820,621,809,11139.63,2026-02-16 11:32:20,0,0,transaction_burst,1
2017,214,650,9492.09,2026-02-16 11:58:19,0,0,transaction_burst,1
6966,740,782,602.39,2026-02-16 12:02:58,0,0,normal,0
6061,640,674,8363.03,2026-02-16 12:04:14,0,0,beneficiary_anomaly,0
938,88,717,3574.34,2026-02-16 12:11:17,0,0,normal,1
6983,743,881,26231.23,2026-02-16 12:12:28,0,0,beneficiary_anomaly,1
1205,122,358,67718.4,2026-02-16 12:20:04,0,1,high_value,1
2912,311,341,3832.88,2026-02-16 12:29:21,0,0,normal,0
2503,267,482,5247.27,2026-02-16 12:41:46,0,0,normal,0
2408,257,643,27231.03,2026-02-16 12:52:55,0,0,transaction_burst,1
4746,508,923,4823.84,2026-02-16 13:09:20,0,0,transaction_burst,1
4491,478,669,56365.98,2026-02-16 13:36:09,0,0,high_value,0
760,71,681,3268.76,2026-02-16 13:47:32,0,0,normal,0
7511,795,203,4421.2,2026-02-16 13:51:25,0,0,normal,0
6634,708,612,10815.68,2026-02-16 13:52:13,0,0,transaction_burst,1
70,7,165,8635.48,2026-02-16 13:54:50,0,0,transaction_burst,1
7893,838,882,9097.78,2026-02-16 14:03:03,1,1,behavioral_deviation,1
6558,699,117,38610.05,2026-02-16 14:04:40,1,0,rapid_movement,1
1155,116,4,16107.16,2026-02-16 14:22:04,0,0,beneficiary_anomaly,0
517,46,473,15410.67,2026-02-16 14:22:21,1,0,transaction_burst,1
2522,270,325,3768.31,2026-02-16 14:56:34,0,0,normal,0
501,45,523,10663.07,2026-02-16 14:56:40,0,0,transaction_burst,1
5637,602,842,14703.96,2026-02-16 15:03:25,0,0,transaction_burst,1
9229,985,783,5318.71,2026-02-16 15:29:17,0,0,normal,0
6416,681,305,1569.48,2026-02-16 15:54:34,0,0,normal,0
4462,474,481,4360.27,2026-02-16 16:02:48,0,0,normal,0
7062,750,578,12158.12,2026-02-16 16:32:11,0,0,transaction_burst,1
2807,299,922,7434.52,2026-02-16 16:39:19,0,0,transaction_burst,1
759,71,709,2086.72,2026-02-16 16:42:03,0,0,normal,0
472,43,102,30230.2,2026-02-16 17:21:37,1,0,rapid_movement,1
5288,563,226,13516.34,2026-02-16 17:38:51,0,0,transaction_burst,1
4988,532,780,44489.46,2026-02-16 17:44:08,0,0,rapid_movement,1
8757,934,521,12975.38,2026-02-16 17:50:31,0,0,transaction_burst,1
5017,536,612,939.55,2026-02-16 18:10:57,0,0,normal,0
914,86,70,2050.73,2026-02-16 18:11:54,0,0,normal,0
8355,889,904,1706.19,2026-02-16 18:15:27,0,0,normal,0
2871,305,702,23599.67,2026-02-16 18:24:28,0,0,beneficiary_anomaly,0
7105,755,628,22407.25,2026-02-16 18:39:08,0,0,rapid_movement,1
8675,923,716,49497.63,2026-02-16 18:41:03,0,0,high_value,0
6617,707,888,7217.1,2026-02-16 18:59:47,0,0,transaction_burst,1
7734,821,518,4839.25,2026-02-16 19:31:10,0,0,normal,0
3365,358,724,10848.67,2026-02-16 19:34:10,0,0,transaction_burst,0
7219,768,717,6299.38,2026-02-16 19:41:15,0,0,normal,0
2907,310,286,2285.69,2026-02-16 19:45:11,0,0,normal,0
7281,776,706,19727.75,2026-02-16 19:53:21,1,0,beneficiary_anomaly,1
3902,415,607,430.32,2026-02-16 20:07:57,0,0,normal,0
7704,817,531,26400.43,2026-02-16 20:19:39,0,1,beneficiary_anomaly,0
1969,210,699,5148.81,2026-02-16 20:24:01,0,0,normal,0
8424,895,127,10656.0,2026-02-16 20:25:01,0,1,transaction_burst,1
2162,234,449,54144.75,2026-02-16 20:39:22,0,0,high_value,0
7988,848,56,22215.48,2026-02-16 20:40:38,1,0,rapid_movement,1
6675,710,707,6193.42,2026-02-16 20:42:14,0,0,normal,0
1873,201,69,6658.17,2026-02-16 20:51:20,1,1,transaction_burst,1
6546,697,449,59243.56,2026-02-16 21:48:51,1,0,rapid_movement,1
8801,935,828,13209.75,2026-02-16 22:41:17,0,0,transaction_burst,1
1169,117,16,3710.21,2026-02-16 22:44:13,0,0,transaction_burst,1
7168,763,184,1999.13,2026-02-16 23:02:12,1,0,normal,0
8239,873,587,57157.36,2026-02-16 23:07:22,0,0,behavioral_deviation,1
4141,434,165,12752.84,2026-02-16 23:49:57,1,1,transaction_burst,0
4412,467,408,52598.53,2026-02-16 23:56:35,0,0,high_value,0
3392,361,301,40931.23,2026-02-17 00:01:50,0,1,behavioral_deviation,0
387,32,657,13062.87,2026-02-17 00:17:00,1,0,behavioral_deviation,0
4795,512,201,9620.1,2026-02-17 00:26:46,1,0,transaction_burst,1
9050,963,743,3781.0,2026-02-17 00:34:35,0,0,normal,0
465,42,13,15722.23,2026-02-17 00:52:16,0,0,transaction_burst,1
7850,835,791,40662.27,2026-02-17 01:01:58,1,0,rapid_movement,1
6195,654,717,1995.27,2026-02-17 01:04:31,0,0,normal,0
8517,906,248,33328.0,2026-02-17 01:11:29,0,0,rapid_movement,1
807,75,857,2371.14,2026-02-17 01:19:45,0,0,normal,0
369,30,836,31884.63,2026-02-17 02:30:07,1,0,rapid_movement,1
8602,914,117,7303.3,2026-02-17 02:46:46,0,0,behavioral_deviation,1
1229,125,419,4147.21,2026-02-17 02:51:26,0,1,normal,0
8640,920,402,60553.15,2026-02-17 03:09:57,1,0,high_value,1
2386,256,779,25842.25,2026-02-17 04:08:41,1,0,rapid_movement,1
3167,340,203,32228.38,2026-02-17 04:17:49,0,1,behavioral_deviation,1
2459,263,139,2227.02,2026-02-17 04:27:15,0,0,normal,0
1280,133,912,31076.37,2026-02-17 04:56:26,0,0,high_value,0
1276,132,762,39199.22,2026-02-17 04:57:48,0,1,behavioral_deviation,1
1638,174,115,26350.21,2026-02-17 05:45:39,1,1,behavioral_deviation,1
9203,982,245,13252.02,2026-02-17 05:51:31,1,0,transaction_burst,1
4320,454,439,1295.15,2026-02-17 06:26:57,0,0,normal,0
4789,512,184,6112.4,2026-02-17 06:36:12,0,0,transaction_burst,1
8125,863,868,13612.82,2026-02-17 06:52:27,0,0,transaction_burst,1
3374,358,540,9121.13,2026-02-17 06:53:26,0,0,transaction_burst,0
8645,921,54,2707.63,2026-02-17 07:03:55,0,0,normal,0
4544,487,466,1939.99,2026-02-17 07:14:34,0,0,normal,0
4162,435,765,3453.87,2026-02-17 07:24:49,0,0,normal,0
7350,781,954,844.74,2026-02-17 07:35:30,0,1,normal,1
3175,341,182,3821.87,2026-02-17 07:37:12,0,0,normal,0
4499,480,331,4170.23,2026-02-17 07:41:35,0,0,normal,0
3841,408,852,100.0,2026-02-17 07:42:11,0,1,transaction_burst,1
3824,407,617,1853.78,2026-02-17 07:54:37,0,0,normal,0
1450,155,458,4991.66,2026-02-17 08:33:55,0,0,normal,0
4337,457,660,13755.26,2026-02-17 08:47:23,0,1,behavioral_deviation,1
9147,977,250,4395.89,2026-02-17 09:20:47,0,0,normal,0
9334,993,67,11399.84,2026-02-17 09:29:23,0,1,transaction_burst,0
9027,961,584,1989.85,2026-02-17 09:39:09,0,0,normal,0
7852,836,963,31660.86,2026-02-17 09:55:33,0,0,high_value,0
7378,784,770,18126.36,2026-02-17 09:59:35,0,0,high_value,0
5635,602,453,100.0,2026-02-17 10:09:05,1,0,transaction_burst,1
2062,219,640,23216.31,2026-02-17 10:15:59,0,0,behavioral_deviation,0
6462,687,250,442.29,2026-02-17 10:16:57,0,0,normal,0
963,92,802,31771.63,2026-02-17 10:19:31,1,0,rapid_movement,1
8746,934,245,12286.33,2026-02-17 10:22:13,1,0,transaction_burst,1
2861,303,914,2349.83,2026-02-17 10:44:21,0,0,normal,0
7084,752,84,1803.52,2026-02-17 11:05:23,0,0,normal,0
3803,405,981,19145.28,2026-02-17 11:13:57,0,0,behavioral_deviation,0
6147,649,779,25380.45,2026-02-17 11:16:32,0,0,rapid_movement,1
1977,211,995,37196.75,2026-02-17 11:28:30,0,0,rapid_movement,1
8141,863,782,8456.88,2026-02-17 11:33:55,1,0,transaction_burst,1
6114,643,214,416.76,2026-02-17 11:38:45,0,0,normal,0
8435,897,942,4473.38,2026-02-17 11:52:00,0,0,normal,0
8532,908,816,4487.08,2026-02-17 12:11:13,0,0,normal,0
3489,371,869,6425.31,2026-02-17 12:17:38,0,1,transaction_burst,1
1403,150,113,1472.08,2026-02-17 12:36:39,0,0,normal,0
4065,430,787,12702.91,2026-02-17 12:37:18,0,0,transaction_burst,0
3070,327,786,10428.53,2026-02-17 12:47:02,0,0,transaction_burst,1
2333,249,813,2854.45,2026-02-17 12:48:26,0,0,normal,0
4775,510,827,1987.1,2026-02-17 12:57:40,0,0,normal,0
1791,192,780,1797.23,2026-02-17 12:58:38,0,0,normal,0
9076,966,550,4091.7,2026-02-17 13:00:09,0,0,normal,0
3871,412,407,32666.34,2026-02-17 13:02:02,0,0,rapid_movement,1
901,83,67,9681.16,2026-02-17 13:09:12,0,0,transaction_burst,1
3230,345,213,8848.78,2026-02-17 13:23:40,0,0,transaction_burst,0
5682,606,927,5208.09,2026-02-17 13:38:28,0,0,transaction_burst,1
5021,537,910,5257.14,2026-02-17 13:46:28,0,0,normal,0
72,7,190,732.07,2026-02-17 13:46:53,1,0,transaction_burst,1
3155,338,456,52952.87,2026-02-17 14:47:55,1,0,rapid_movement,1
5387,572,680,18509.22,2026-02-17 15:00:26,0,0,transaction_burst,1
3796,405,747,39382.94,2026-02-17 15:48:36,1,0,behavioral_deviation,0
2772,297,251,53180.17,2026-02-17 16:03:53,0,0,behavioral_deviation,1
9336,993,494,11469.3,2026-02-17 16:06:09,0,0,transaction_burst,0
349,27,438,3218.45,2026-02-17 16:10:46,0,0,normal,0
7166,763,615,5661.53,2026-02-17 16:24:37,0,0,normal,0
3598,383,851,11426.31,2026-02-17 16:28:25,0,0,transaction_burst,0
8174,868,972,18978.53,2026-02-17 16:46:01,0,0,transaction_burst,1
4088,431,529,17047.22,2026-02-17 17:16:05,0,0,behavioral_deviation,0
6273,664,290,100.0,2026-02-17 17:22:45,0,0,normal,0
7047,750,678,20390.13,2026-02-17 17:29:32,0,0,transaction_burst,1
8865,942,667,4132.77,2026-02-17 18:12:22,1,1,transaction_burst,1
6669,710,837,1984.51,2026-02-17 18:27:43,0,0,normal,0
4198,440,343,43481.75,2026-02-17 18:27:57,0,1,high_value,0
2791,298,125,8121.37,2026-02-17 18:33:23,0,0,transaction_burst,1
1358,143,200,100.0,2026-02-17 18:54:22,0,0,behavioral_deviation,1
6150,649,8,46467.02,2026-02-17 19:14:12,0,0,rapid_movement,1
5587,595,724,1621.61,2026-02-17 19:21:36,0,0,normal,0
2183,236,433,4209.41,2026-02-17 19:26:30,0,0,transaction_burst,1
1633,174,392,20667.4,2026-02-17 19:34:50,0,0,behavioral_deviation,1
8162,866,158,8158.97,2026-02-17 19:37:43,0,1,beneficiary_anomaly,0
5253,561,892,1406.75,2026-02-17 19:59:00,0,0,normal,0
4981,531,74,33794.54,2026-02-17 20:22:17,0,0,rapid_movement,1
1120,112,789,2638.99,2026-02-17 20:29:36,0,0,normal,0
6377,674,8,23033.16,2026-02-17 20:48:11,0,0,rapid_movement,1
1033,102,93,37750.19,2026-02-17 20:57:09,0,0,rapid_movement,1
942,88,300,6301.65,2026-02-17 21:12:36,0,0,normal,1
986,95,69,1317.65,2026-02-17 21:19:56,0,1,normal,0
5208,554,159,9840.42,2026-02-17 21:56:50,0,1,beneficiary_anomaly,0
6008,636,838,1551.6,2026-02-17 22:26:11,0,0,normal,0
8323,886,603,1848.07,2026-02-17 22:28:26,0,0,normal,0
5111,544,736,38733.56,2026-02-17 22:44:17,0,1,behavioral_deviation,0
4087,430,421,16500.27,2026-02-17 22:52:02,0,1,transaction_burst,0
5085,543,402,4683.98,2026-02-17 22:57:43,0,0,transaction_burst,1
2464,263,273,2303.7,2026-02-17 23:02:52,0,0,normal,0
3610,383,320,11352.12,2026-02-17 23:52:03,0,0,transaction_burst,0
916,86,292,6733.88,2026-02-18 00:08:28,0,0,normal,0
7045,749,124,18961.31,2026-02-18 00:12:06,1,1,transaction_burst,1
7170,763,869,3143.0,2026-02-18 00:19:47,0,0,normal,0
9244,986,883,20027.97,2026-02-18 00:20:37,0,0,beneficiary_anomaly,0
5003,534,405,41069.39,2026-02-18 00:21:09,0,0,high_value,0
2856,303,878,1266.11,2026-02-18 00:33:04,0,1,normal,0
3545,376,709,1950.08,2026-02-18 00:45:03,1,0,normal,0
9214,983,647,43029.58,2026-02-18 01:15:11,1,0,rapid_movement,1
7935,842,998,1867.11,2026-02-18 01:17:31,0,0,transaction_burst,0
473,43,618,40855.9,2026-02-18 01:18:18,0,0,rapid_movement,1
523,46,915,612.39,2026-02-18 01:22:29,0,0,transaction_burst,1
1639,175,822,3010.64,2026-02-18 01:22:33,0,0,normal,0
5301,566,828,34738.61,2026-02-18 01:25:09,1,0,rapid_movement,1
3399,362,953,3500.0,2026-02-18 01:25:39,0,0,normal,0
533,46,662,14089.22,2026-02-18 01:27:35,0,0,transaction_burst,1
6563,700,937,4611.75,2026-02-18 01:46:47,0,0,normal,0
3023,325,385,12890.24,2026-02-18 01:48:20,0,0,transaction_burst,1
7515,796,556,3427.7,2026-02-18 02:02:31,0,0,normal,0
5938,630,580,6003.94,2026-02-18 02:16:40,0,0,transaction_burst,1
4525,484,212,1847.74,2026-02-18 02:38:10,0,0,normal,0
7336,780,781,23263.25,2026-02-18 02:50:07,1,0,beneficiary_anomaly,1
7546,799,49,33121.27,2026-02-18 03:25:20,0,0,rapid_movement,0
3265,346,580,12403.34,2026-02-18 03:46:26,0,1,transaction_burst,1
2429,261,839,5253.68,2026-02-18 03:48:54,0,0,normal,0
2128,228,821,44352.65,2026-02-18 03:56:00,0,0,high_value,1
3426,366,396,4170.11,2026-02-18 04:05:32,0,0,normal,0
3992,426,224,11220.09,2026-02-18 04:14:36,0,0,transaction_burst,0
4717,506,604,11712.07,2026-02-18 04:42:19,1,0,transaction_burst,1
1759,187,680,3954.6,2026-02-18 05:15:48,0,0,normal,0
1646,176,691,3395.84,2026-02-18 05:34:06,0,0,normal,0
3872,412,7,42795.34,2026-02-18 05:38:46,0,0,rapid_movement,1
5362,571,147,3620.73,2026-02-18 05:39:27,0,0,normal,0
4839,518,764,44703.88,2026-02-18 05:59:19,0,0,rapid_movement,0
5151,549,64,11320.06,2026-02-18 06:05:13,0,0,transaction_burst,1
4194,439,914,18031.92,2026-02-18 06:56:20,1,0,rapid_movement,1
7580,802,503,2592.48,2026-02-18 07:07:57,1,0,normal,0
1634,174,495,36444.64,2026-02-18 07:13:55,0,0,behavioral_deviation,1
2606,280,89,12294.84,2026-02-18 07:26:41,0,1,beneficiary_anomaly,1
8093,861,217,29052.6,2026-02-18 08:14:47,0,0,rapid_movement,1
5450,576,320,2318.12,2026-02-18 08:17:28,0,0,normal,0
6220,657,950,22937.91,2026-02-18 08:34:22,0,0,beneficiary_anomaly,0
1352,142,158,2963.71,2026-02-18 08:57:56,0,0,normal,0
5131,546,990,1643.04,2026-02-18 09:30:32,0,0,normal,0
5626,602,885,7087.82,2026-02-18 09:49:08,0,0,transaction_burst,1
7328,779,826,19087.4,2026-02-18 10:04:56,0,0,transaction_burst,0
7392,785,919,24177.7,2026-02-18 10:13:55,1,0,behavioral_deviation,0
7431,787,745,10937.59,2026-02-18 10:29:58,0,1,transaction_burst,1
3180,342,722,6190.16,2026-02-18 10:30:54,0,0,behavioral_deviation,0
2138,230,56,1543.59,2026-02-18 10:54:49,0,0,normal,0
8702,927,470,4204.12,2026-02-18 10:56:14,0,0,normal,0
8267,878,80,3248.23,2026-02-18 11:29:52,0,0,normal,0
4280,450,945,54481.51,2026-02-18 11:46:01,0,0,high_value,0
2320,247,655,61769.47,2026-02-18 12:06:30,0,0,high_value,0
6152,649,101,28962.73,2026-02-18 12:28:05,1,0,rapid_movement,1
990,96,554,61708.12,2026-02-18 12:51:23,0,0,high_value,1
5324,567,701,15116.18,2026-02-18 12:53:03,0,1,transaction_burst,1
7107,755,139,26386.41,2026-02-18 13:12:41,1,0,rapid_movement,1
5571,593,859,1692.92,2026-02-18 13:51:18,0,0,normal,0
7756,824,45,16483.65,2026-02-18 13:55:09,0,0,rapid_movement,1
1996,214,269,6764.42,2026-02-18 14:03:15,1,1,transaction_burst,1
5683,606,689,19956.93,2026-02-18 15:02:25,0,1,transaction_burst,1
325,25,186,14287.63,2026-02-18 15:07:25,0,0,transaction_burst,1
3116,332,999,5353.42,2026-02-18 15:41:31,0,0,normal,0
6128,645,726,48917.04,2026-02-18 16:02:14,0,0,high_value,0
3029,325,393,6084.14,2026-02-18 16:33:30,0,0,transaction_burst,1
6288,666,763,42469.18,2026-02-18 17:02:53,0,1,rapid_movement,1
3711,397,436,9716.21,2026-02-18 17:08:33,0,0,transaction_burst,1
3319,356,868,7492.7,2026-02-18 17:20:03,0,0,normal,0
6869,729,416,966.96,2026-02-18 17:42:33,0,0,normal,0
7083,752,360,1256.79,2026-02-18 17:45:36,0,0,normal,0
367,30,465,25570.44,2026-02-18 18:11:34,1,0,rapid_movement,1
734,64,72,5158.89,2026-02-18 18:33:14,0,0,transaction_burst,1
8217,871,428,17795.73,2026-02-18 18:48:18,1,1,rapid_movement,1
2724,293,456,8311.2,2026-02-18 18:55:16,0,0,beneficiary_anomaly,1
6407,679,366,3120.91,2026-02-18 19:04:53,0,0,normal,0
6451,686,816,4295.8,2026-02-18 19:22:10,0,1,normal,0
4832,516,919,1892.69,2026-02-18 19:42:09,0,0,normal,0
2074,220,770,3305.39,2026-02-18 19:49:31,0,0,normal,0
4728,508,542,13131.79,2026-02-18 19:57:33,1,0,transaction_burst,1
8946,954,384,1421.35,2026-02-18 19:59:00,0,0,normal,0
8933,952,642,242.04,2026-02-18 21:14:18,0,0,normal,1
7160,762,722,2483.11,2026-02-18 21:35:56,1,0,normal,0
2436,262,714,9070.87,2026-02-18 21:41:06,0,0,transaction_burst,0
7468,791,366,4556.59,2026-02-18 21:45:23,0,1,normal,0
5582,595,562,5294.66,2026-02-18 22:08:19,0,0,normal,0
5474,580,726,3052.75,2026-02-18 22:09:32,0,0,normal,0
3781,403,964,18119.67,2026-02-18 22:09:55,0,1,transaction_burst,0
7647,810,6,2281.87,2026-02-18 22:18:07,0,0,behavioral_deviation,0
7531,797,762,706.09,2026-02-18 22:21:08,0,0,normal,0
6056,640,820,22584.04,2026-02-18 22:33:20,0,1,beneficiary_anomaly,0
1727,185,939,14089.86,2026-02-18 22:36:19,0,0,transaction_burst,1
2527,270,367,1098.78,2026-02-18 22:40:42,1,0,normal,0
8428,896,315,21363.31,2026-02-18 22:44:48,0,1,beneficiary_anomaly,1
5480,581,32,2479.17,2026-02-18 22:52:14,0,0,normal,0
7813,829,858,25518.26,2026-02-18 23:02:26,0,0,beneficiary_anomaly,0
5476,580,764,3325.41,2026-02-18 23:16:13,0,0,normal,0
3324,357,612,2886.12,2026-02-18 23:18:58,0,0,transaction_burst,1
3456,368,847,45915.6,2026-02-18 23:21:04,1,0,rapid_movement,1
4526,484,38,743.6,2026-02-18 23:53:46,0,1,normal,0
5694,606,984,10170.43,2026-02-19 00:03:17,1,0,transaction_burst,1
4351,459,710,11423.03,2026-02-19 00:15:48,1,0,transaction_burst,1
4135,434,416,21638.41,2026-02-19 00:16:17,1,1,transaction_burst,0
7002,745,856,2101.43,2026-02-19 00:21:34,0,0,normal,0
1083,107,999,5307.7,2026-02-19 00:25:05,0,0,normal,0
2817,299,15,9791.6,2026-02-19 00:28:05,1,0,transaction_burst,1
3786,403,449,10128.25,2026-02-19 00:36:33,1,0,transaction_burst,0
5743,613,498,35378.27,2026-02-19 01:10:54,0,1,behavioral_deviation,1
4433,470,561,2037.75,2026-02-19 01:13:23,0,0,normal,0
7457,789,820,11749.77,2026-02-19 01:15:24,0,0,transaction_burst,0
2101,224,392,13252.71,2026-02-19 01:25:53,0,0,behavioral_deviation,0
6297,667,89,17413.63,2026-02-19 01:43:02,0,0,transaction_burst,1
5294,564,946,42932.21,2026-02-19 02:05:34,0,0,high_value,0
8793,935,188,3396.86,2026-02-19 02:08:36,1,0,transaction_burst,1
5478,580,493,1146.31,2026-02-19 02:14:11,0,0,normal,0
7383,785,688,21811.4,2026-02-19 02:16:51,0,0,behavioral_deviation,0
827,78,94,40758.07,2026-02-19 02:28:13,1,0,rapid_movement,1
6366,673,383,10752.25,2026-02-19 02:39:55,0,1,behavioral_deviation,0
178,14,178,13387.69,2026-02-19 02:41:17,1,1,transaction_burst,1
1230,126,217,781.3,2026-02-19 03:11:55,0,0,normal,0
2341,250,563,2869.17,2026-02-19 03:20:02,0,0,normal,0
158,13,624,51056.29,2026-02-19 03:43:22,0,0,high_value,0
7185,764,420,2390.55,2026-02-19 04:04:18,0,0,normal,0
410,36,917,100.0,2026-02-19 04:04:20,0,0,normal,0
6418,681,472,3193.93,2026-02-19 04:08:43,0,0,normal,0
8541,910,799,2577.88,2026-02-19 04:24:43,0,0,normal,0
9060,964,197,989.51,2026-02-19 04:26:49,0,0,normal,0
1858,199,831,3698.5,2026-02-19 04:41:26,0,0,normal,0
3236,345,810,6515.82,2026-02-19 05:09:50,1,0,transaction_burst,0
3111,332,563,702.77,2026-02-19 05:16:20,0,0,normal,0
4465,474,645,3142.26,2026-02-19 06:07:03,0,0,normal,0
5520,586,727,57300.08,2026-02-19 06:30:08,0,0,high_value,0
957,90,559,3255.94,2026-02-19 06:32:29,0,0,normal,0
500,45,294,15302.6,2026-02-19 06:43:44,0,0,transaction_burst,1
7379,784,83,38629.59,2026-02-19 06:47:59,0,0,high_value,0
6518,691,496,3204.43,2026-02-19 06:48:30,0,0,normal,0
5913,629,427,59600.61,2026-02-19 06:58:17,0,0,high_value,0
9372,998,481,1353.42,2026-02-19 07:23:07,0,0,normal,0
193,15,132,2125.33,2026-02-19 07:29:35,0,0,normal,0
964,92,310,36754.84,2026-02-19 07:31:27,1,0,rapid_movement,1
3364,358,587,13924.31,2026-02-19 07:45:15,0,1,transaction_burst,0
7013,747,800,4972.7,2026-02-19 07:52:36,0,0,normal,0
4979,531,320,27735.06,2026-02-19 08:08:01,0,0,rapid_movement,1
1906,203,219,2194.44,2026-02-19 08:09:11,0,0,normal,1
8719,930,733,49087.98,2026-02-19 08:19:39,1,0,rapid_movement,1
1625,173,122,100.0,2026-02-19 08:35:10,0,0,normal,0
8419,895,146,10495.62,2026-02-19 08:47:15,0,0,transaction_burst,1
815,76,246,3051.61,2026-02-19 09:14:16,0,0,normal,0
4384,463,570,7748.02,2026-02-19 09:15:52,0,1,behavioral_deviation,1
1690,181,380,21773.87,2026-02-19 09:17:24,0,0,beneficiary_anomaly,0
789,74,152,1027.42,2026-02-19 09:33:02,0,0,normal,0
3802,405,794,26484.76,2026-02-19 09:45:41,0,0,behavioral_deviation,0
4335,457,545,56616.7,2026-02-19 09:56:49,1,0,behavioral_deviation,1
3867,411,690,25797.18,2026-02-19 10:31:52,0,0,rapid_movement,1
8909,949,162,17747.63,2026-02-19 11:07:06,0,0,beneficiary_anomaly,0
8299,882,837,54817.42,2026-02-19 11:53:00,0,0,high_value,0
2849,301,868,2311.8,2026-02-19 11:55:38,0,1,transaction_burst,1
7176,764,511,3874.85,2026-02-19 12:44:27,0,0,normal,0
5950,631,299,30654.28,2026-02-19 12:56:12,0,0,beneficiary_anomaly,0
4932,528,511,25031.27,2026-02-19 13:02:47,0,0,behavioral_deviation,0
2474,264,763,2719.44,2026-02-19 13:33:10,0,0,normal,0
3159,339,566,3527.55,2026-02-19 13:34:41,0,0,normal,0
4336,457,580,45177.05,2026-02-19 14:04:48,0,0,behavioral_deviation,1
5127,546,788,2263.68,2026-02-19 14:25:17,0,0,normal,0
5898,627,930,13144.61,2026-02-19 14:44:21,0,1,transaction_burst,0
8166,867,507,12667.12,2026-02-19 14:49:59,0,1,beneficiary_anomaly,0
1782,191,573,100.0,2026-02-19 14:59:02,0,0,behavioral_deviation,0
7463,790,824,67089.41,2026-02-19 15:40:51,1,0,high_value,0
2284,242,743,24710.57,2026-02-19 16:16:29,1,0,transaction_burst,1
296,24,500,14991.17,2026-02-19 16:17:04,0,0,beneficiary_anomaly,1
4179,438,748,4024.86,2026-02-19 16:29:07,0,0,normal,0
280,22,754,3296.33,2026-02-19 16:36:07,0,0,normal,0
6696,713,415,13355.99,2026-02-19 16:38:19,0,0,transaction_burst,1
485,45,792,22026.73,2026-02-19 16:47:58,0,0,transaction_burst,1
7554,799,988,52508.36,2026-02-19 16:56:36,0,1,rapid_movement,0
3675,392,252,3033.39,2026-02-19 17:03:51,0,0,normal,0
5618,601,587,3930.39,2026-02-19 17:04:34,0,0,normal,0
3738,399,577,1806.82,2026-02-19 18:22:15,0,0,normal,0
5688,606,627,26679.88,2026-02-19 18:46:54,0,0,transaction_burst,1
1723,185,531,13183.4,2026-02-19 19:00:56,1,0,transaction_burst,1
3467,370,137,3104.94,2026-02-19 19:01:23,0,0,beneficiary_anomaly,0
2730,294,402,3083.5,2026-02-19 19:02:08,0,0,normal,0
3957,420,129,6678.74,2026-02-19 19:02:10,0,0,beneficiary_anomaly,1
3110,332,60,3067.34,2026-02-19 19:30:05,0,0,normal,0
394,33,656,1880.83,2026-02-19 19:47:30,0,0,normal,0
3124,333,29,25415.87,2026-02-19 19:59:29,0,1,rapid_movement,1
7662,813,42,696.59,2026-02-19 20:14:39,0,1,behavioral_deviation,1
5535,589,475,4784.11,2026-02-19 20:16:46,0,0,normal,0
1779,190,818,1128.69,2026-02-19 20:18:13,0,0,normal,0
6590,704,109,100.0,2026-02-19 21:17:32,0,0,beneficiary_anomaly,0
1208,123,241,1036.61,2026-02-19 21:34:43,0,0,normal,0
3935,418,714,14678.38,2026-02-19 22:07:11,0,0,transaction_burst,1
7855,836,899,45315.43,2026-02-19 22:11:34,0,0,high_value,0
7342,780,788,25719.78,2026-02-19 22:34:04,0,1,beneficiary_anomaly,1
2932,313,278,3440.55,2026-02-19 22:44:16,0,0,normal,0
2414,258,47,6157.91,2026-02-19 23:06:01,0,0,normal,0
9185,982,244,16201.54,2026-02-19 23:19:11,1,1,transaction_burst,1
5233,558,766,1473.1,2026-02-19 23:41:49,0,0,normal,0
4355,459,740,8883.73,2026-02-20 00:02:02,0,0,transaction_burst,1
7685,816,990,26882.76,2026-02-20 00:19:25,0,0,beneficiary_anomaly,0
2660,288,147,3646.91,2026-02-20 00:23:21,0,0,normal,0
4575,491,303,34941.71,2026-02-20 01:46:09,1,0,rapid_movement,1
6822,724,84,22038.43,2026-02-20 02:36:10,0,0,behavioral_deviation,0
1657,178,249,47506.48,2026-02-20 02:37:20,0,0,behavioral_deviation,1
826,77,307,3256.86,2026-02-20 02:37:46,0,0,normal,0
8319,884,210,3354.73,2026-02-20 02:52:17,0,0,normal,0
1545,167,434,20383.97,2026-02-20 03:02:12,1,0,transaction_burst,1
3446,367,449,9457.1,2026-02-20 03:02:26,0,0,transaction_burst,1
3104,331,530,35526.13,2026-02-20 03:05:17,1,0,rapid_movement,1
2137,229,566,51454.94,2026-02-20 03:30:25,0,0,high_value,0
6244,661,690,5164.65,2026-02-20 04:09:53,0,0,normal,0
5176,549,391,13813.05,2026-02-20 04:40:05,0,0,transaction_burst,1
2690,291,451,8326.52,2026-02-20 05:20:13,1,0,transaction_burst,1
2450,262,36,13922.67,2026-02-20 05:25:44,0,0,transaction_burst,0
2959,318,238,15931.87,2026-02-20 05:30:22,1,0,rapid_movement,1
2728,293,620,11176.73,2026-02-20 05:56:13,0,0,beneficiary_anomaly,1
7920,841,732,3000.88,2026-02-20 06:01:13,0,0,normal,1
1328,139,624,10638.92,2026-02-20 06:11:23,1,0,transaction_burst,1
7179,764,940,3275.96,2026-02-20 06:14:10,0,0,normal,0
2715,292,484,2310.23,2026-02-20 06:15:39,0,0,normal,0
1221,125,82,2878.67,2026-02-20 06:20:36,0,0,normal,0
1486,159,969,36489.98,2026-02-20 06:26:58,0,0,rapid_movement,1
2308,245,306,40849.23,2026-02-20 06:29:21,0,0,high_value,0
949,89,474,212.27,2026-02-20 06:56:45,0,0,normal,0
8556,911,531,11798.06,2026-02-20 07:26:08,1,0,transaction_burst,0
8098,862,89,14529.84,2026-02-20 07:33:29,0,1,rapid_movement,1
4511,482,783,2060.51,2026-02-20 07:44:29,0,0,normal,0
8721,930,882,34023.72,2026-02-20 08:22:16,1,1,rapid_movement,1
8664,922,417,1933.14,2026-02-20 08:55:14,0,0,transaction_burst,0
5335,567,705,987.6,2026-02-20 09:25:23,1,0,transaction_burst,1
1618,172,300,1275.04,2026-02-20 09:31:31,0,0,normal,1
3911,416,462,2039.15,2026-02-20 09:51:53,0,0,normal,0
3861,411,81,42250.52,2026-02-20 10:01:42,0,0,rapid_movement,1
822,77,482,4563.53,2026-02-20 10:17:08,0,1,normal,0
2913,311,804,3965.1,2026-02-20 10:18:07,0,0,normal,0
9253,987,6,3048.5,2026-02-20 10:36:25,0,0,normal,0
5246,560,990,987.14,2026-02-20 10:36:40,0,0,normal,0
7828,832,349,50369.46,2026-02-20 10:42:47,0,0,high_value,0
711,64,284,12547.76,2026-02-20 10:43:05,0,0,transaction_burst,1
9342,993,169,11241.07,2026-02-20 10:45:10,0,0,transaction_burst,0
1281,133,793,45941.58,2026-02-20 10:50:25,0,0,high_value,0
144,11,349,2192.53,2026-02-20 10:51:32,0,0,normal,0
3542,376,597,2554.39,2026-02-20 10:51:38,0,0,normal,0
5993,633,117,3374.37,2026-02-20 10:57:57,0,0,normal,0
7123,757,741,3441.53,2026-02-20 11:10:07,0,0,normal,0
9390,1000,779,988.82,2026-02-20 11:26:53,0,0,normal,0
1102,109,980,5116.75,2026-02-20 11:31:28,0,0,normal,0
6618,707,3,7431.84,2026-02-20 11:49:21,1,0,transaction_burst,1
2663,288,902,1472.78,2026-02-20 11:50:36,0,0,normal,0
6089,642,86,17716.0,2026-02-20 11:52:27,0,1,transaction_burst,0
4201,441,531,12917.38,2026-02-20 12:07:23,0,1,beneficiary_anomaly,0
6629,708,802,8965.5,2026-02-20 12:19:58,0,0,transaction_burst,1
4826,515,383,2579.17,2026-02-20 13:12:41,0,0,normal,0
6921,736,848,27136.52,2026-02-20 13:34:33,0,1,rapid_movement,1
7416,787,245,18683.8,2026-02-20 14:11:50,0,1,transaction_burst,1
8168,867,923,16787.86,2026-02-20 14:34:01,0,1,beneficiary_anomaly,0
8058,857,37,52706.51,2026-02-20 14:50:20,0,1,rapid_movement,1
2845,301,236,14887.49,2026-02-20 15:25:37,0,0,transaction_burst,1
2467,264,949,2837.43,2026-02-20 15:32:43,0,0,normal,0
1012,99,115,6083.22,2026-02-20 15:40:03,0,0,normal,0
6102,642,275,5947.31,2026-02-20 15:43:26,0,0,transaction_burst,0
9142,975,119,837.58,2026-02-20 15:47:10,0,0,normal,0
324,25,243,15839.62,2026-02-20 16:03:54,0,0,transaction_burst,1
5576,594,16,47629.78,2026-02-20 16:06:48,0,0,high_value,0
5281,563,70,5520.87,2026-02-20 16:10:23,0,1,transaction_burst,1
4721,507,521,2295.0,2026-02-20 16:14:59,0,0,normal,0
2202,236,310,19391.57,2026-02-20 16:15:02,1,0,transaction_burst,1
159,13,752,34142.68,2026-02-20 16:22:55,0,0,high_value,0
7951,843,278,2257.78,2026-02-20 17:04:02,0,0,normal,0
8445,898,726,5107.64,2026-02-20 17:09:00,0,0,normal,0
7728,820,346,964.52,2026-02-20 17:35:09,0,0,normal,0
1572,168,500,6019.38,2026-02-20 17:44:10,0,0,transaction_burst,1
9271,990,951,18537.25,2026-02-20 17:44:26,1,0,transaction_burst,1
476,44,77,2213.38,2026-02-20 17:56:24,0,0,normal,0
2763,296,563,24782.81,2026-02-20 18:01:00,0,1,beneficiary_anomaly,0
6017,637,453,17883.46,2026-02-20 18:25:53,0,0,rapid_movement,1
7356,781,66,3370.86,2026-02-20 18:28:54,0,0,normal,1
4946,529,727,15506.88,2026-02-20 18:58:42,1,0,transaction_burst,0
5182,550,545,1741.05,2026-02-20 18:59:27,0,1,normal,0
3870,412,117,29648.71,2026-02-20 19:01:28,1,0,rapid_movement,1
7811,829,729,22729.61,2026-02-20 19:29:05,1,1,beneficiary_anomaly,0
8930,952,583,3333.91,2026-02-20 19:37:52,0,0,normal,1
7398,786,777,100.0,2026-02-20 19:44:07,0,0,normal,0
7578,801,562,44734.48,2026-02-20 20:06:27,1,0,rapid_movement,1
3438,367,587,12989.7,2026-02-20 20:15:18,0,1,transaction_burst,1
6537,696,315,1848.51,2026-02-20 20:15:53,0,0,normal,0
4339,457,331,10632.87,2026-02-20 20:22:33,0,0,behavioral_deviation,1
1056,105,737,24585.06,2026-02-20 20:38:39,0,0,transaction_burst,1
3025,325,331,11420.35,2026-02-20 20:39:12,0,0,transaction_burst,1
6880,730,770,2606.74,2026-02-20 20:46:16,0,0,normal,0
635,56,889,18103.06,2026-02-20 20:56:45,0,0,transaction_burst,1
3292,351,870,41130.46,2026-02-20 20:58:29,0,0,high_value,0
4685,504,755,4325.26,2026-02-20 21:07:47,0,1,normal,0
5258,562,482,2501.86,2026-02-20 21:16:35,0,0,normal,0
4578,491,284,37466.48,2026-02-20 21:21:30,0,1,rapid_movement,1
9061,964,325,4440.83,2026-02-20 21:22:08,0,0,normal,0
2822,299,737,6041.45,2026-02-20 21:34:51,0,1,transaction_burst,1
5975,632,776,7379.1,2026-02-20 21:37:41,0,0,transaction_burst,1
4406,466,738,57767.79,2026-02-20 21:50:10,1,0,rapid_movement,1
516,46,644,8105.64,2026-02-20 21:57:04,1,0,transaction_burst,1
5702,607,917,16545.8,2026-02-20 22:22:40,0,0,beneficiary_anomaly,0
1972,211,224,56296.22,2026-02-20 22:24:16,1,0,rapid_movement,1
8225,872,552,333.29,2026-02-20 22:27:06,0,0,normal,0
5230,557,691,3613.26,2026-02-20 22:28:31,0,0,normal,0
1524,164,506,4822.03,2026-02-20 22:33:05,0,0,normal,0
8908,949,653,13477.14,2026-02-20 22:37:17,0,0,beneficiary_anomaly,0
6482,689,475,4953.23,2026-02-20 22:39:20,0,0,transaction_burst,1
5489,582,965,1693.18,2026-02-20 22:45:31,0,0,normal,0
5844,621,405,14879.69,2026-02-20 22:52:11,0,1,transaction_burst,1
8339,888,836,3058.24,2026-02-20 22:52:29,0,0,normal,0
8902,948,205,5741.74,2026-02-20 22:53:37,0,0,beneficiary_anomaly,0
6818,723,276,4174.08,2026-02-20 23:01:36,0,0,normal,0
1419,151,177,7964.12,2026-02-20 23:08:17,1,0,transaction_burst,1
6384,675,740,36868.82,2026-02-20 23:09:54,0,0,high_value,0
3894,414,983,19913.9,2026-02-20 23:29:10,0,1,beneficiary_anomaly,0
8864,942,704,15042.58,2026-02-20 23:33:54,0,1,transaction_burst,1
8927,952,368,3164.25,2026-02-20 23:33:57,0,0,normal,1
3140,335,71,2478.42,2026-02-20 23:51:17,0,0,normal,0
5009,535,454,860.37,2026-02-20 23:51:40,0,0,normal,0
8992,957,661,13912.5,2026-02-21 00:20:17,1,1,transaction_burst,1
5871,625,461,51532.35,2026-02-21 00:31:28,0,0,behavioral_deviation,1
5647,602,512,15013.86,2026-02-21 00:36:35,0,0,transaction_burst,1
7590,803,768,100.0,2026-02-21 00:55:59,1,0,beneficiary_anomaly,0
8770,934,636,17583.93,2026-02-21 01:05:11,0,0,transaction_burst,1
1142,115,708,2469.25,2026-02-21 01:06:11,0,0,normal,0
7869,837,667,16249.38,2026-02-21 01:13:48,0,1,transaction_burst,1
6454,686,194,5275.2,2026-02-21 01:54:34,0,0,normal,0
981,93,436,2640.43,2026-02-21 02:18:21,0,0,normal,0
5561,592,234,2407.44,2026-02-21 02:59:48,0,0,normal,0
7220,769,106,1158.67,2026-02-21 03:00:05,0,0,normal,0
6735,715,230,100.0,2026-02-21 03:38:52,1,0,transaction_burst,1
266,21,378,18629.64,2026-02-21 03:43:26,1,0,transaction_burst,1
6359,673,388,29984.49,2026-02-21 03:58:36,0,1,behavioral_deviation,0
6950,739,705,3150.24,2026-02-21 04:06:08,0,0,normal,0
8201,869,126,3222.91,2026-02-21 04:12:21,0,0,normal,0
4798,512,35,14245.34,2026-02-21 04:25:13,0,0,transaction_burst,1
8631,918,248,3684.67,2026-02-21 04:32:54,0,0,normal,0
1212,123,268,758.77,2026-02-21 04:54:35,0,0,normal,0
6011,637,32,30364.73,2026-02-21 06:06:27,1,1,rapid_movement,1
5093,543,521,13983.89,2026-02-21 06:59:56,0,0,transaction_burst,1
5838,621,986,7162.86,2026-02-21 07:07:17,0,0,transaction_burst,1
3283,349,974,44286.63,2026-02-21 07:21:22,1,0,high_value,1
2642,285,765,43126.85,2026-02-21 07:40:35,0,0,high_value,0
8724,931,36,946.54,2026-02-21 08:09:12,0,0,normal,0
53,6,441,15442.42,2026-02-21 08:36:29,0,0,behavioral_deviation,1
7691,817,297,18442.86,2026-02-21 08:45:03,0,0,beneficiary_anomaly,0
3898,414,960,26489.15,2026-02-21 08:52:18,0,0,beneficiary_anomaly,0
6057,640,636,17761.11,2026-02-21 09:05:54,0,0,beneficiary_anomaly,0
961,91,966,2294.99,2026-02-21 09:27:01,0,0,normal,0
5741,612,544,39763.82,2026-02-21 09:28:17,0,0,rapid_movement,1
935,88,801,3429.29,2026-02-21 09:30:27,0,0,normal,1
1596,169,888,1758.68,2026-02-21 10:05:02,0,0,normal,0
3979,423,161,4676.95,2026-02-21 10:13:57,0,0,normal,0
8662,922,937,6732.93,2026-02-21 10:24:13,0,0,transaction_burst,0
2844,301,429,20824.47,2026-02-21 10:37:01,0,0,transaction_burst,1
6686,712,305,19020.56,2026-02-21 10:39:28,1,0,rapid_movement,0
3207,344,562,35160.93,2026-02-21 10:57:59,0,0,high_value,0
8540,910,310,2840.39,2026-02-21 11:05:10,0,0,normal,0
2190,236,861,14532.83,2026-02-21 11:25:55,1,0,transaction_burst,1
3429,366,938,2104.16,2026-02-21 11:37:06,0,0,normal,0
4645,500,905,212.15,2026-02-21 11:52:30,0,0,normal,0
6759,716,584,821.76,2026-02-21 11:59:50,0,0,normal,0
2205,237,931,1713.87,2026-02-21 12:08:08,0,0,normal,0
3334,357,638,5531.55,2026-02-21 12:19:32,0,0,transaction_burst,1
6467,688,592,42779.71,2026-02-21 12:32:01,1,1,behavioral_deviation,1
3526,374,929,1457.15,2026-02-21 12:36:25,0,0,normal,0
2438,262,891,22259.27,2026-02-21 13:19:01,1,0,transaction_burst,0
5418,574,666,18509.56,2026-02-21 13:25:15,0,0,transaction_burst,1
8986,957,449,16236.42,2026-02-21 13:29:25,0,0,transaction_burst,1
5953,631,45,18899.89,2026-02-21 13:33:17,0,0,beneficiary_anomaly,0
1500,160,649,20978.93,2026-02-21 13:36:19,1,0,transaction_burst,1
3554,377,216,29776.97,2026-02-21 13:37:33,1,0,behavioral_deviation,0
125,9,884,100.0,2026-02-21 13:42:28,0,0,normal,0
8889,945,155,3063.78,2026-02-21 14:26:05,0,0,normal,0
2224,238,283,9225.25,2026-02-21 14:31:08,0,1,transaction_burst,1
6854,727,41,5260.26,2026-02-21 14:45:13,0,0,normal,0
7775,825,783,15682.63,2026-02-21 15:08:14,0,1,transaction_burst,1
175,14,679,10447.76,2026-02-21 15:16:48,0,0,transaction_burst,1
5350,569,434,3189.9,2026-02-21 15:20:49,0,0,normal,0
1124,112,862,284.33,2026-02-21 15:30:18,0,0,normal,0
1325,139,855,11227.83,2026-02-21 15:38:19,0,0,transaction_burst,1
5116,545,723,3499.37,2026-02-21 15:43:17,0,0,normal,0
3018,324,946,3860.9,2026-02-21 16:00:29,0,0,normal,0
5308,566,770,49011.56,2026-02-21 16:07:38,1,0,rapid_movement,1
3060,327,17,6373.86,2026-02-21 16:10:48,0,0,transaction_burst,1
2234,239,513,2853.26,2026-02-21 16:37:34,0,0,normal,0
8848,942,66,18219.25,2026-02-21 16:38:27,0,0,transaction_burst,1
1272,132,498,5096.1,2026-02-21 16:45:22,0,0,behavioral_deviation,1
6411,680,480,4910.5,2026-02-21 16:46:34,0,0,normal,0
1271,132,626,28799.99,2026-02-21 16:50:49,1,1,behavioral_deviation,1
4837,518,197,40352.94,2026-02-21 16:54:02,1,0,rapid_movement,0
3785,403,114,8219.42,2026-02-21 17:14:30,0,0,transaction_burst,0
4565,490,367,63617.45,2026-02-21 17:26:40,0,0,high_value,0
357,29,904,4569.08,2026-02-21 17:32:40,0,0,normal,0
8092,861,157,28504.99,2026-02-21 17:45:23,1,0,rapid_movement,1
1708,183,820,338.02,2026-02-21 17:59:46,0,0,normal,0
9046,963,560,2304.56,2026-02-21 18:25:21,0,0,normal,0
2568,275,611,27995.69,2026-02-21 18:34:10,1,0,rapid_movement,1
1066,105,181,12053.59,2026-02-21 18:43:12,1,0,transaction_burst,1
2510,269,649,3855.33,2026-02-21 18:44:14,0,0,normal,0
4136,434,13,12313.44,2026-02-21 18:50:19,1,0,transaction_burst,0
5473,580,994,3348.2,2026-02-21 19:12:02,0,0,normal,0
8555,911,152,9059.31,2026-02-21 19:13:55,0,1,transaction_burst,0
3448,367,611,9843.87,2026-02-21 19:34:03,1,0,transaction_burst,1
487,45,749,5364.99,2026-02-21 19:35:33,0,0,transaction_burst,1
4143,434,281,11926.31,2026-02-21 19:49:26,0,0,transaction_burst,0
3443,367,394,14401.32,2026-02-21 19:57:23,0,0,transaction_burst,1
7384,785,810,21528.32,2026-02-21 20:22:31,0,1,behavioral_deviation,0
509,46,312,11229.86,2026-02-21 20:52:01,0,0,transaction_burst,1
6728,714,868,22171.4,2026-02-21 21:00:18,0,0,beneficiary_anomaly,0
1058,105,791,15301.58,2026-02-21 21:43:01,1,0,transaction_burst,1
6105,643,714,530.36,2026-02-21 21:55:24,0,0,normal,0
5160,549,714,10217.69,2026-02-21 21:58:42,0,0,transaction_burst,1
3924,418,280,18474.59,2026-02-21 22:28:23,0,0,transaction_burst,1
5185,550,444,1447.83,2026-02-21 22:32:17,0,0,normal,0
1614,172,782,2931.17,2026-02-21 22:50:01,0,0,normal,1
7096,754,523,2042.11,2026-02-21 22:59:34,0,0,normal,0
2196,236,508,8828.87,2026-02-21 23:01:39,0,1,transaction_burst,1
7674,815,863,1445.85,2026-02-21 23:17:08,0,0,normal,0
7932,842,978,11705.09,2026-02-21 23:23:35,0,0,transaction_burst,0
4419,468,403,36922.83,2026-02-21 23:33:44,0,0,behavioral_deviation,0
5903,627,736,13999.67,2026-02-21 23:43:49,1,0,transaction_burst,0
8789,935,43,19238.79,2026-02-21 23:45:19,0,0,transaction_burst,1
1284,134,553,2800.3,2026-02-21 23:46:56,0,0,normal,0
717,64,194,16143.34,2026-02-21 23:52:31,0,0,transaction_burst,1
165,14,368,13643.05,2026-02-22 00:00:49,0,1,transaction_burst,1
798,75,690,3222.27,2026-02-22 00:21:29,0,0,normal,0
6269,664,616,3771.94,2026-02-22 00:59:51,0,0,normal,0
5383,572,803,7001.81,2026-02-22 01:08:35,0,0,transaction_burst,1
1114,111,517,2912.94,2026-02-22 01:17:28,0,0,normal,1
8271,878,894,5841.76,2026-02-22 01:46:28,0,0,normal,0
9320,992,467,8665.96,2026-02-22 02:02:54,0,0,transaction_burst,1
4750,508,181,9780.26,2026-02-22 02:20:44,0,0,transaction_burst,1
4450,472,410,3137.09,2026-02-22 02:21:41,0,0,normal,0
8026,853,235,21689.87,2026-02-22 02:30:21,0,1,beneficiary_anomaly,0
5143,548,529,1669.91,2026-02-22 02:33:11,0,0,normal,0
3114,332,657,2117.41,2026-02-22 02:53:29,0,1,normal,0
2792,298,182,9933.15,2026-02-22 03:45:00,0,0,transaction_burst,1
5727,610,490,6712.77,2026-02-22 03:46:38,0,0,normal,0
9332,993,930,8104.85,2026-02-22 03:58:49,1,1,transaction_burst,0
5226,557,661,1909.18,2026-02-22 04:02:32,0,0,normal,0
6046,639,16,12293.54,2026-02-22 04:07:55,0,1,transaction_burst,0
2987,320,796,8672.09,2026-02-22 04:14:19,0,0,behavioral_deviation,0
4598,494,754,1402.21,2026-02-22 05:11:46,0,0,normal,0
5778,616,739,36911.76,2026-02-22 05:14:40,1,0,rapid_movement,1
3594,383,375,24355.81,2026-02-22 05:42:52,0,0,transaction_burst,0
5543,590,843,2168.03,2026-02-22 06:14:40,0,0,normal,0
7781,825,935,16652.71,2026-02-22 06:37:11,0,0,transaction_burst,1
2539,271,539,1707.6,2026-02-22 06:40:32,0,0,normal,0
6215,657,895,8523.78,2026-02-22 06:43:35,0,1,beneficiary_anomaly,0
4439,471,402,100.0,2026-02-22 07:27:12,0,0,normal,0
4702,506,33,3325.15,2026-02-22 07:36:23,0,0,transaction_burst,1
9191,982,513,18017.61,2026-02-22 07:42:31,0,0,transaction_burst,1
2123,227,538,2571.24,2026-02-22 08:13:36,0,0,normal,0
1622,172,26,2651.2,2026-02-22 08:16:44,0,0,normal,1
3176,342,20,46160.81,2026-02-22 08:17:35,0,0,behavioral_deviation,0
4653,501,427,32505.75,2026-02-22 08:28:35,0,0,rapid_movement,1
5469,579,323,24477.94,2026-02-22 09:06:43,0,1,beneficiary_anomaly,1
7020,748,450,2474.73,2026-02-22 09:30:50,0,0,normal,0
4600,494,202,3281.36,2026-02-22 09:31:33,0,0,normal,0
8876,943,676,1343.5,2026-02-22 09:49:51,0,0,normal,0
8376,892,102,33064.43,2026-02-22 09:50:01,0,0,behavioral_deviation,0
8170,867,629,1840.25,2026-02-22 09:59:50,0,1,beneficiary_anomaly,0
7124,757,343,100.0,2026-02-22 10:01:40,0,0,normal,0
7794,826,319,4939.62,2026-02-22 10:31:26,0,0,normal,0
4276,449,300,2045.69,2026-02-22 10:36:18,0,0,normal,0
3544,376,234,2777.93,2026-02-22 10:38:08,0,0,normal,0
5536,589,50,2509.29,2026-02-22 11:02:14,0,0,normal,0
3366,358,434,3804.48,2026-02-22 11:16:26,1,0,transaction_burst,0
6581,703,447,489.51,2026-02-22 11:28:54,0,0,normal,0
1693,181,425,11741.14,2026-02-22 12:00:52,1,1,beneficiary_anomaly,0
356,28,680,2647.27,2026-02-22 12:48:55,0,0,normal,0
4409,466,737,26334.85,2026-02-22 13:06:50,0,0,rapid_movement,1
7628,808,650,4650.15,2026-02-22 13:23:41,0,0,normal,0
1878,201,230,8679.31,2026-02-22 13:25:01,0,0,transaction_burst,1
1306,137,988,36919.84,2026-02-22 13:40:05,0,1,behavioral_deviation,1
8009,850,446,45170.12,2026-02-22 13:46:59,0,0,behavioral_deviation,0
574,51,498,3129.0,2026-02-22 14:33:07,0,0,normal,0
6058,640,711,20154.17,2026-02-22 14:34:22,0,0,beneficiary_anomaly,0
9234,985,769,3073.27,2026-02-22 14:34:56,0,0,normal,0
8548,911,384,16496.74,2026-02-22 14:42:10,0,1,transaction_burst,0
2737,294,656,100.0,2026-02-22 14:46:10,0,0,normal,0
1125,112,793,2853.75,2026-02-22 14:50:29,0,0,normal,0
8028,853,259,11353.2,2026-02-22 15:17:54,0,0,beneficiary_anomaly,0
7248,774,196,8847.19,2026-02-22 15:19:13,1,1,transaction_burst,1
8340,888,289,2899.02,2026-02-22 15:31:21,0,0,normal,0
5421,574,752,12022.51,2026-02-22 15:34:29,0,0,transaction_burst,1
8710,928,903,19714.41,2026-02-22 15:51:41,0,1,beneficiary_anomaly,0
647,56,978,12475.29,2026-02-22 16:48:00,0,1,transaction_burst,1
4107,432,26,10904.44,2026-02-22 17:27:26,1,0,transaction_burst,1
7061,750,424,18010.52,2026-02-22 17:40:36,1,1,transaction_burst,1
535,46,898,6443.53,2026-02-22 18:06:16,0,0,transaction_burst,1
5349,568,804,4298.64,2026-02-22 18:47:35,0,0,normal,0
6227,659,386,30227.24,2026-02-22 19:11:20,0,1,high_value,0
2163,234,946,47265.09,2026-02-22 19:12:11,0,0,high_value,0
9302,991,414,40475.75,2026-02-22 19:38:49,0,0,high_value,0
6952,739,296,200.46,2026-02-22 19:47:31,0,0,normal,0
3718,397,255,8400.55,2026-02-22 20:04:50,0,0,transaction_burst,1
1600,170,5,35712.84,2026-02-22 20:18:34,0,0,behavioral_deviation,0
5812,620,950,3479.56,2026-02-22 20:19:36,0,0,normal,0
3955,420,787,26005.69,2026-02-22 20:49:54,1,1,beneficiary_anomaly,1
2336,250,549,2014.74,2026-02-22 20:50:46,0,0,normal,0
5455,577,339,24627.2,2026-02-22 20:54:55,0,1,beneficiary_anomaly,0
4377,462,303,3722.71,2026-02-22 20:55:05,0,0,normal,0
6284,666,637,37005.5,2026-02-22 21:41:11,1,0,rapid_movement,1
7364,782,606,21621.99,2026-02-22 21:47:06,0,1,beneficiary_anomaly,0
8182,868,613,13098.26,2026-02-22 21:53:41,0,0,transaction_burst,1
8739,932,539,553.54,2026-02-22 21:54:06,0,0,normal,0
2641,284,975,4565.87,2026-02-22 22:27:00,0,0,normal,0
1362,144,945,25435.71,2026-02-22 22:30:59,0,0,high_value,0
7228,769,503,3132.7,2026-02-22 22:31:03,0,0,normal,0
4847,519,841,3361.57,2026-02-22 22:35:02,0,0,normal,0
6667,710,844,6744.04,2026-02-22 22:57:54,0,0,normal,0
5824,621,512,8207.95,2026-02-22 23:26:13,0,0,transaction_burst,1
7773,825,417,4755.66,2026-02-22 23:40:41,0,0,transaction_burst,1
7289,777,724,68147.65,2026-02-22 23:47:53,0,0,high_value,0
649,56,198,18019.24,2026-02-22 23:51:45,1,1,transaction_burst,1
6847,726,184,5064.58,2026-02-23 00:08:43,0,0,normal,0
6671,710,906,1774.13,2026-02-23 00:23:40,0,0,normal,0
3055,326,409,31753.78,2026-02-23 00:57:23,1,0,rapid_movement,1
8296,882,163,61864.5,2026-02-23 01:06:28,0,0,high_value,0
917,86,45,3763.68,2026-02-23 01:17:21,0,0,normal,0
888,83,972,2140.52,2026-02-23 01:18:29,0,0,transaction_burst,1
518,46,218,17561.14,2026-02-23 01:45:26,0,0,transaction_burst,1
8081,860,88,2425.85,2026-02-23 01:58:54,0,0,normal,0
3486,371,531,455.87,2026-02-23 02:14:06,1,0,transaction_burst,1
8955,955,945,16848.75,2026-02-23 02:31:09,0,1,behavioral_deviation,1
8378,892,831,59142.41,2026-02-23 02:38:45,0,1,behavioral_deviation,0
2702,291,94,11131.07,2026-02-23 02:49:08,0,1,transaction_burst,1
7274,776,85,22830.52,2026-02-23 02:57:38,0,1,beneficiary_anomaly,1
9370,997,970,28894.61,2026-02-23 03:03:06,0,1,high_value,0
5449,576,151,1906.55,2026-02-23 03:12:02,0,0,normal,0
7839,834,870,53660.24,2026-02-23 03:29:10,0,0,rapid_movement,1
8338,888,151,172.65,2026-02-23 03:31:16,0,0,normal,0
2107,225,429,2989.33,2026-02-23 04:40:21,0,0,normal,0
3376,358,666,13459.11,2026-02-23 04:47:27,0,0,transaction_burst,0
1550,167,558,22550.49,2026-02-23 04:47:40,0,0,transaction_burst,1
1621,172,774,3920.52,2026-02-23 04:54:34,0,0,normal,1
1580,168,306,18906.87,2026-02-23 05:52:08,0,0,transaction_burst,1
5612,600,240,64346.65,2026-02-23 05:53:19,0,0,high_value,0
1094,108,425,1357.96,2026-02-23 06:00:40,0,0,normal,1
4742,508,263,8054.84,2026-02-23 06:21:34,0,0,transaction_burst,1
6616,707,426,7198.41,2026-02-23 06:32:39,1,0,transaction_burst,1
7079,751,698,1273.03,2026-02-23 06:35:47,0,0,normal,0
6930,736,417,61429.47,2026-02-23 06:50:31,0,0,rapid_movement,1
1434,152,570,6824.16,2026-02-23 06:55:02,0,0,beneficiary_anomaly,0
9149,977,385,3558.63,2026-02-23 07:14:55,0,0,normal,0
4827,515,336,2835.91,2026-02-23 07:26:23,0,0,normal,0
2482,265,702,10126.22,2026-02-23 07:30:49,0,1,beneficiary_anomaly,1
8619,917,589,3417.94,2026-02-23 07:47:00,0,0,normal,0
3424,366,316,2066.15,2026-02-23 07:51:45,0,0,normal,0
9148,977,847,1738.12,2026-02-23 07:59:49,0,0,normal,0
529,46,607,3662.86,2026-02-23 08:21:08,0,1,transaction_burst,1
7560,800,629,22647.87,2026-02-23 09:32:24,0,0,rapid_movement,1
9263,989,396,1228.11,2026-02-23 09:48:58,0,0,normal,0
3929,418,48,16267.6,2026-02-23 09:51:53,0,0,transaction_burst,1
5339,567,400,15602.71,2026-02-23 10:15:24,0,0,transaction_burst,1
2545,272,429,3360.56,2026-02-23 10:22:51,0,1,normal,0
4057,429,646,5713.93,2026-02-23 10:41:00,0,0,normal,0
2879,306,11,4848.64,2026-02-23 11:22:18,0,0,normal,0
1449,155,23,2680.74,2026-02-23 11:40:05,0,0,normal,0
6486,689,488,11324.52,2026-02-23 11:42:10,0,0,transaction_burst,1
8965,956,374,25714.42,2026-02-23 12:05:19,0,0,beneficiary_anomaly,0
8534,909,51,2608.81,2026-02-23 12:35:16,0,0,normal,0
8951,954,810,2056.49,2026-02-23 12:39:00,0,0,normal,0
4318,454,625,2392.37,2026-02-23 13:27:27,0,0,normal,0
278,22,11,4217.6,2026-02-23 13:28:06,0,0,normal,0
971,93,511,3723.95,2026-02-23 13:39:36,0,0,normal,0
1152,116,58,17559.78,2026-02-23 13:41:20,0,0,beneficiary_anomaly,0
1797,193,676,4151.03,2026-02-23 13:49:50,0,0,normal,0
3034,325,940,19400.96,2026-02-23 14:17:42,0,0,transaction_burst,1
1716,185,833,7181.61,2026-02-23 14:48:46,0,0,transaction_burst,1
1150,116,969,24223.47,2026-02-23 15:01:45,0,0,beneficiary_anomaly,0
8198,869,14,3211.79,2026-02-23 15:31:04,0,0,normal,0
6651,708,263,9591.15,2026-02-23 15:37:01,0,0,transaction_burst,1
3682,394,912,9253.78,2026-02-23 15:38:31,1,0,rapid_movement,1
5487,582,793,4519.55,2026-02-23 15:39:48,0,0,normal,0
413,37,476,4889.56,2026-02-23 15:45:17,0,0,normal,0
1010,99,534,4078.91,2026-02-23 15:57:29,0,0,normal,0
895,83,723,2386.35,2026-02-23 16:14:30,0,0,transaction_burst,1
9206,982,649,18607.42,2026-02-23 16:34:54,0,1,transaction_burst,1
2475,264,784,3297.82,2026-02-23 16:37:22,0,0,normal,0
8175,868,221,6201.85,2026-02-23 16:44:34,1,1,transaction_burst,1
8586,913,726,23579.26,2026-02-23 16:47:04,0,0,beneficiary_anomaly,1
2024,215,324,40578.46,2026-02-23 16:57:52,0,1,rapid_movement,1
3944,418,190,16607.35,2026-02-23 17:00:59,0,0,transaction_burst,1
8238,873,354,29565.46,2026-02-23 17:05:03,0,0,behavioral_deviation,1
7660,813,680,52755.82,2026-02-23 17:09:25,1,0,behavioral_deviation,1
5071,541,609,49745.34,2026-02-23 17:28:43,0,1,behavioral_deviation,0
5760,614,410,11813.22,2026-02-23 17:42:33,0,0,behavioral_deviation,0
9139,975,726,2385.44,2026-02-23 17:43:37,0,0,normal,0
1650,176,733,1006.22,2026-02-23 17:46:07,0,0,normal,0
103,8,388,12656.91,2026-02-23 17:53:05,0,0,transaction_burst,1
1030,102,580,37931.34,2026-02-23 17:56:26,1,0,rapid_movement,1
5420,574,89,12030.78,2026-02-23 18:02:28,0,0,transaction_burst,1
9378,999,772,11128.76,2026-02-23 18:24:33,1,0,behavioral_deviation,0
8993,957,865,9261.15,2026-02-23 18:44:14,0,1,transaction_burst,1
8884,944,650,1527.51,2026-02-23 18:47:26,0,0,normal,0
958,91,304,1631.88,2026-02-23 19:43:37,0,0,normal,0
4442,471,967,1470.59,2026-02-23 19:56:54,0,0,normal,0
3247,346,945,18972.48,2026-02-23 19:58:38,0,0,transaction_burst,1
1347,142,424,3885.96,2026-02-23 20:09:58,0,0,normal,0
6917,735,100,1657.85,2026-02-23 20:13:34,0,0,normal,0
4084,430,132,7650.98,2026-02-23 20:21:12,1,0,transaction_burst,0
6374,674,198,46677.81,2026-02-23 20:25:11,0,1,rapid_movement,1
2252,241,780,8462.88,2026-02-23 20:35:33,1,0,transaction_burst,1
7632,808,655,4946.45,2026-02-23 20:37:37,0,0,normal,0
1146,115,633,1268.78,2026-02-23 21:13:21,0,0,normal,0
6241,661,1,4302.02,2026-02-23 21:14:17,0,0,normal,0
8372,892,980,35666.83,2026-02-23 21:15:45,0,1,behavioral_deviation,0
4896,523,660,2023.85,2026-02-23 21:28:06,0,0,normal,0
3578,380,340,41858.56,2026-02-23 21:37:50,1,0,rapid_movement,1
1049,104,645,80833.94,2026-02-23 21:59:59,0,0,behavioral_deviation,1
5082,543,942,17028.59,2026-02-23 22:31:33,1,0,transaction_burst,1
9013,960,894,1381.76,2026-02-23 22:52:23,0,0,normal,0
7010,747,310,4045.25,2026-02-23 23:05:29,0,0,normal,0
3067,327,241,7836.74,2026-02-23 23:14:06,0,0,transaction_burst,1
692,61,123,52140.06,2026-02-23 23:23:21,1,0,rapid_movement,1
6042,639,421,15570.92,2026-02-23 23:37:00,0,1,transaction_burst,0
5802,619,114,1939.16,2026-02-23 23:44:03,1,0,normal,0
8432,897,397,5694.77,2026-02-23 23:46:25,0,0,normal,0
6824,724,28,7632.41,2026-02-23 23:48:55,0,0,behavioral_deviation,0
7490,793,970,100.0,2026-02-24 00:20:43,0,0,normal,0
8268,878,86,2533.06,2026-02-24 00:35:45,0,0,normal,0
6544,697,245,26581.27,2026-02-24 01:01:28,1,0,rapid_movement,1
2141,230,477,5823.97,2026-02-24 01:35:33,0,0,normal,0
5851,622,290,4410.46,2026-02-24 01:39:47,0,0,normal,0
4659,501,401,26495.02,2026-02-24 01:40:20,1,1,rapid_movement,1
8179,868,422,12396.06,2026-02-24 01:40:28,0,0,transaction_burst,1
7535,798,352,5991.44,2026-02-24 01:40:29,0,0,normal,0
6302,667,289,7500.16,2026-02-24 01:52:46,0,0,transaction_burst,1
4911,526,871,3279.97,2026-02-24 01:56:32,0,0,normal,0
5534,588,347,1731.21,2026-02-24 02:08:00,0,0,normal,0
5714,608,526,3226.43,2026-02-24 02:12:17,0,0,normal,0
6984,743,30,7357.87,2026-02-24 02:14:47,0,1,beneficiary_anomaly,1
1851,199,674,1993.5,2026-02-24 02:19:48,0,0,normal,0
8488,903,522,2883.47,2026-02-24 02:24:51,0,0,normal,1
6040,639,260,18327.76,2026-02-24 02:25:35,1,0,transaction_burst,0
2430,262,642,12220.35,2026-02-24 02:50:23,0,1,transaction_burst,0
9346,993,531,8348.98,2026-02-24 02:55:22,0,0,transaction_burst,0
8968,956,710,22034.21,2026-02-24 03:01:42,0,0,beneficiary_anomaly,0
1849,198,554,4819.91,2026-02-24 03:10:07,0,1,beneficiary_anomaly,0
1659,178,472,27287.31,2026-02-24 03:22:52,0,1,behavioral_deviation,1
1432,152,915,11008.33,2026-02-24 03:26:28,1,1,beneficiary_anomaly,0
560,50,439,4125.64,2026-02-24 03:28:13,0,0,normal,0
6988,743,482,14350.68,2026-02-24 03:46:15,0,0,beneficiary_anomaly,1
1492,160,179,10951.68,2026-02-24 03:51:43,1,0,transaction_burst,1
8670,922,184,817.62,2026-02-24 03:58:44,0,1,transaction_burst,0
424,39,712,3886.98,2026-02-24 04:10:28,0,1,normal,0
4568,490,795,34949.35,2026-02-24 04:17:50,0,0,high_value,0
8064,857,22,21597.32,2026-02-24 04:43:51,0,1,rapid_movement,1
2016,214,60,1770.81,2026-02-24 05:01:41,1,0,transaction_burst,1
6248,662,895,16725.85,2026-02-24 05:04:07,0,1,beneficiary_anomaly,0
7397,786,989,3561.72,2026-02-24 05:07:16,0,0,normal,0
1161,117,457,21891.45,2026-02-24 05:29:39,1,0,transaction_burst,1
5264,563,489,17937.67,2026-02-24 07:08:17,1,0,transaction_burst,1
2011,214,307,9233.86,2026-02-24 07:20:30,0,1,transaction_burst,1
7714,819,56,42315.25,2026-02-24 07:31:50,0,0,high_value,0
1206,122,449,55048.16,2026-02-24 07:34:58,0,1,high_value,1
8272,878,270,1678.47,2026-02-24 07:40:04,0,0,normal,0
1682,180,49,53496.92,2026-02-24 07:48:52,0,0,rapid_movement,1
6476,689,634,12007.49,2026-02-24 07:52:29,0,0,transaction_burst,1
7570,801,315,28995.47,2026-02-24 07:53:57,1,0,rapid_movement,1
4231,443,40,18847.49,2026-02-24 08:00:37,1,1,rapid_movement,1
5217,556,754,1893.7,2026-02-24 08:09:21,0,0,normal,0
351,28,556,2787.9,2026-02-24 08:30:48,0,0,normal,0
4905,525,584,100.0,2026-02-24 08:38:05,0,0,normal,0
1691,181,474,19519.95,2026-02-24 08:38:57,1,0,beneficiary_anomaly,0
3137,335,347,3258.27,2026-02-24 08:42:36,0,0,normal,0
8520,907,657,5012.76,2026-02-24 08:47:19,0,0,normal,0
7616,806,553,3108.84,2026-02-24 09:12:02,0,0,normal,0
1627,173,152,4655.5,2026-02-24 09:31:12,0,0,normal,0
1279,133,53,64435.34,2026-02-24 09:38:15,0,0,high_value,0
5560,592,202,4438.35,2026-02-24 09:45:13,0,0,normal,0
8604,915,442,39240.66,2026-02-24 09:46:50,0,0,behavioral_deviation,0
7841,834,888,23752.94,2026-02-24 09:53:57,1,0,rapid_movement,1
7366,782,937,30231.39,2026-02-24 10:12:56,0,0,beneficiary_anomaly,0
3453,368,821,50128.61,2026-02-24 10:29:43,1,0,rapid_movement,1
6906,734,391,2582.29,2026-02-24 10:42:47,0,0,normal,0
1468,157,247,3044.59,2026-02-24 10:46:46,0,0,normal,0
9124,972,187,5160.68,2026-02-24 11:06:36,0,0,normal,0
5171,549,15,12376.55,2026-02-24 11:42:31,0,0,transaction_burst,1
3238,345,105,4111.19,2026-02-24 12:13:25,0,0,transaction_burst,0
9073,966,274,3222.18,2026-02-24 12:22:33,0,0,normal,0
6957,739,705,100.0,2026-02-24 12:47:14,0,0,normal,0
233,19,484,14533.73,2026-02-24 13:34:44,1,0,transaction_burst,1
6491,689,61,6520.68,2026-02-24 13:48:30,0,0,transaction_burst,1
3449,367,702,19835.24,2026-02-24 13:51:06,0,0,transaction_burst,1
7635,808,526,5313.19,2026-02-24 14:19:51,0,0,normal,0
1555,167,789,16682.47,2026-02-24 14:37:14,0,0,transaction_burst,1
4388,463,114,26256.23,2026-02-24 14:37:47,1,1,behavioral_deviation,1
3476,370,749,21652.93,2026-02-24 14:38:18,0,0,beneficiary_anomaly,0
1570,168,465,8417.99,2026-02-24 14:43:05,0,0,transaction_burst,1
936,88,510,2029.86,2026-02-24 14:46:17,0,0,normal,1
5220,556,402,4101.13,2026-02-24 15:18:17,0,0,normal,0
5429,574,696,12476.88,2026-02-24 15:22:03,0,1,transaction_burst,1
7428,787,550,3163.3,2026-02-24 16:25:00,1,0,transaction_burst,1
218,19,993,22334.16,2026-02-24 16:26:34,1,0,transaction_burst,1
2565,275,4,17151.12,2026-02-24 16:26:37,0,0,rapid_movement,1
6536,695,46,20613.55,2026-02-24 16:35:13,0,1,beneficiary_anomaly,0
258,21,41,2507.0,2026-02-24 16:39:31,1,1,transaction_burst,1
2219,238,402,13842.3,2026-02-24 17:19:55,0,0,transaction_burst,1
7371,783,979,2674.74,2026-02-24 18:19:44,0,0,normal,0
2869,305,332,25217.47,2026-02-24 18:32:29,0,0,beneficiary_anomaly,0
3302,353,246,53480.56,2026-02-24 18:54:08,0,0,high_value,0
2782,298,203,19578.15,2026-02-24 18:58:11,0,0,transaction_burst,1
9375,998,751,5586.06,2026-02-24 19:36:31,0,0,normal,0
4475,476,171,4926.41,2026-02-24 19:55:00,0,0,normal,0
3203,343,6,17090.23,2026-02-24 20:00:39,1,0,transaction_burst,1
2300,243,232,1979.73,2026-02-24 20:03:18,0,0,normal,0
9331,993,388,3566.47,2026-02-24 20:40:20,0,1,transaction_burst,0
188,14,225,2693.88,2026-02-24 20:45:15,0,1,transaction_burst,1
6693,713,24,15821.3,2026-02-24 20:59:22,0,0,transaction_burst,1
1006,98,196,2199.55,2026-02-24 21:05:05,0,0,normal,0
4307,453,93,36660.94,2026-02-24 21:10:51,1,0,rapid_movement,1
3177,342,119,50466.41,2026-02-24 22:01:44,0,0,behavioral_deviation,0
5672,605,88,100.0,2026-02-24 22:05:41,1,1,behavioral_deviation,0
8230,872,875,2009.96,2026-02-24 22:14:56,0,0,normal,0
1976,211,416,53509.78,2026-02-24 23:11:10,1,0,rapid_movement,1
141,11,781,3202.69,2026-02-24 23:31:10,0,0,normal,0
1366,145,208,2407.43,2026-02-24 23:34:38,0,0,normal,0
2084,222,608,3265.47,2026-02-25 00:00:23,0,0,normal,0
4330,456,716,1884.92,2026-02-25 00:36:22,0,0,normal,0
732,64,195,23342.75,2026-02-25 01:32:01,0,0,transaction_burst,1
4375,462,129,2046.44,2026-02-25 01:33:14,0,0,normal,0
9230,985,696,3724.37,2026-02-25 01:34:46,0,0,normal,0
243,21,118,15618.04,2026-02-25 01:36:42,0,0,transaction_burst,1
5004,534,98,43711.67,2026-02-25 01:42:17,0,0,high_value,0
8981,957,269,15755.93,2026-02-25 01:42:48,0,0,transaction_burst,1
2331,248,796,3077.73,2026-02-25 01:49:49,0,0,normal,0
802,75,118,3643.12,2026-02-25 01:59:45,0,0,normal,0
4493,479,911,37198.43,2026-02-25 02:27:38,0,0,high_value,1
6603,706,292,52161.62,2026-02-25 02:35:14,0,0,high_value,0
4010,426,474,11579.61,2026-02-25 02:44:24,0,0,transaction_burst,0
5367,572,814,12013.96,2026-02-25 02:47:24,1,0,transaction_burst,1
2748,295,701,10376.4,2026-02-25 03:00:26,0,0,transaction_burst,1
5446,576,639,2800.37,2026-02-25 03:11:05,0,0,normal,0
4395,463,673,44636.4,2026-02-25 03:16:48,0,0,behavioral_deviation,1
4147,434,846,15272.08,2026-02-25 03:32:15,0,0,transaction_burst,0
4639,499,888,3870.91,2026-02-25 03:50:24,0,0,normal,1
776,73,318,34297.02,2026-02-25 04:03:06,0,1,beneficiary_anomaly,1
1413,151,521,1785.66,2026-02-25 04:04:00,0,0,transaction_burst,1
6251,662,661,18397.72,2026-02-25 04:07:38,0,1,beneficiary_anomaly,0
6702,713,12,13704.22,2026-02-25 04:20:15,0,0,transaction_burst,1
6992,743,73,9703.25,2026-02-25 04:32:18,0,0,beneficiary_anomaly,1
7102,754,28,3928.21,2026-02-25 04:45:10,0,0,normal,0
2410,257,223,5068.4,2026-02-25 04:50:10,0,1,transaction_burst,1
5426,574,951,22860.93,2026-02-25 05:25:52,0,0,transaction_burst,1
6586,704,444,14527.87,2026-02-25 05:36:27,0,1,beneficiary_anomaly,0
530,46,601,20808.49,2026-02-25 05:41:42,0,0,transaction_burst,1
2567,275,906,30994.99,2026-02-25 06:19:36,1,0,rapid_movement,1
8916,950,310,3330.96,2026-02-25 06:31:10,0,0,normal,0
4082,430,246,6986.96,2026-02-25 06:39:24,0,0,transaction_burst,0
7622,807,761,36042.57,2026-02-25 06:43:06,0,0,rapid_movement,1
2516,269,491,2570.24,2026-02-25 07:10:47,0,0,normal,0
2943,315,198,3146.23,2026-02-25 07:32:30,0,0,normal,0
4952,529,398,16090.09,2026-02-25 07:33:35,1,0,transaction_burst,0
8371,892,749,33165.2,2026-02-25 08:03:53,0,0,behavioral_deviation,0
3791,404,341,1873.15,2026-02-25 08:04:32,0,0,normal,0
6506,690,580,4609.9,2026-02-25 08:30:16,0,0,normal,0
1954,208,80,27306.86,2026-02-25 08:45:21,1,0,rapid_movement,1
2929,313,614,2647.36,2026-02-25 08:56:24,0,0,normal,0
4695,506,579,11266.16,2026-02-25 09:28:56,1,0,transaction_burst,1
2299,243,954,1757.61,2026-02-25 09:35:35,0,0,normal,0
5707,607,938,33636.33,2026-02-25 09:55:49,0,0,beneficiary_anomaly,0
9030,961,68,3342.58,2026-02-25 10:01:37,0,0,normal,0
7415,787,813,4120.67,2026-02-25 10:31:34,0,0,transaction_burst,1
4156,434,388,17019.93,2026-02-25 10:43:09,0,0,transaction_burst,0
5756,614,259,27548.18,2026-02-25 11:07:28,0,0,behavioral_deviation,0
3612,383,336,9888.56,2026-02-25 11:17:48,0,0,transaction_burst,0
8161,866,266,18994.6,2026-02-25 11:22:08,0,1,beneficiary_anomaly,0
4601,495,936,15928.29,2026-02-25 11:32:53,1,0,transaction_burst,1
5115,545,282,4681.93,2026-02-25 11:34:11,0,0,normal,0
7834,834,939,23513.69,2026-02-25 11:36:42,1,0,rapid_movement,1
6456,686,969,4931.14,2026-02-25 11:39:59,0,0,normal,0
8734,932,719,1787.94,2026-02-25 11:53:17,0,0,normal,0
4390,463,783,6374.49,2026-02-25 12:04:54,0,1,behavioral_deviation,1
2079,221,891,2976.89,2026-02-25 12:15:31,0,1,normal,0
8820,938,380,1394.27,2026-02-25 12:23:52,0,0,normal,0
2993,321,104,20868.39,2026-02-25 12:45:37,0,0,beneficiary_anomaly,0
8855,942,226,11309.62,2026-02-25 12:59:11,0,0,transaction_burst,1
1197,120,897,57599.09,2026-02-25 13:03:01,0,0,high_value,0
6699,713,162,12557.63,2026-02-25 13:07:57,1,0,transaction_burst,1
4479,476,735,4923.11,2026-02-25 13:30:59,0,0,normal,0
7143,760,201,2182.17,2026-02-25 13:31:59,0,0,normal,0
4564,490,387,60846.19,2026-02-25 13:34:43,0,0,high_value,0
2578,277,194,3763.47,2026-02-25 13:48:11,0,0,normal,0
3808,406,294,15293.99,2026-02-25 13:52:11,0,1,beneficiary_anomaly,0
220,19,266,9947.08,2026-02-25 14:31:23,1,0,transaction_burst,1
4691,505,681,2360.36,2026-02-25 14:58:28,0,0,normal,0
4744,508,442,9609.41,2026-02-25 15:20:23,0,0,transaction_burst,1
8452,899,213,3740.77,2026-02-25 15:31:58,0,0,normal,1
3733,398,237,2261.08,2026-02-25 15:40:14,0,0,normal,0
7950,843,402,100.0,2026-02-25 15:42:15,0,0,normal,0
7235,770,34,69065.42,2026-02-25 15:47:38,0,0,high_value,0
3165,340,83,58272.34,2026-02-25 16:15:40,0,0,behavioral_deviation,1
309,25,249,21130.2,2026-02-25 16:16:46,0,0,transaction_burst,1
4733,508,437,8544.57,2026-02-25 16:59:40,0,0,transaction_burst,1
5636,602,211,7238.32,2026-02-25 17:14:33,1,0,transaction_burst,1
1473,158,389,35597.6,2026-02-25 17:15:04,0,1,rapid_movement,1
7699,817,483,12357.47,2026-02-25 17:21:52,0,0,beneficiary_anomaly,0
3525,374,618,1644.9,2026-02-25 17:29:13,0,0,normal,0
7038,749,844,20603.83,2026-02-25 17:36:38,0,0,transaction_burst,1
7805,829,592,24087.48,2026-02-25 17:43:58,0,1,beneficiary_anomaly,0
5245,560,565,1251.92,2026-02-25 17:57:12,0,0,normal,0
8501,904,897,3498.08,2026-02-25 18:03:41,0,1,normal,0
2471,264,446,3055.63,2026-02-25 18:07:52,0,0,normal,0
2799,298,562,13630.48,2026-02-25 18:08:06,0,1,transaction_burst,1
4592,494,453,3421.86,2026-02-25 18:22:18,0,0,normal,0
2638,284,242,3401.88,2026-02-25 18:41:03,0,0,normal,0
3204,343,371,14608.07,2026-02-25 18:58:11,1,0,transaction_burst,1
4044,428,34,5188.72,2026-02-25 19:14:43,0,1,transaction_burst,1
611,54,611,31148.24,2026-02-25 19:51:56,0,0,rapid_movement,1
395,33,468,1867.17,2026-02-25 19:54:04,0,0,normal,0
8257,876,782,4247.27,2026-02-25 20:02:40,0,1,beneficiary_anomaly,1
5572,593,654,574.69,2026-02-25 20:28:17,0,0,normal,0
6479,689,449,10069.03,2026-02-25 20:33:14,0,0,transaction_burst,1
3797,405,814,100.0,2026-02-25 20:45:47,1,0,behavioral_deviation,0
3685,394,776,32543.44,2026-02-25 20:48:43,0,0,rapid_movement,1
4124,433,238,24170.95,2026-02-25 21:07:04,1,0,rapid_movement,1
6819,723,795,2555.89,2026-02-25 21:24:38,0,0,normal,0
5382,572,7,9605.17,2026-02-25 21:29:10,0,0,transaction_burst,1
4879,521,803,31414.94,2026-02-25 22:02:39,1,1,beneficiary_anomaly,0
7382,785,907,43255.93,2026-02-25 22:19:02,0,0,behavioral_deviation,0
2848,301,686,11304.76,2026-02-25 22:33:23,1,0,transaction_burst,1
2579,277,287,2800.63,2026-02-25 22:41:24,0,0,normal,0
5072,541,987,22099.62,2026-02-25 22:44:20,1,0,behavioral_deviation,0
9002,958,918,1042.33,2026-02-25 22:48:24,0,0,normal,0
6256,663,161,100.0,2026-02-25 22:54:37,0,0,normal,0
7261,774,611,16390.05,2026-02-25 23:04:23,0,0,transaction_burst,1
2718,293,725,28622.28,2026-02-25 23:08:09,0,1,beneficiary_anomaly,1
8891,945,529,3528.64,2026-02-25 23:21:36,0,0,normal,0
2076,221,996,4117.92,2026-02-25 23:33:45,0,0,normal,0
1104,110,380,12738.51,2026-02-26 00:30:47,1,1,beneficiary_anomaly,1
6193,653,2,51416.53,2026-02-26 01:08:47,0,1,rapid_movement,1
8364,891,791,1829.56,2026-02-26 01:12:18,0,0,normal,0
6665,709,146,5517.25,2026-02-26 01:43:05,0,0,normal,0
2276,242,586,10693.39,2026-02-26 02:26:03,0,0,transaction_burst,1
2339,250,968,1205.81,2026-02-26 03:08:58,0,0,normal,0
1812,194,17,23841.97,2026-02-26 03:17:39,1,0,transaction_burst,1
5577,594,529,70225.56,2026-02-26 03:42:52,0,0,high_value,0
5808,620,685,3206.9,2026-02-26 03:46:04,0,0,normal,0
2549,272,200,3355.49,2026-02-26 03:48:55,0,0,normal,0
4534,485,144,2381.49,2026-02-26 04:11:11,0,0,normal,1
9025,961,844,3352.08,2026-02-26 05:06:08,0,0,normal,0
4930,528,690,40721.8,2026-02-26 05:11:17,0,0,behavioral_deviation,0
2346,251,621,41559.96,2026-02-26 05:19:03,0,0,rapid_movement,1
5728,610,664,2747.22,2026-02-26 05:26:38,0,0,normal,0
4091,431,727,100.0,2026-02-26 05:32:53,1,1,behavioral_deviation,0
804,75,555,3642.72,2026-02-26 06:13:54,0,0,normal,0
6650,708,845,16769.54,2026-02-26 06:33:24,1,0,transaction_burst,1
1344,141,948,2351.94,2026-02-26 06:38:45,0,0,normal,0
3213,345,56,19269.55,2026-02-26 06:58:04,0,0,transaction_burst,0
8535,909,316,3819.58,2026-02-26 06:58:14,0,0,normal,0
4193,439,61,35885.53,2026-02-26 07:09:44,1,1,rapid_movement,1
4577,491,878,43617.41,2026-02-26 07:39:56,0,0,rapid_movement,1
2764,296,635,12917.76,2026-02-26 07:57:56,0,0,beneficiary_anomaly,0
6999,745,793,2724.91,2026-02-26 08:03:52,0,0,normal,0
6510,690,79,892.57,2026-02-26 08:16:35,0,0,normal,0
3151,338,193,26546.77,2026-02-26 08:21:36,0,0,rapid_movement,1
5090,543,860,23181.1,2026-02-26 08:23:25,0,1,transaction_burst,1
5321,567,935,2072.24,2026-02-26 08:45:13,0,0,transaction_burst,1
7629,808,719,3844.08,2026-02-26 08:57:32,0,0,normal,0
3229,345,931,10909.09,2026-02-26 09:22:51,1,1,transaction_burst,0
4599,494,367,2488.83,2026-02-26 09:25:08,0,0,normal,0
6504,690,742,1376.25,2026-02-26 09:36:02,0,0,normal,0
7101,754,692,3179.95,2026-02-26 09:47:50,0,0,normal,0
2029,215,943,28872.54,2026-02-26 10:00:05,0,0,rapid_movement,1
6853,727,764,1872.04,2026-02-26 10:03:37,0,0,normal,0
1833,196,657,2746.01,2026-02-26 10:09:33,0,0,normal,1
3908,416,175,1987.35,2026-02-26 10:35:56,0,0,normal,0
903,84,546,1916.82,2026-02-26 10:37:47,0,1,normal,0
5488,582,490,1353.49,2026-02-26 10:58:38,0,0,normal,0
18,2,587,2769.47,2026-02-26 11:04:57,0,0,normal,0
8987,957,307,19401.86,2026-02-26 11:05:47,0,1,transaction_burst,1
7122,757,788,3424.7,2026-02-26 11:32:08,0,0,normal,0
5516,586,324,63972.52,2026-02-26 11:32:15,1,0,high_value,0
2776,297,138,21111.13,2026-02-26 12:21:33,0,1,behavioral_deviation,1
3845,408,239,15727.9,2026-02-26 12:21:51,1,0,transaction_burst,1
302,25,621,13270.28,2026-02-26 12:55:04,0,1,transaction_burst,1
6410,680,282,2384.65,2026-02-26 13:00:19,0,0,normal,0
3407,364,813,1168.07,2026-02-26 13:21:28,0,0,normal,0
5986,632,16,10678.09,2026-02-26 13:23:23,1,0,transaction_burst,1
8049,856,567,4548.53,2026-02-26 13:27:21,0,0,normal,0
9001,957,742,15912.81,2026-02-26 13:41:56,0,0,transaction_burst,1
5170,549,936,11350.57,2026-02-26 13:44:19,1,0,transaction_burst,1
7633,808,636,3597.32,2026-02-26 14:19:29,0,0,normal,0
4312,453,305,21840.9,2026-02-26 15:09:06,1,0,rapid_movement,1
6079,642,761,2890.98,2026-02-26 15:16:35,0,0,transaction_burst,0
2963,318,558,24395.6,2026-02-26 15:18:33,1,0,rapid_movement,1
2,1,320,5750.47,2026-02-26 15:32:37,0,0,transaction_burst,1
5064,540,823,12974.73,2026-02-26 15:40:36,0,0,transaction_burst,1
9174,981,438,7399.98,2026-02-26 15:59:51,0,0,behavioral_deviation,1
5866,624,968,3778.26,2026-02-26 16:06:54,0,0,normal,0
2921,312,105,4345.25,2026-02-26 16:12:35,0,1,normal,0
4253,446,308,27493.74,2026-02-26 16:36:00,0,1,rapid_movement,1
248,21,535,10938.84,2026-02-26 16:37:36,0,0,transaction_burst,1
7014,747,401,3118.95,2026-02-26 16:53:17,0,0,normal,0
1610,172,127,204.87,2026-02-26 17:09:36,0,0,normal,1
7585,802,861,4455.69,2026-02-26 17:40:24,0,0,normal,0
7762,824,970,58898.7,2026-02-26 17:41:10,1,0,rapid_movement,1
1103,110,526,10344.45,2026-02-26 17:45:26,0,1,beneficiary_anomaly,1
7130,758,420,13304.18,2026-02-26 17:51:30,0,0,behavioral_deviation,0
4019,427,642,4401.45,2026-02-26 18:34:33,0,0,normal,1
8427,896,947,11003.48,2026-02-26 18:47:15,0,0,beneficiary_anomaly,1
414,37,272,2439.73,2026-02-26 19:28:06,0,0,normal,0
9083,967,802,14372.76,2026-02-26 19:33:45,0,0,behavioral_deviation,1
8250,874,383,3806.4,2026-02-26 19:34:31,0,0,normal,0
8350,889,12,2348.53,2026-02-26 19:41:08,0,0,normal,0
1051,104,853,36203.94,2026-02-26 20:06:41,1,0,behavioral_deviation,1
7120,757,859,1331.81,2026-02-26 20:38:35,0,0,normal,0
7443,789,5,18827.79,2026-02-26 21:06:55,0,0,transaction_burst,0
2176,236,3,12617.31,2026-02-26 21:07:50,1,0,transaction_burst,1
2694,291,250,8235.98,2026-02-26 21:23:12,0,0,transaction_burst,1
284,23,719,100.0,2026-02-26 21:24:18,0,0,behavioral_deviation,1
5989,632,794,4472.46,2026-02-26 21:49:01,0,1,transaction_burst,1
1771,189,115,25233.64,2026-02-26 22:20:07,0,0,rapid_movement,1
7461,790,589,26826.12,2026-02-26 22:28:33,0,0,high_value,0
8976,957,330,12730.61,2026-02-26 22:29:35,1,0,transaction_burst,1
4719,506,883,15631.15,2026-02-26 22:31:36,0,1,transaction_burst,1
5542,590,832,3118.83,2026-02-26 22:39:41,0,0,normal,0
91,7,114,20207.44,2026-02-26 22:46:20,1,0,transaction_burst,1
1632,174,86,1510.93,2026-02-26 23:00:08,0,1,behavioral_deviation,1
1728,185,15,2126.04,2026-02-26 23:05:54,0,0,transaction_burst,1
1015,100,240,42972.42,2026-02-26 23:07:28,0,1,behavioral_deviation,1
1213,123,33,2459.79,2026-02-26 23:36:48,0,0,normal,0
974,93,158,2029.43,2026-02-26 23:46:42,0,0,normal,0
1181,117,577,19197.33,2026-02-27 00:09:45,1,0,transaction_burst,1
1886,201,216,15458.84,2026-02-27 00:15:44,0,1,transaction_burst,1
6026,638,159,23671.97,2026-02-27 00:18:27,0,0,rapid_movement,1
98,8,470,10160.61,2026-02-27 00:24:56,0,1,transaction_burst,1
9106,969,813,42076.42,2026-02-27 00:41:26,0,0,high_value,0
8237,873,654,42147.45,2026-02-27 00:47:27,0,0,behavioral_deviation,1
2543,272,437,1443.92,2026-02-27 00:49:01,0,0,normal,0
1530,166,490,3525.88,2026-02-27 00:53:46,1,0,normal,0
2635,284,778,2182.36,2026-02-27 00:54:35,0,0,normal,0
2508,268,586,3466.43,2026-02-27 01:00:42,0,0,normal,0
9212,983,28,37612.35,2026-02-27 01:08:22,0,0,rapid_movement,1
3033,325,74,3791.55,2026-02-27 02:01:52,1,0,transaction_burst,1
8872,942,805,9129.07,2026-02-27 02:12:28,1,0,transaction_burst,1
5386,572,151,15833.63,2026-02-27 02:16:48,0,0,transaction_burst,1
5163,549,336,17238.94,2026-02-27 02:26:04,1,0,transaction_burst,1
7317,779,470,11479.85,2026-02-27 02:40:20,1,0,transaction_burst,0
5342,567,681,100.0,2026-02-27 02:49:25,1,0,transaction_burst,1
2182,236,481,10533.85,2026-02-27 02:52:17,0,0,transaction_burst,1
7147,761,431,26996.65,2026-02-27 03:13:32,1,1,rapid_movement,1
4771,510,369,100.0,2026-02-27 03:17:39,0,0,normal,0
4311,453,19,43892.05,2026-02-27 03:24:24,0,0,rapid_movement,1
3041,325,336,15417.67,2026-02-27 03:35:15,0,0,transaction_burst,1
168,14,232,14862.21,2026-02-27 03:40:22,0,0,transaction_burst,1
3999,426,910,100.0,2026-02-27 03:56:50,0,0,transaction_burst,0
3187,343,819,12552.88,2026-02-27 03:59:55,0,0,transaction_burst,1
783,73,655,15773.07,2026-02-27 03:59:57,0,0,beneficiary_anomaly,1
9261,989,846,3520.29,2026-02-27 04:35:07,0,0,normal,0
4585,493,975,22300.13,2026-02-27 04:40:01,1,0,rapid_movement,1
2528,270,67,4965.55,2026-02-27 04:53:21,0,0,normal,0
8563,911,361,11493.33,2026-02-27 04:53:34,0,0,transaction_burst,0
2090,223,541,30263.9,2026-02-27 05:05:21,1,0,rapid_movement,1
6326,668,213,21706.77,2026-02-27 05:10:05,1,0,behavioral_deviation,1
4809,513,260,4098.12,2026-02-27 05:11:51,0,0,normal,0
9265,989,152,2703.23,2026-02-27 05:13:36,0,0,normal,0
8653,922,995,3806.02,2026-02-27 05:15:04,0,0,transaction_burst,0
8706,927,49,2881.13,2026-02-27 05:28:53,0,0,normal,0
5343,567,710,5999.65,2026-02-27 05:36:20,0,0,transaction_burst,1
4133,434,182,10708.95,2026-02-27 05:36:43,0,0,transaction_burst,0
2371,254,96,2145.95,2026-02-27 05:38:26,0,0,normal,0
1793,192,550,2875.67,2026-02-27 05:38:38,0,0,normal,0
4263,447,801,6369.92,2026-02-27 05:45:50,0,0,behavioral_deviation,0
7486,792,823,4979.45,2026-02-27 05:46:39,0,0,normal,0
3522,373,339,2352.8,2026-02-27 06:01:47,0,1,normal,0
3573,380,480,16849.12,2026-02-27 06:12:02,0,0,rapid_movement,1
3606,383,32,20511.81,2026-02-27 06:40:48,0,1,transaction_burst,0
4739,508,495,14071.02,2026-02-27 06:45:12,0,0,transaction_burst,1
1416,151,828,14450.11,2026-02-27 07:02:16,0,0,transaction_burst,1
8585,913,447,100.0,2026-02-27 07:08:40,0,0,beneficiary_anomaly,1
5007,535,177,1568.05,2026-02-27 07:10:17,0,0,normal,0
905,84,726,4084.89,2026-02-27 07:17:16,0,0,normal,0
8845,941,665,100.0,2026-02-27 07:31:18,0,0,normal,0
3379,359,740,2395.15,2026-02-27 07:50:31,0,0,normal,0
4345,458,443,4533.77,2026-02-27 07:58:25,0,0,normal,0
8674,923,766,65572.67,2026-02-27 08:03:36,0,0,high_value,0
4139,434,144,6343.48,2026-02-27 08:06:24,0,0,transaction_burst,0
8558,911,255,13264.42,2026-02-27 08:15:27,0,0,transaction_burst,0
1714,185,841,7180.79,2026-02-27 08:22:33,1,0,transaction_burst,1
931,87,816,1736.53,2026-02-27 08:26:14,0,0,rapid_movement,1
7673,814,813,47684.22,2026-02-27 08:30:03,0,0,high_value,0
3524,373,215,2637.66,2026-02-27 08:33:48,0,0,normal,0
5786,617,979,35273.11,2026-02-27 08:45:10,0,0,rapid_movement,1
3242,346,315,12712.32,2026-02-27 08:48:58,0,0,transaction_burst,1
1395,148,827,1763.17,2026-02-27 08:53:51,0,1,normal,0
7478,792,70,4567.34,2026-02-27 09:09:38,0,0,normal,0
6600,706,429,58676.91,2026-02-27 09:12:01,0,0,high_value,0
2301,243,158,6468.1,2026-02-27 09:19:35,0,0,normal,0
617,55,797,28205.73,2026-02-27 09:22:17,1,0,rapid_movement,1
9385,999,336,42347.06,2026-02-27 09:49:05,0,0,behavioral_deviation,0
154,12,448,41463.23,2026-02-27 09:56:57,0,1,behavioral_deviation,0
4884,521,11,22423.0,2026-02-27 10:16:06,0,1,beneficiary_anomaly,0
3990,425,497,54938.48,2026-02-27 10:17:36,0,0,high_value,1
2387,256,523,36366.32,2026-02-27 10:22:37,1,0,rapid_movement,1
6766,716,23,2009.15,2026-02-27 10:50:07,0,0,normal,0
5633,602,159,12162.59,2026-02-27 10:59:00,0,0,transaction_burst,1
3701,396,553,3436.87,2026-02-27 11:00:41,0,0,normal,0
623,55,202,20410.42,2026-02-27 11:01:44,0,0,rapid_movement,1
3305,355,128,4821.02,2026-02-27 11:24:04,0,0,normal,0
3683,394,530,35544.46,2026-02-27 11:32:00,1,0,rapid_movement,1
4105,432,465,12982.03,2026-02-27 11:49:02,0,0,transaction_burst,1
1846,198,817,15839.52,2026-02-27 12:16:10,0,0,beneficiary_anomaly,0
2431,262,199,100.0,2026-02-27 12:35:57,0,0,transaction_burst,0
6034,639,596,5134.05,2026-02-27 12:47:17,1,1,transaction_burst,0
840,79,40,54914.01,2026-02-27 12:58:12,0,0,high_value,0
444,42,820,18980.97,2026-02-27 13:19:16,0,0,transaction_burst,1
3837,408,812,17250.5,2026-02-27 13:20:18,0,0,transaction_burst,1
2680,290,575,6607.66,2026-02-27 13:22:13,0,0,normal,0
3440,367,619,15972.65,2026-02-27 13:48:51,1,0,transaction_burst,1
7298,778,501,100.0,2026-02-27 13:52:40,0,0,normal,0
2251,241,994,11583.02,2026-02-27 14:01:14,0,0,transaction_burst,1
5125,546,705,1900.46,2026-02-27 15:03:55,0,0,normal,0
2575,277,339,2677.51,2026-02-27 15:03:59,0,0,normal,0
8281,879,946,55488.38,2026-02-27 15:11:27,1,0,high_value,0
3599,383,172,23998.04,2026-02-27 15:15:35,0,1,transaction_burst,0
2778,297,351,100.0,2026-02-27 15:36:04,0,1,behavioral_deviation,1
43,4,363,42594.29,2026-02-27 16:14:22,1,0,rapid_movement,1
7399,786,677,2419.07,2026-02-27 16:30:20,0,0,normal,0
6770,717,55,46505.25,2026-02-27 17:11:11,0,0,high_value,0
1117,111,242,2789.57,2026-02-27 17:15:43,0,0,normal,1
8317,884,684,3682.35,2026-02-27 17:28:10,0,0,normal,0
1067,105,757,8522.28,2026-02-27 17:33:34,0,0,transaction_burst,1
1249,129,676,1308.0,2026-02-27 17:39:12,0,0,normal,0
956,90,135,4665.59,2026-02-27 18:24:16,0,0,normal,0
5890,627,342,17388.74,2026-02-27 18:24:37,1,1,transaction_burst,0
4393,463,566,41261.22,2026-02-27 18:47:30,0,0,behavioral_deviation,1
4589,493,581,39052.49,2026-02-27 18:54:18,1,0,rapid_movement,1
6095,642,708,11714.74,2026-02-27 19:17:06,0,0,transaction_burst,0
1301,137,698,100.0,2026-02-27 19:18:00,0,0,behavioral_deviation,1
3887,413,914,1739.09,2026-02-27 19:25:48,0,0,normal,0
5711,607,961,22932.66,2026-02-27 19:38:56,0,1,beneficiary_anomaly,0
6175,652,808,7157.13,2026-02-27 19:41:41,0,1,beneficiary_anomaly,0
3664,391,27,42814.82,2026-02-27 19:42:08,0,0,high_value,0
4408,466,484,37007.09,2026-02-27 19:52:10,0,0,rapid_movement,1
150,11,812,100.0,2026-02-27 20:05:33,0,0,normal,0
8813,937,47,12491.98,2026-02-27 20:32:30,0,0,behavioral_deviation,0
5506,585,250,21992.61,2026-02-27 20:59:13,0,1,beneficiary_anomaly,0
904,84,609,4175.64,2026-02-27 21:04:50,0,0,normal,0
3086,328,304,2245.85,2026-02-27 21:07:01,0,0,normal,0
1300,137,877,23535.07,2026-02-27 21:19:17,0,1,behavioral_deviation,1
6633,708,276,12710.21,2026-02-27 21:19:38,1,0,transaction_burst,1
7925,842,508,15949.89,2026-02-27 21:36:35,0,0,transaction_burst,0
5237,559,683,27750.96,2026-02-27 21:47:04,0,1,high_value,0
4333,457,778,25482.9,2026-02-27 22:23:17,0,1,behavioral_deviation,1
3437,367,103,10731.88,2026-02-27 22:37:28,0,0,transaction_burst,1
5544,590,533,2933.29,2026-02-27 23:04:46,0,0,normal,0
5167,549,274,3835.41,2026-02-27 23:11:21,1,0,transaction_burst,1
1626,173,644,2706.34,2026-02-27 23:25:03,0,0,normal,0
4352,459,706,13839.38,2026-02-27 23:29:30,1,0,transaction_burst,1
3474,370,528,19546.61,2026-02-27 23:33:35,0,0,beneficiary_anomaly,0
4214,441,205,12027.07,2026-02-27 23:43:24,0,1,beneficiary_anomaly,0
6005,636,515,1965.67,2026-02-28 01:17:14,0,0,normal,0
1685,180,343,27048.21,2026-02-28 01:19:53,1,1,rapid_movement,1
3893,413,933,3875.4,2026-02-28 01:21:24,0,0,normal,0
7259,774,208,14436.55,2026-02-28 01:37:47,1,0,transaction_burst,1
7927,842,748,19015.65,2026-02-28 02:01:37,1,1,transaction_burst,0
3215,345,623,13286.85,2026-02-28 02:16:01,1,0,transaction_burst,0
771,72,878,100.0,2026-02-28 03:41:22,0,0,normal,0
2628,282,822,100.0,2026-02-28 04:03:16,0,0,normal,0
2167,235,184,18014.41,2026-02-28 04:22:00,0,0,behavioral_deviation,0
5162,549,375,7764.76,2026-02-28 04:26:31,0,1,transaction_burst,1
1364,144,825,48653.88,2026-02-28 04:32:17,0,0,high_value,0
4782,511,931,3623.11,2026-02-28 04:40:24,0,0,normal,0
6036,639,840,7238.13,2026-02-28 04:50:54,0,0,transaction_burst,0
7945,842,503,23724.96,2026-02-28 05:37:17,0,0,transaction_burst,0
680,60,335,3133.4,2026-02-28 05:39:16,0,1,normal,0
8380,892,576,45639.58,2026-02-28 05:43:50,0,1,behavioral_deviation,0
8107,862,251,41406.78,2026-02-28 06:02:27,0,0,rapid_movement,1
1453,156,252,42582.92,2026-02-28 06:14:49,0,0,rapid_movement,1
3914,417,765,1104.65,2026-02-28 06:17:55,0,0,normal,0
2866,304,802,6021.21,2026-02-28 06:49:25,0,0,normal,0
2696,291,402,9598.84,2026-02-28 06:50:38,0,0,transaction_burst,1
8812,937,95,32947.5,2026-02-28 06:55:39,0,0,behavioral_deviation,0
350,28,800,2924.06,2026-02-28 07:11:19,0,0,normal,0
4710,506,595,11006.44,2026-02-28 07:25:56,0,0,transaction_burst,1
7224,769,219,1995.89,2026-02-28 07:28:07,0,0,normal,0
4712,506,260,10253.41,2026-02-28 08:17:40,0,0,transaction_burst,1
8088,861,462,41133.61,2026-02-28 08:24:51,1,0,rapid_movement,1
849,80,417,8243.52,2026-02-28 08:43:46,1,1,transaction_burst,1
4356,459,158,14645.29,2026-02-28 09:14:12,0,1,transaction_burst,1
2813,299,554,11018.68,2026-02-28 09:15:34,1,1,transaction_burst,1
8708,928,468,11296.91,2026-02-28 09:32:27,0,0,beneficiary_anomaly,0
5285,563,531,13492.38,2026-02-28 09:48:48,0,0,transaction_burst,1
1292,136,857,2469.22,2026-02-28 10:40:41,0,0,normal,0
244,21,95,5985.75,2026-02-28 10:41:51,0,0,transaction_burst,1
4533,485,424,3877.16,2026-02-28 11:51:44,0,0,normal,1
8997,957,254,18610.92,2026-02-28 12:06:44,1,0,transaction_burst,1
9303,991,321,48051.01,2026-02-28 12:09:00,0,1,high_value,0
1762,187,490,4889.67,2026-02-28 12:10:42,0,0,normal,0
8313,884,50,4297.63,2026-02-28 12:19:05,0,0,normal,0
7875,837,258,24064.66,2026-02-28 12:47:50,0,0,transaction_burst,1
3251,346,711,17997.33,2026-02-28 12:58:24,0,0,transaction_burst,1
3490,371,922,7993.22,2026-02-28 13:09:28,0,0,transaction_burst,1
2711,291,15,16974.26,2026-02-28 14:29:33,0,0,transaction_burst,1
375,31,734,64927.12,2026-02-28 14:38:49,0,0,rapid_movement,1
6405,679,420,5492.2,2026-02-28 14:44:45,0,1,normal,0
5439,575,333,19677.79,2026-02-28 15:12:08,0,0,beneficiary_anomaly,1
550,48,416,2779.39,2026-02-28 15:28:26,0,0,normal,0
7766,825,801,14411.14,2026-02-28 15:34:19,1,0,transaction_burst,1
4817,514,489,1030.21,2026-02-28 15:36:48,0,0,normal,1
4026,428,402,7862.38,2026-02-28 15:59:35,0,0,transaction_burst,1
2338,250,111,3925.94,2026-02-28 16:00:32,0,0,normal,0
1640,175,811,2425.93,2026-02-28 16:09:17,0,0,normal,0
5261,562,102,6799.49,2026-02-28 16:17:28,0,0,normal,0
1798,194,806,6575.25,2026-02-28 16:50:13,1,0,transaction_burst,1
5678,606,934,4463.76,2026-02-28 17:14:41,1,0,transaction_burst,1
6742,715,698,14079.9,2026-02-28 17:18:42,0,0,transaction_burst,1
5627,602,877,16320.42,2026-02-28 17:20:47,1,0,transaction_burst,1
6431,684,40,774.56,2026-02-28 18:22:22,0,0,normal,0
1290,136,459,4129.67,2026-02-28 18:47:27,0,0,normal,0
850,80,901,10886.33,2026-02-28 19:05:57,0,0,transaction_burst,1
6433,684,968,879.75,2026-02-28 19:09:30,0,0,normal,0
94,7,230,15927.96,2026-02-28 19:23:30,1,0,transaction_burst,1
1508,161,305,3054.3,2026-02-28 19:28:28,0,0,normal,0
4426,469,284,6164.0,2026-02-28 19:32:45,0,0,normal,0
6455,686,372,2446.38,2026-02-28 21:05:48,0,0,normal,0
7962,844,80,1923.03,2026-02-28 21:08:54,0,0,normal,0
2824,299,974,8551.38,2026-02-28 21:11:09,0,0,transaction_burst,1
10,1,328,20653.83,2026-02-28 21:17:47,0,0,transaction_burst,1
2040,217,773,1687.04,2026-02-28 21:19:29,0,0,normal,0
7268,775,604,4505.83,2026-02-28 21:37:33,0,0,normal,0
2551,272,893,2863.86,2026-02-28 21:44:02,0,0,normal,0
744,68,917,4956.5,2026-02-28 22:09:18,0,0,normal,0
3622,385,690,1113.73,2026-02-28 22:31:59,0,0,normal,0
241,21,327,8302.95,2026-02-28 22:44:23,0,0,transaction_burst,1
3068,327,71,12413.92,2026-02-28 23:00:10,0,1,transaction_burst,1
6037,639,307,10212.66,2026-02-28 23:15:00,0,0,transaction_burst,0
3419,365,110,24765.6,2026-02-28 23:40:11,1,0,rapid_movement,1
368,30,459,41723.95,2026-03-01 00:09:32,0,0,rapid_movement,1
383,32,834,100.0,2026-03-01 00:16:06,0,1,behavioral_deviation,0
4921,527,172,19167.26,2026-03-01 00:20:08,1,0,behavioral_deviation,1
3758,402,476,20914.76,2026-03-01 00:23:39,0,1,beneficiary_anomaly,0
5381,572,441,15310.83,2026-03-01 00:49:03,1,0,transaction_burst,1
274,22,151,100.0,2026-03-01 00:58:36,0,0,normal,0
7326,779,323,304.81,2026-03-01 02:09:59,0,0,transaction_burst,0
5088,543,996,17716.99,2026-03-01 02:25:14,0,0,transaction_burst,1
7930,842,424,11119.95,2026-03-01 02:39:34,0,0,transaction_burst,0
8279,879,290,43611.9,2026-03-01 02:39:45,0,0,high_value,0
3807,406,294,32366.68,2026-03-01 02:41:55,0,1,beneficiary_anomaly,0
6303,667,550,2313.91,2026-03-01 03:06:41,1,0,transaction_burst,1
1227,125,960,1481.96,2026-03-01 03:30:05,0,0,normal,0
1950,208,612,31116.07,2026-03-01 03:41:40,1,0,rapid_movement,1
6111,643,877,3966.55,2026-03-01 03:46:09,0,0,normal,0
6137,647,898,2893.1,2026-03-01 03:53:37,0,0,normal,0
8610,915,895,13517.19,2026-03-01 03:55:07,0,0,behavioral_deviation,0
3308,355,324,3650.59,2026-03-01 03:59:34,0,0,normal,0
9288,990,102,18200.34,2026-03-01 04:01:24,1,1,transaction_burst,1
1803,194,578,9001.29,2026-03-01 04:30:26,0,0,transaction_burst,1
9383,999,907,2105.5,2026-03-01 04:33:46,0,0,behavioral_deviation,0
2094,223,767,24831.82,2026-03-01 04:41:49,0,0,rapid_movement,1
2353,251,892,48012.24,2026-03-01 04:56:18,1,0,rapid_movement,1
5537,589,22,4659.02,2026-03-01 05:06:37,0,0,normal,0
6375,674,799,28527.79,2026-03-01 05:26:15,1,0,rapid_movement,1
6792,720,791,34826.49,2026-03-01 05:37:38,0,0,behavioral_deviation,0
4048,428,9,3983.1,2026-03-01 05:37:43,1,0,transaction_burst,1
2954,316,815,4574.63,2026-03-01 05:38:43,0,0,normal,0
866,80,93,6105.27,2026-03-01 06:23:20,1,0,transaction_burst,1
6090,642,297,13319.76,2026-03-01 06:35:32,0,0,transaction_burst,0
3340,357,316,10947.34,2026-03-01 06:39:51,0,0,transaction_burst,1
6995,744,7,2744.31,2026-03-01 06:42:47,0,1,normal,0
3576,380,737,52109.78,2026-03-01 07:04:38,1,0,rapid_movement,1
5325,567,195,9311.73,2026-03-01 07:16:01,0,0,transaction_burst,1
1062,105,849,12988.13,2026-03-01 07:47:58,0,0,transaction_burst,1
3731,398,205,815.68,2026-03-01 07:55:48,0,0,normal,0
1140,115,262,3733.37,2026-03-01 08:10:37,0,0,normal,0
1696,181,359,25636.08,2026-03-01 08:31:27,0,1,beneficiary_anomaly,0
3896,414,954,26298.44,2026-03-01 08:40:41,0,1,beneficiary_anomaly,0
6795,720,379,46442.17,2026-03-01 09:01:10,0,0,behavioral_deviation,0
286,23,998,37707.46,2026-03-01 09:07:15,0,0,behavioral_deviation,1
7266,774,815,20516.33,2026-03-01 09:07:25,0,0,transaction_burst,1
9126,972,738,4649.08,2026-03-01 09:09:22,0,0,normal,0
1678,179,182,16872.31,2026-03-01 09:44:46,0,1,beneficiary_anomaly,1
6153,649,414,47824.11,2026-03-01 09:45:27,0,0,rapid_movement,1
724,64,134,15852.92,2026-03-01 09:48:46,0,0,transaction_burst,1
719,64,408,19456.98,2026-03-01 10:00:05,1,0,transaction_burst,1
1819,194,782,9857.8,2026-03-01 10:31:45,0,0,transaction_burst,1
1766,188,725,2207.2,2026-03-01 10:43:41,0,0,normal,0
1923,204,706,425.29,2026-03-01 10:46:09,0,0,normal,0
3309,355,409,4369.73,2026-03-01 10:47:22,0,0,normal,0
5277,563,780,9111.17,2026-03-01 10:54:42,0,1,transaction_burst,1
8704,927,471,6591.19,2026-03-01 11:14:55,0,0,normal,0
8516,906,374,27827.56,2026-03-01 11:36:15,0,0,rapid_movement,1
6117,644,125,5232.17,2026-03-01 11:49:08,0,0,normal,0
5713,608,183,2140.69,2026-03-01 11:53:23,0,0,normal,0
7759,824,761,17179.43,2026-03-01 12:09:07,0,0,rapid_movement,1
621,55,527,39983.36,2026-03-01 12:34:14,1,0,rapid_movement,1
5018,536,79,2908.44,2026-03-01 12:59:47,0,1,normal,0
887,83,436,16663.3,2026-03-01 13:11:27,0,0,transaction_burst,1
1499,160,573,8565.15,2026-03-01 13:20:05,0,1,transaction_burst,1
4152,434,501,10272.4,2026-03-01 13:27:48,1,1,transaction_burst,0
5165,549,101,9456.89,2026-03-01 13:29:19,0,0,transaction_burst,1
1248,129,733,2745.27,2026-03-01 13:40:40,0,0,normal,0
2900,309,572,3696.25,2026-03-01 13:44:28,0,0,normal,0
3442,367,509,16271.77,2026-03-01 13:57:18,1,1,transaction_burst,1
7904,840,987,4106.64,2026-03-01 14:02:02,0,0,normal,0
781,73,917,9671.01,2026-03-01 14:17:31,0,1,beneficiary_anomaly,1
7970,845,611,2879.73,2026-03-01 14:19:54,0,0,normal,0
3,1,615,14662.88,2026-03-01 14:23:33,0,1,transaction_burst,1
5428,574,853,16790.6,2026-03-01 14:29:19,0,0,transaction_burst,1
4023,427,688,1549.24,2026-03-01 14:32:25,0,0,normal,1
7786,825,976,13147.95,2026-03-01 14:39:28,0,0,transaction_burst,1
4454,473,578,347.72,2026-03-01 14:55:04,0,0,normal,0
7464,790,124,37671.62,2026-03-01 15:35:28,0,0,high_value,0
5515,586,676,54748.51,2026-03-01 15:36:22,0,0,high_value,0
1739,185,174,7396.04,2026-03-01 16:00:39,0,0,transaction_burst,1
4429,469,296,3220.21,2026-03-01 16:05:34,1,0,normal,0
7003,745,850,3062.29,2026-03-01 16:18:03,0,0,normal,0
1224,125,898,3904.4,2026-03-01 17:07:25,0,0,normal,0
6,1,367,19888.85,2026-03-01 17:08:53,0,0,transaction_burst,1
3555,378,326,4215.58,2026-03-01 17:10:07,1,0,normal,0
3903,415,185,4184.24,2026-03-01 17:22:11,0,0,normal,0
4238,444,947,3300.41,2026-03-01 17:33:09,0,0,normal,0
5356,569,23,3715.85,2026-03-01 17:35:32,0,0,normal,0
228,19,800,20405.29,2026-03-01 17:44:27,0,1,transaction_burst,1
1515,163,74,3136.39,2026-03-01 17:56:00,0,0,normal,0
5518,586,249,46050.31,2026-03-01 17:58:34,0,0,high_value,0
2809,299,558,19018.89,2026-03-01 18:11:21,1,0,transaction_burst,1
7807,829,265,17639.98,2026-03-01 18:23:21,0,0,beneficiary_anomaly,0
1320,139,959,6570.76,2026-03-01 18:23:28,0,0,transaction_burst,1
1903,202,102,42336.54,2026-03-01 18:55:51,0,1,behavioral_deviation,1
8264,877,97,3120.3,2026-03-01 19:16:16,0,1,normal,0
2238,240,296,1698.61,2026-03-01 19:40:54,0,0,normal,0
3960,420,486,22354.07,2026-03-01 19:50:13,0,1,beneficiary_anomaly,1
8989,957,481,21299.97,2026-03-01 19:52:18,1,0,transaction_burst,1
2881,306,945,3689.66,2026-03-01 20:11:38,0,1,normal,0
4669,502,738,14865.61,2026-03-01 20:15:44,0,1,beneficiary_anomaly,0
6086,642,265,8321.47,2026-03-01 20:31:45,0,0,transaction_burst,0
1480,159,568,38647.02,2026-03-01 20:34:46,0,0,rapid_movement,1
7301,778,900,509.03,2026-03-01 20:35:59,0,0,normal,0
9348,993,491,9306.77,2026-03-01 20:57:33,0,0,transaction_burst,0
2258,241,207,2416.45,2026-03-01 20:58:49,0,0,transaction_burst,1
6198,655,582,6659.38,2026-03-01 21:06:05,1,0,beneficiary_anomaly,0
7337,780,687,8252.88,2026-03-01 21:09:16,0,1,beneficiary_anomaly,1
2269,242,729,13532.42,2026-03-01 21:10:41,1,1,transaction_burst,1
8451,899,106,4010.63,2026-03-01 21:19:00,0,0,normal,1
6884,731,160,3763.94,2026-03-01 21:50:54,0,0,normal,0
320,25,820,100.0,2026-03-01 22:06:31,0,0,transaction_burst,1
6070,641,393,34194.46,2026-03-01 22:20:32,1,0,rapid_movement,1
8703,927,172,4248.87,2026-03-01 22:23:37,0,0,normal,0
4037,428,277,20082.41,2026-03-01 22:28:04,1,0,transaction_burst,1
545,47,402,1424.74,2026-03-01 22:33:24,0,0,normal,0
6272,664,995,2340.41,2026-03-01 22:45:37,0,0,normal,0
1339,141,39,1109.11,2026-03-01 22:50:59,0,1,normal,0
1581,168,899,14372.72,2026-03-01 23:03:52,1,0,transaction_burst,1
4476,476,34,657.1,2026-03-01 23:07:45,0,1,normal,0
2026,215,764,18946.82,2026-03-01 23:08:28,1,0,rapid_movement,1
56,6,347,24306.31,2026-03-01 23:17:08,1,1,behavioral_deviation,1
3881,412,67,42561.99,2026-03-01 23:29:11,0,0,rapid_movement,1
6393,677,418,14623.8,2026-03-01 23:58:39,0,1,beneficiary_anomaly,0
4207,441,646,17428.14,2026-03-02 00:10:47,0,1,beneficiary_anomaly,0
5244,560,609,3166.08,2026-03-02 00:16:16,0,0,normal,0
6840,725,574,3317.7,2026-03-02 00:33:16,0,1,normal,0
1404,150,162,2702.43,2026-03-02 00:35:05,0,0,normal,0
2735,294,109,3619.24,2026-03-02 00:52:31,0,0,normal,0
2689,291,625,9625.51,2026-03-02 01:20:52,0,1,transaction_burst,1
1661,178,350,6310.73,2026-03-02 01:23:34,0,0,behavioral_deviation,1
7708,818,799,2552.69,2026-03-02 01:24:18,0,0,normal,0
4227,443,499,29334.39,2026-03-02 01:25:31,0,0,rapid_movement,1
8578,912,998,31361.04,2026-03-02 01:38:09,1,1,beneficiary_anomaly,0
1544,167,323,9709.19,2026-03-02 01:40:02,0,0,transaction_burst,1
4415,467,829,61553.5,2026-03-02 02:08:53,0,0,high_value,0
5402,573,785,4060.3,2026-03-02 02:10:06,0,0,normal,0
8343,888,82,3154.96,2026-03-02 02:19:30,0,0,normal,0
4876,521,978,12650.9,2026-03-02 02:24:04,0,1,beneficiary_anomaly,0
1958,209,793,2797.09,2026-03-02 02:44:56,0,0,normal,0
2294,242,806,18153.35,2026-03-02 02:50:57,1,0,transaction_burst,1
1747,186,906,33485.07,2026-03-02 02:58:17,1,0,rapid_movement,1
433,40,612,71381.15,2026-03-02 03:30:52,1,0,rapid_movement,1
9193,982,124,20128.12,2026-03-02 03:34:51,1,0,transaction_burst,1
3372,358,231,11784.18,2026-03-02 04:04:17,0,0,transaction_burst,0
8232,872,794,4933.51,2026-03-02 04:07:34,0,0,normal,0
4962,529,116,16641.21,2026-03-02 04:10:22,0,0,transaction_burst,0
607,53,746,18069.96,2026-03-02 04:16:30,0,1,transaction_burst,1
5911,628,751,1870.6,2026-03-02 04:44:01,0,0,normal,0
5956,631,743,20553.42,2026-03-02 04:57:57,0,1,beneficiary_anomaly,0
6746,715,976,8969.37,2026-03-02 04:58:58,1,0,transaction_burst,1
5765,615,616,3750.14,2026-03-02 06:01:22,0,0,normal,0
9155,979,55,3714.8,2026-03-02 06:11:38,0,1,normal,0
2447,262,289,10945.93,2026-03-02 06:17:49,0,1,transaction_burst,0
3763,402,255,19248.16,2026-03-02 06:25:29,0,0,beneficiary_anomaly,0
8444,898,53,3892.6,2026-03-02 06:32:21,0,0,normal,0
1295,136,294,2846.65,2026-03-02 06:44:56,0,0,normal,0
6180,653,951,29707.42,2026-03-02 07:00:47,1,0,rapid_movement,1
1257,131,636,5023.98,2026-03-02 07:09:35,0,0,normal,0
1936,206,677,6075.46,2026-03-02 07:41:58,0,0,normal,1
2225,238,1000,14996.9,2026-03-02 07:47:39,1,0,transaction_burst,1
1217,124,728,1634.94,2026-03-02 07:50:54,0,0,normal,0
816,76,23,2557.08,2026-03-02 07:54:35,0,0,normal,0
7230,770,561,21945.44,2026-03-02 08:20:15,0,0,high_value,0
3788,404,201,3475.51,2026-03-02 08:34:11,0,0,normal,0
5152,549,389,20422.55,2026-03-02 08:37:15,0,0,transaction_burst,1
7549,799,216,34699.39,2026-03-02 08:42:24,0,0,rapid_movement,0
7961,844,440,2589.86,2026-03-02 08:44:25,0,0,normal,0
2835,301,358,16428.63,2026-03-02 09:28:54,0,1,transaction_burst,1
7986,847,639,3180.96,2026-03-02 09:31:22,0,0,normal,0
6761,716,130,3175.8,2026-03-02 09:36:39,0,0,normal,0
7031,749,6,7192.59,2026-03-02 09:54:09,1,0,transaction_burst,1
1373,146,418,886.0,2026-03-02 09:55:03,0,0,normal,0
5001,534,848,40606.74,2026-03-02 10:05:13,0,0,high_value,0
5337,567,425,23997.7,2026-03-02 10:36:23,1,0,transaction_burst,1
7134,759,100,3645.43,2026-03-02 10:55:50,0,0,normal,0
9282,990,827,8052.34,2026-03-02 11:08:51,0,0,transaction_burst,1
948,89,716,3048.47,2026-03-02 11:14:56,0,0,normal,0
163,14,336,6099.5,2026-03-02 11:33:29,0,0,transaction_burst,1
9082,966,680,2684.31,2026-03-02 11:40:47,0,0,normal,0
2100,224,858,66866.41,2026-03-02 12:01:12,1,0,behavioral_deviation,0
2704,291,315,11996.36,2026-03-02 12:11:51,0,0,transaction_burst,1
5831,621,33,18104.92,2026-03-02 12:18:42,0,0,transaction_burst,1
5899,627,448,17131.09,2026-03-02 12:18:43,0,0,transaction_burst,0
7555,800,904,57496.94,2026-03-02 12:53:07,1,0,rapid_movement,1
1931,205,949,100.0,2026-03-02 13:15:57,0,1,normal,0
5284,563,104,11903.5,2026-03-02 13:25:16,1,0,transaction_burst,1
1595,169,912,2928.72,2026-03-02 13:26:42,0,0,normal,0
4448,472,28,1949.77,2026-03-02 13:36:53,0,0,normal,0
6205,655,637,14862.36,2026-03-02 13:46:24,0,1,beneficiary_anomaly,0
3248,346,591,15785.17,2026-03-02 13:53:13,0,0,transaction_burst,1
9209,982,218,6410.32,2026-03-02 14:04:40,1,0,transaction_burst,1
3286,350,899,148.19,2026-03-02 14:06:50,0,0,normal,0
5254,562,668,3268.31,2026-03-02 14:28:17,0,0,normal,0
8622,917,322,1347.0,2026-03-02 14:42:57,0,0,normal,0
8853,942,14,11439.72,2026-03-02 15:18:48,0,1,transaction_burst,1
4101,432,206,13389.98,2026-03-02 15:26:45,1,0,transaction_burst,1
4908,525,56,1437.58,2026-03-02 15:27:56,0,1,normal,0
6136,647,218,1993.53,2026-03-02 15:28:01,0,0,normal,0
4497,480,516,2921.31,2026-03-02 15:30:07,0,0,normal,0
8783,935,614,10167.69,2026-03-02 16:08:44,0,0,transaction_burst,1
4851,520,986,16916.81,2026-03-02 16:13:39,0,0,transaction_burst,1
7339,780,124,25730.77,2026-03-02 16:20:53,0,1,beneficiary_anomaly,1
1467,157,382,3307.72,2026-03-02 16:38:57,0,0,normal,0
5470,579,420,2029.94,2026-03-02 16:42:55,0,1,beneficiary_anomaly,1
4174,437,922,2840.97,2026-03-02 17:17:36,0,0,normal,0
6897,732,275,3589.39,2026-03-02 17:27:06,0,0,normal,0
8749,934,984,19859.05,2026-03-02 17:32:18,1,0,transaction_burst,1
7992,848,72,53627.94,2026-03-02 17:45:01,0,0,rapid_movement,1
8680,924,915,4289.79,2026-03-02 18:06:13,0,0,normal,0
5790,617,343,44149.16,2026-03-02 18:47:19,1,1,rapid_movement,1
7983,847,664,2489.96,2026-03-02 19:16:58,0,0,normal,0
4611,495,687,14311.4,2026-03-02 19:21:45,1,0,transaction_burst,1
3780,403,317,4118.99,2026-03-02 19:25:04,0,0,transaction_burst,0
7533,797,556,1308.19,2026-03-02 19:41:43,0,0,normal,0
2364,253,206,1807.86,2026-03-02 19:43:07,0,0,normal,0
380,31,245,51421.63,2026-03-02 19:44:08,1,0,rapid_movement,1
1283,134,241,4455.09,2026-03-02 19:55:33,0,0,normal,0
537,46,723,10418.46,2026-03-02 20:25:29,0,0,transaction_burst,1
3182,342,224,55389.49,2026-03-02 20:36:27,0,1,behavioral_deviation,0
3696,396,385,3277.74,2026-03-02 20:40:40,0,0,normal,0
81,7,542,17757.54,2026-03-02 20:48:54,0,0,transaction_burst,1
7401,786,401,925.37,2026-03-02 21:12:00,0,0,normal,0
3020,325,39,27801.57,2026-03-02 21:26:31,1,0,transaction_burst,1
1445,154,829,63103.61,2026-03-02 21:33:12,0,0,high_value,0
1867,201,608,14966.65,2026-03-02 22:18:55,0,0,transaction_burst,1
8886,944,30,3762.43,2026-03-02 22:21:07,0,0,normal,0
1898,202,930,34620.78,2026-03-02 22:40:48,0,0,behavioral_deviation,1
8189,868,614,6229.29,2026-03-02 22:42:59,0,0,transaction_burst,1
5437,575,242,28024.7,2026-03-02 22:49:33,0,0,beneficiary_anomaly,1
2411,257,601,12518.66,2026-03-02 23:15:28,0,0,transaction_burst,1
5575,594,541,69390.09,2026-03-02 23:18:30,0,1,high_value,0
7417,787,374,8230.66,2026-03-02 23:30:42,0,0,transaction_burst,1
9366,996,861,1825.21,2026-03-02 23:37:54,0,0,normal,0
3819,407,335,2322.41,2026-03-02 23:38:34,0,0,normal,0
7349,780,175,18925.06,2026-03-02 23:42:29,0,1,beneficiary_anomaly,1
4369,460,586,54885.76,2026-03-02 23:47:27,0,0,high_value,0
8433,897,708,2487.33,2026-03-02 23:59:15,0,0,normal,0
1715,185,370,21114.5,2026-03-03 00:17:11,0,0,transaction_burst,1
26,2,1000,2899.38,2026-03-03 00:34:13,0,0,normal,0
2007,214,976,10769.36,2026-03-03 00:38:30,0,0,transaction_burst,1
5868,624,697,2996.77,2026-03-03 01:12:02,0,0,normal,0
6003,635,940,100.0,2026-03-03 01:18:51,0,0,normal,0
631,56,745,8143.3,2026-03-03 01:28:44,0,0,transaction_burst,1
8726,931,275,2105.06,2026-03-03 01:30:28,0,0,normal,0
4636,498,708,55744.33,2026-03-03 01:42:32,0,0,high_value,0
2143,230,802,3800.21,2026-03-03 01:47:25,0,0,normal,0
3798,405,466,32788.8,2026-03-03 02:09:17,0,0,behavioral_deviation,0
4103,432,683,9896.07,2026-03-03 02:09:52,1,0,transaction_burst,1
6357,673,169,100.0,2026-03-03 02:29:14,0,0,behavioral_deviation,0
6649,708,913,15620.45,2026-03-03 02:31:38,0,0,transaction_burst,1
1132,113,351,1475.23,2026-03-03 02:58:40,0,1,normal,0
7772,825,314,3280.8,2026-03-03 03:00:49,1,0,transaction_burst,1
3325,357,97,7351.83,2026-03-03 03:57:49,1,0,transaction_burst,1
2492,266,846,1898.62,2026-03-03 04:04:09,0,0,normal,1
8434,897,182,1451.31,2026-03-03 04:24:18,0,1,normal,0
652,56,998,20337.36,2026-03-03 04:29:40,1,1,transaction_burst,1
8280,879,104,27016.83,2026-03-03 04:32:07,0,0,high_value,0
6209,655,157,14504.73,2026-03-03 04:38:43,0,1,beneficiary_anomaly,0
7340,780,440,5978.24,2026-03-03 04:39:58,1,1,beneficiary_anomaly,1
4025,428,93,7611.76,2026-03-03 04:47:05,0,0,transaction_burst,1
2432,262,993,2109.33,2026-03-03 05:01:24,0,1,transaction_burst,0
8110,862,18,32005.15,2026-03-03 05:04:55,0,1,rapid_movement,1
7796,826,649,3060.25,2026-03-03 05:22:20,0,0,normal,0
4551,488,384,3491.73,2026-03-03 05:26:07,0,0,normal,0
7451,789,111,12514.15,2026-03-03 05:28:13,0,0,transaction_burst,0
6642,708,994,14208.55,2026-03-03 05:39:23,0,0,transaction_burst,1
2357,252,420,11438.55,2026-03-03 06:14:54,0,1,beneficiary_anomaly,1
5641,602,213,100.0,2026-03-03 06:15:53,1,0,transaction_burst,1
3515,372,294,3774.98,2026-03-03 07:17:07,0,0,normal,0
6501,689,118,11527.78,2026-03-03 07:37:27,0,0,transaction_burst,1
8744,933,156,3355.49,2026-03-03 07:55:35,0,0,normal,0
861,80,701,7406.47,2026-03-03 07:56:55,0,1,transaction_burst,1
2025,215,34,46371.07,2026-03-03 08:01:11,0,0,rapid_movement,1
5077,542,39,66131.3,2026-03-03 08:28:14,0,0,high_value,0
546,47,492,5025.26,2026-03-03 08:31:41,0,0,normal,0
3978,423,272,3968.0,2026-03-03 08:36:04,0,0,normal,0
3709,397,97,14195.0,2026-03-03 08:40:35,0,0,transaction_burst,1
913,85,230,1181.68,2026-03-03 08:40:49,0,0,normal,0
5600,597,572,14272.88,2026-03-03 09:05:16,0,0,rapid_movement,0
3217,345,486,5284.48,2026-03-03 09:07:24,0,0,transaction_burst,0
1337,140,454,2467.85,2026-03-03 09:33:37,0,0,normal,0
9179,982,860,4526.78,2026-03-03 10:00:35,0,0,transaction_burst,1
4281,450,910,30992.45,2026-03-03 10:09:53,0,0,high_value,0
2437,262,699,17248.46,2026-03-03 10:36:51,0,0,transaction_burst,0
6791,720,409,47061.88,2026-03-03 10:42:05,0,0,behavioral_deviation,0
4180,438,835,2469.6,2026-03-03 10:42:36,0,0,normal,0
354,28,387,5761.88,2026-03-03 10:53:35,0,0,normal,0
1305,137,621,18132.89,2026-03-03 10:56:12,0,1,behavioral_deviation,1
1961,209,775,3808.53,2026-03-03 11:22:49,0,0,normal,0
2910,311,809,2444.22,2026-03-03 11:28:09,0,0,normal,0
4482,477,194,2820.67,2026-03-03 11:56:21,0,0,normal,0
4628,497,803,6782.33,2026-03-03 12:25:20,0,0,normal,0
4942,529,574,7548.23,2026-03-03 12:37:45,0,1,transaction_burst,0
1619,172,378,5961.52,2026-03-03 12:38:17,0,0,normal,1
2270,242,902,4790.82,2026-03-03 12:51:09,1,0,transaction_burst,1
1258,131,323,1685.82,2026-03-03 13:07:50,0,0,normal,0
746,69,438,2067.91,2026-03-03 13:36:01,0,0,normal,0
2853,302,206,1319.29,2026-03-03 13:38:06,0,0,normal,0
2740,295,241,7319.54,2026-03-03 13:38:36,0,1,transaction_burst,1
661,56,538,6908.85,2026-03-03 13:38:42,0,0,transaction_burst,1
8765,934,439,20770.29,2026-03-03 13:46:32,0,0,transaction_burst,1
5147,548,44,4099.07,2026-03-03 14:02:28,0,0,normal,0
2554,273,894,1943.02,2026-03-03 14:14:51,0,0,normal,0
1386,147,251,3290.26,2026-03-03 14:29:00,0,0,normal,0
7608,805,72,100.0,2026-03-03 14:43:36,0,0,normal,0
3889,413,816,3080.61,2026-03-03 14:43:50,0,0,normal,0
3764,403,991,15011.54,2026-03-03 14:49:17,1,1,transaction_burst,0
3646,388,688,21396.52,2026-03-03 15:23:48,1,0,behavioral_deviation,1
8335,887,757,4371.57,2026-03-03 15:35:19,0,0,normal,0
6340,671,168,5208.36,2026-03-03 15:39:03,0,0,normal,0
1462,157,492,1455.56,2026-03-03 15:47:55,0,0,normal,0
6389,676,909,2542.31,2026-03-03 16:02:57,0,0,normal,0
6446,686,945,396.16,2026-03-03 16:32:10,0,0,normal,0
6719,713,177,16404.02,2026-03-03 16:53:14,0,0,transaction_burst,1
6776,719,238,16973.85,2026-03-03 16:58:24,0,0,rapid_movement,1
391,32,613,58982.63,2026-03-03 17:02:24,0,1,behavioral_deviation,0
3214,345,906,16086.61,2026-03-03 17:16:08,0,1,transaction_burst,0
4602,495,62,9659.08,2026-03-03 17:42:53,0,0,transaction_burst,1
1758,187,89,4193.23,2026-03-03 17:54:46,0,0,normal,0
2323,247,660,41490.8,2026-03-03 18:00:13,0,0,high_value,0
4603,495,632,6454.15,2026-03-03 18:19:59,0,0,transaction_burst,1
4800,512,514,22553.75,2026-03-03 18:39:15,0,0,transaction_burst,1
6172,652,646,100.0,2026-03-03 19:02:09,0,1,beneficiary_anomaly,0
1546,167,468,20775.1,2026-03-03 19:02:30,1,0,transaction_burst,1
6867,728,747,2803.98,2026-03-03 19:21:29,0,0,normal,0
2843,301,886,12060.81,2026-03-03 19:43:47,1,0,transaction_burst,1
3410,364,401,2923.2,2026-03-03 19:52:37,0,0,normal,0
5652,602,577,7159.26,2026-03-03 19:54:58,0,0,transaction_burst,1
801,75,424,4240.88,2026-03-03 20:04:49,0,0,normal,0
4069,430,516,6669.67,2026-03-03 20:05:09,0,0,transaction_burst,0
3799,405,591,20705.65,2026-03-03 20:10:43,0,0,behavioral_deviation,0
7657,812,296,2115.23,2026-03-03 20:33:13,0,0,normal,1
9015,960,417,3529.86,2026-03-03 20:51:17,0,0,normal,0
5715,608,532,675.54,2026-03-03 20:53:42,0,0,normal,0
4991,532,769,12679.77,2026-03-03 20:55:33,0,0,rapid_movement,1
2001,214,880,18610.69,2026-03-03 20:58:07,0,0,transaction_burst,1
7862,837,792,11224.8,2026-03-03 21:03:33,0,1,transaction_burst,1
5900,627,315,24949.57,2026-03-03 21:05:29,0,0,transaction_burst,0
1792,192,793,4024.42,2026-03-03 21:29:30,0,0,normal,0
1578,168,998,10802.48,2026-03-03 21:42:48,0,0,transaction_burst,1
1932,205,817,3634.47,2026-03-03 22:10:31,0,0,normal,0
7288,777,530,58535.11,2026-03-03 22:29:39,0,0,high_value,0
6345,671,135,3855.53,2026-03-03 22:32:25,0,0,normal,0
5924,630,821,17052.56,2026-03-03 22:51:40,0,0,transaction_burst,1
4007,426,844,12334.45,2026-03-03 23:16:15,0,0,transaction_burst,0
5815,621,633,7706.29,2026-03-03 23:24:32,0,0,transaction_burst,1
4715,506,738,1194.67,2026-03-04 00:14:32,1,0,transaction_burst,1
3865,411,999,6870.11,2026-03-04 01:20:35,1,0,rapid_movement,1
3677,393,683,53012.0,2026-03-04 01:22:55,0,0,high_value,1
3306,355,368,1199.91,2026-03-04 01:27:36,0,0,normal,0
6963,740,353,1766.69,2026-03-04 01:52:33,0,0,normal,0
7011,747,293,565.41,2026-03-04 02:00:51,0,0,normal,0
5807,620,386,3934.75,2026-03-04 02:06:18,0,0,normal,0
7825,831,839,67055.74,2026-03-04 02:06:50,0,0,high_value,0
1532,167,393,14105.6,2026-03-04 02:10:05,0,0,transaction_burst,1
49,5,52,932.99,2026-03-04 02:23:45,0,0,normal,0
3710,397,779,3087.87,2026-03-04 02:40:08,0,0,transaction_burst,1
4287,451,56,3399.61,2026-03-04 02:57:29,0,0,normal,0
3051,326,13,33402.31,2026-03-04 02:59:13,1,0,rapid_movement,1
9347,993,10,12672.1,2026-03-04 03:05:37,0,1,transaction_burst,0
7553,799,699,29133.05,2026-03-04 03:08:32,0,0,rapid_movement,0
2555,273,410,2223.92,2026-03-04 03:10:26,0,0,normal,0
7755,824,387,36662.83,2026-03-04 03:21:39,1,0,rapid_movement,1
1319,139,785,12546.54,2026-03-04 03:35:33,0,1,transaction_burst,1
4770,510,440,2079.97,2026-03-04 03:37:30,0,0,normal,0
9232,985,793,6235.29,2026-03-04 03:40:48,0,0,normal,0
3823,407,414,1510.75,2026-03-04 03:41:07,0,0,normal,0
817,77,299,1971.7,2026-03-04 04:07:54,0,1,normal,0
6330,669,190,1316.64,2026-03-04 04:24:13,0,0,normal,0
1370,146,76,3320.71,2026-03-04 04:39:00,0,0,normal,0
2325,248,132,4082.12,2026-03-04 04:56:20,0,0,normal,0
5517,586,844,33113.99,2026-03-04 05:44:51,0,0,high_value,0
6845,726,914,2776.13,2026-03-04 06:10:42,0,0,normal,0
6800,721,967,6289.2,2026-03-04 06:16:32,0,0,normal,0
4310,453,605,53562.26,2026-03-04 07:02:25,1,0,rapid_movement,1
7442,789,173,22123.1,2026-03-04 07:12:17,0,1,transaction_burst,0
4804,512,127,1685.11,2026-03-04 07:22:18,1,0,transaction_burst,1
6349,672,325,32982.57,2026-03-04 07:36:54,0,0,high_value,0
4090,431,434,5150.51,2026-03-04 07:41:28,0,0,behavioral_deviation,0
5764,615,444,100.0,2026-03-04 07:48:09,0,0,normal,0
1684,180,768,47862.23,2026-03-04 07:50:05,1,0,rapid_movement,1
7809,829,290,23401.98,2026-03-04 07:58:21,0,1,beneficiary_anomaly,0
7701,817,23,19846.81,2026-03-04 07:59:32,0,0,beneficiary_anomaly,0
2671,289,956,2691.26,2026-03-04 08:07:35,0,0,normal,0
6923,736,202,39376.42,2026-03-04 08:14:27,0,1,rapid_movement,1
1513,162,715,23130.57,2026-03-04 08:16:02,0,0,beneficiary_anomaly,0
8245,874,440,3227.72,2026-03-04 08:16:39,0,0,normal,0
912,85,658,1268.12,2026-03-04 08:26:55,0,0,normal,0
9195,982,270,8826.69,2026-03-04 08:34:19,1,0,transaction_burst,1
3629,386,224,23805.76,2026-03-04 08:42:22,0,0,behavioral_deviation,0
7965,845,784,4653.33,2026-03-04 08:44:14,0,0,normal,0
4618,495,909,23000.94,2026-03-04 09:03:15,0,0,transaction_burst,1
3674,392,776,1299.99,2026-03-04 09:17:43,0,0,normal,0
3343,357,146,19116.78,2026-03-04 09:32:37,1,0,transaction_burst,1
201,16,270,2646.25,2026-03-04 09:56:40,0,0,normal,0
8095,861,305,43353.88,2026-03-04 10:21:34,1,0,rapid_movement,1
483,45,430,850.54,2026-03-04 10:22:33,0,0,transaction_burst,1
3821,407,624,2710.75,2026-03-04 10:26:16,0,0,normal,0
5200,552,906,2645.69,2026-03-04 10:35:34,0,0,normal,0
2685,291,324,9345.44,2026-03-04 10:35:49,0,1,transaction_burst,1
7028,749,80,6878.52,2026-03-04 10:47:26,0,1,transaction_burst,1
8705,927,232,100.0,2026-03-04 10:52:42,0,0,normal,0
3294,351,461,35527.59,2026-03-04 10:54:27,0,0,high_value,0
1729,185,330,12705.98,2026-03-04 11:18:38,0,0,transaction_burst,1
5498,583,710,988.4,2026-03-04 11:25:31,0,0,normal,0
9119,971,104,1434.3,2026-03-04 11:27:54,0,0,normal,0
4232,443,947,35038.62,2026-03-04 11:34:17,1,0,rapid_movement,1
9145,977,369,2581.78,2026-03-04 11:39:44,0,0,normal,0
663,57,711,4676.36,2026-03-04 11:40:04,0,0,normal,0
2562,274,806,50248.7,2026-03-04 11:45:29,0,0,high_value,0
442,42,190,12517.52,2026-03-04 11:59:05,0,1,transaction_burst,1
459,42,829,10121.75,2026-03-04 12:04:18,0,0,transaction_burst,1
4108,432,606,8823.95,2026-03-04 12:31:56,0,0,transaction_burst,1
5740,612,534,38611.69,2026-03-04 12:37:19,1,0,rapid_movement,1
3967,421,772,10939.07,2026-03-04 13:01:53,0,0,rapid_movement,1
3193,343,708,14424.62,2026-03-04 13:12:27,0,0,transaction_burst,1
6868,729,62,6591.08,2026-03-04 13:27:10,0,0,normal,0
1676,179,745,11454.64,2026-03-04 13:34:41,0,0,beneficiary_anomaly,1
3338,357,910,8865.23,2026-03-04 13:40:29,0,0,transaction_burst,1
1291,136,859,2283.15,2026-03-04 13:59:12,0,0,normal,0
8479,902,70,2228.64,2026-03-04 14:14:49,0,0,normal,0
5190,551,145,3086.73,2026-03-04 14:20:07,0,0,normal,0
5332,567,56,12519.14,2026-03-04 14:22:03,0,0,transaction_burst,1
9180,982,324,6677.43,2026-03-04 14:42:07,0,0,transaction_burst,1
6329,668,36,24303.68,2026-03-04 15:01:58,0,0,behavioral_deviation,1
1998,214,961,100.0,2026-03-04 15:09:21,1,0,transaction_burst,1
8310,884,969,2380.35,2026-03-04 15:38:02,0,0,normal,0
8701,927,870,5621.18,2026-03-04 15:54:42,0,0,normal,0
4244,445,781,2569.14,2026-03-04 15:57:06,0,0,normal,0
2070,220,182,2323.57,2026-03-04 16:00:48,0,0,normal,0
8791,935,613,6213.46,2026-03-04 16:04:51,0,0,transaction_burst,1
3480,371,233,15730.28,2026-03-04 16:05:43,0,0,transaction_burst,1
4593,494,901,2499.21,2026-03-04 16:14:54,0,0,normal,0
8628,918,56,2689.82,2026-03-04 16:15:29,0,0,normal,0
9132,974,572,10988.85,2026-03-04 16:16:52,0,1,beneficiary_anomaly,0
4845,518,902,45798.9,2026-03-04 16:27:35,1,0,rapid_movement,0
1446,154,944,42107.11,2026-03-04 17:17:42,0,0,high_value,0
3904,416,382,2435.34,2026-03-04 17:24:41,0,0,normal,0
6842,725,335,2314.26,2026-03-04 17:41:52,0,0,normal,0
4959,529,193,15353.82,2026-03-04 17:43:08,0,0,transaction_burst,0
2535,271,971,2811.6,2026-03-04 17:52:25,0,0,normal,0
479,44,939,2617.25,2026-03-04 18:09:25,0,0,normal,0
1059,105,992,8805.73,2026-03-04 18:10:37,0,0,transaction_burst,1
4919,527,10,37338.03,2026-03-04 18:24:46,0,0,behavioral_deviation,1
4121,433,856,30112.95,2026-03-04 18:28:46,0,0,rapid_movement,1
953,90,144,100.0,2026-03-04 18:39:05,0,0,normal,0
2751,295,614,6675.82,2026-03-04 18:39:18,0,0,transaction_burst,1
2230,238,275,8111.51,2026-03-04 18:58:54,1,0,transaction_burst,1
2452,262,967,11845.38,2026-03-04 19:04:20,0,0,transaction_burst,0
6862,728,444,2152.7,2026-03-04 19:38:59,0,0,normal,0
3653,390,167,22585.62,2026-03-04 20:17:37,1,0,beneficiary_anomaly,0
6782,719,39,27544.33,2026-03-04 20:26:37,0,0,rapid_movement,1
2296,243,888,1496.35,2026-03-04 20:32:09,0,0,normal,0
1606,171,219,4850.05,2026-03-04 20:38:49,0,0,normal,0
3752,401,11,3501.52,2026-03-04 20:41:00,0,0,normal,0
1853,199,296,411.98,2026-03-04 20:57:31,0,0,normal,0
1196,120,6,72373.5,2026-03-04 21:05:45,0,0,high_value,0
7801,827,99,56199.6,2026-03-04 21:09:19,0,0,high_value,0
4052,428,230,2892.34,2026-03-04 21:12:42,1,0,transaction_burst,1
4866,520,814,11019.47,2026-03-04 21:19:28,0,0,transaction_burst,1
1892,201,147,8516.49,2026-03-04 21:35:06,1,0,transaction_burst,1
4609,495,962,13864.36,2026-03-04 22:10:03,1,1,transaction_burst,1
9276,990,338,4795.83,2026-03-04 22:11:53,0,0,transaction_burst,1
7703,817,170,20622.62,2026-03-04 22:29:32,0,1,beneficiary_anomaly,0
9274,990,58,10936.76,2026-03-04 22:30:10,1,0,transaction_burst,1
4478,476,479,3387.32,2026-03-04 22:46:01,0,0,normal,0
5742,612,536,51769.66,2026-03-04 23:18:02,0,0,rapid_movement,1
2944,315,276,3047.42,2026-03-04 23:59:35,0,0,normal,0
7081,751,335,4646.3,2026-03-05 00:11:24,0,0,normal,0
1128,113,338,4229.01,2026-03-05 00:35:53,0,0,normal,0
1350,142,578,2459.51,2026-03-05 00:49:00,0,0,normal,0
2906,310,178,3421.08,2026-03-05 00:50:16,0,0,normal,0
9326,992,948,19808.4,2026-03-05 01:13:51,1,0,transaction_burst,1
3395,362,723,1412.19,2026-03-05 01:19:52,0,1,normal,0
8484,902,17,5353.95,2026-03-05 01:22:17,0,0,normal,0
4576,491,789,26776.11,2026-03-05 01:23:44,0,0,rapid_movement,1
8861,942,138,17453.08,2026-03-05 01:30:43,1,0,transaction_burst,1
3679,394,532,34624.46,2026-03-05 01:36:13,0,0,rapid_movement,1
637,56,488,13831.97,2026-03-05 01:36:42,0,0,transaction_burst,1
3166,340,959,16435.45,2026-03-05 01:41:11,0,0,behavioral_deviation,1
6428,683,468,4008.56,2026-03-05 01:45:43,0,0,normal,0
9359,995,713,12645.58,2026-03-05 01:53:23,0,1,beneficiary_anomaly,0
5722,609,623,48397.82,2026-03-05 02:15:53,0,0,rapid_movement,1
3592,382,379,30926.74,2026-03-05 02:36:18,0,0,behavioral_deviation,1
2218,238,558,23570.0,2026-03-05 02:39:18,1,0,transaction_burst,1
7681,816,474,3934.27,2026-03-05 02:52:31,0,1,beneficiary_anomaly,0
1575,168,112,5291.08,2026-03-05 03:14:13,0,0,transaction_burst,1
1930,205,733,2283.05,2026-03-05 04:09:24,0,0,normal,0
4901,524,189,52857.85,2026-03-05 04:13:09,0,0,high_value,0
7644,809,250,2632.28,2026-03-05 05:07:49,0,0,normal,0
7908,840,454,1476.21,2026-03-05 05:17:28,0,0,normal,0
9156,979,323,4493.68,2026-03-05 05:42:18,0,0,normal,0
1141,115,958,5319.92,2026-03-05 05:47:43,0,0,normal,0
2446,262,150,11785.6,2026-03-05 05:58:59,0,0,transaction_burst,0
7562,800,779,39793.61,2026-03-05 06:03:13,1,1,rapid_movement,1
9071,965,765,10613.18,2026-03-05 06:35:48,0,1,behavioral_deviation,1
7827,832,59,49107.41,2026-03-05 06:51:58,0,0,high_value,0
343,27,35,4036.59,2026-03-05 07:10:12,0,0,normal,0
2803,299,110,100.0,2026-03-05 07:14:51,0,0,transaction_burst,1
6953,739,715,100.0,2026-03-05 07:18:50,0,0,normal,0
7193,765,508,20399.27,2026-03-05 07:26:06,0,1,beneficiary_anomaly,0
3135,334,766,16767.47,2026-03-05 07:52:27,1,1,beneficiary_anomaly,0
3134,334,348,23068.11,2026-03-05 08:05:25,0,1,beneficiary_anomaly,0
9199,982,540,26034.94,2026-03-05 08:06:45,0,1,transaction_burst,1
7279,776,317,18403.77,2026-03-05 08:10:30,1,1,beneficiary_anomaly,1
7997,849,230,3858.49,2026-03-05 08:25:40,0,0,normal,0
1611,172,612,6247.71,2026-03-05 08:33:06,0,0,normal,1
7603,804,438,42497.41,2026-03-05 08:40:46,0,0,high_value,0
703,62,843,1774.49,2026-03-05 08:44:26,0,0,normal,0
6784,719,215,43344.55,2026-03-05 08:46:41,1,0,rapid_movement,1
7050,750,20,15882.83,2026-03-05 08:52:50,0,0,transaction_burst,1
4498,480,996,2474.86,2026-03-05 09:08:15,0,1,normal,0
79,7,990,9733.16,2026-03-05 09:32:00,0,0,transaction_burst,1
5392,572,683,15156.04,2026-03-05 09:37:32,1,1,transaction_burst,1
2964,318,323,27608.21,2026-03-05 10:35:00,1,0,rapid_movement,1
6876,730,4,2607.93,2026-03-05 10:49:51,0,0,normal,0
8423,895,742,11181.1,2026-03-05 10:53:27,1,0,transaction_burst,1
6959,740,538,1651.02,2026-03-05 11:08:01,0,1,normal,0
1571,168,396,13242.83,2026-03-05 11:40:48,1,0,transaction_burst,1
256,21,889,11458.85,2026-03-05 11:52:32,1,0,transaction_burst,1
6076,641,799,35164.62,2026-03-05 12:30:47,1,1,rapid_movement,1
1658,178,574,18721.01,2026-03-05 13:00:47,0,1,behavioral_deviation,1
1304,137,320,21592.23,2026-03-05 13:04:52,0,0,behavioral_deviation,1
8966,956,467,17192.69,2026-03-05 13:16:37,0,0,beneficiary_anomaly,0
2042,217,670,2828.22,2026-03-05 13:30:50,0,0,normal,0
4329,456,592,2418.28,2026-03-05 13:55:31,0,0,normal,0
8080,859,848,3919.18,2026-03-05 13:58:36,0,0,normal,0
7800,827,871,13488.57,2026-03-05 13:59:03,0,0,high_value,0
2067,219,712,26753.01,2026-03-05 14:39:33,0,0,behavioral_deviation,0
1170,117,305,9733.29,2026-03-05 14:41:18,0,0,transaction_burst,1
3818,407,751,4836.53,2026-03-05 14:44:54,0,0,normal,0
3590,382,124,43000.13,2026-03-05 14:57:53,0,0,behavioral_deviation,1
5651,602,406,10917.06,2026-03-05 15:00:28,0,0,transaction_burst,1
3397,362,328,4635.23,2026-03-05 15:04:24,0,0,normal,0
4626,496,978,3224.2,2026-03-05 15:41:52,0,0,normal,0
5462,578,623,64323.55,2026-03-05 15:56:39,0,0,high_value,0
2571,276,702,5287.68,2026-03-05 16:11:35,0,0,normal,0
1179,117,778,7645.1,2026-03-05 16:17:55,0,0,transaction_burst,1
5164,549,565,7222.12,2026-03-05 16:59:10,1,0,transaction_burst,1
7521,796,84,4432.46,2026-03-05 16:59:53,0,0,normal,0
3339,357,783,341.28,2026-03-05 17:06:19,0,0,transaction_burst,1
624,55,790,28880.27,2026-03-05 17:08:30,0,0,rapid_movement,1
4536,486,918,1932.35,2026-03-05 17:23:23,0,0,normal,0
4175,437,181,5561.69,2026-03-05 17:29:35,0,0,normal,0
4277,449,535,3943.52,2026-03-05 17:36:48,0,0,normal,0
2970,318,129,54106.67,2026-03-05 17:59:41,0,1,rapid_movement,1
3387,361,788,27720.79,2026-03-05 18:18:38,0,0,behavioral_deviation,0
7313,779,891,11766.75,2026-03-05 19:19:32,1,0,transaction_burst,0
681,60,654,4265.91,2026-03-05 19:47:17,0,0,normal,0
4953,529,274,13112.44,2026-03-05 19:56:24,0,0,transaction_burst,0
2114,226,44,14138.14,2026-03-05 20:00:25,0,1,beneficiary_anomaly,0
813,76,744,3628.8,2026-03-05 20:05:34,0,0,normal,0
8840,941,61,577.19,2026-03-05 20:17:00,0,0,normal,0
7402,786,700,1376.45,2026-03-05 21:08:06,0,0,normal,0
8207,870,321,1887.95,2026-03-05 21:18:38,0,0,normal,0
502,45,186,17848.51,2026-03-05 21:19:07,0,0,transaction_burst,1
2514,269,554,2897.27,2026-03-05 21:44:31,0,0,normal,0
5737,612,49,28997.4,2026-03-05 21:58:09,0,0,rapid_movement,1
5540,589,1000,2762.34,2026-03-05 22:12:59,0,0,normal,0
6662,708,817,19450.16,2026-03-05 22:14:28,0,0,transaction_burst,1
613,54,597,42616.53,2026-03-05 22:49:30,1,0,rapid_movement,1
1777,190,332,1867.5,2026-03-05 22:55:49,0,0,normal,0
2198,236,514,9597.87,2026-03-05 23:11:11,1,0,transaction_burst,1
4392,463,557,37427.0,2026-03-05 23:13:26,1,0,behavioral_deviation,1
697,62,128,2944.26,2026-03-05 23:31:13,0,0,normal,0
8849,942,7,8110.8,2026-03-05 23:33:04,0,0,transaction_burst,1
7835,834,11,40759.72,2026-03-05 23:35:44,0,0,rapid_movement,1
3588,382,238,19429.54,2026-03-05 23:45:45,0,0,behavioral_deviation,1
7276,776,441,21801.57,2026-03-05 23:59:06,0,0,beneficiary_anomaly,1
8495,904,172,3921.23,2026-03-06 00:08:33,0,0,normal,0
2975,319,327,2463.23,2026-03-06 00:21:46,0,0,normal,0
5556,592,285,4446.75,2026-03-06 00:40:21,0,0,normal,0
519,46,659,15487.19,2026-03-06 00:43:30,1,0,transaction_burst,1
3288,350,782,5642.66,2026-03-06 00:50:08,0,0,normal,0
5178,549,816,32091.62,2026-03-06 00:52:46,1,0,transaction_burst,1
6602,706,794,64018.27,2026-03-06 00:56:30,0,0,high_value,0
6108,643,748,5917.33,2026-03-06 01:09:22,0,0,normal,0
2828,299,339,6055.92,2026-03-06 01:22:38,0,1,transaction_burst,1
3619,384,569,4561.73,2026-03-06 01:22:47,0,0,normal,0
4781,511,65,774.74,2026-03-06 01:41:02,0,0,normal,0
7957,843,726,2407.06,2026-03-06 01:42:36,0,0,normal,0
1096,108,194,5173.4,2026-03-06 01:49:18,0,0,normal,1
3109,332,809,2379.28,2026-03-06 02:29:58,0,0,normal,0
3066,327,744,21538.38,2026-03-06 02:36:14,0,0,transaction_burst,1
9077,966,726,388.92,2026-03-06 02:46:44,0,0,normal,0
4605,495,642,13266.27,2026-03-06 02:50:06,0,1,transaction_burst,1
2713,291,808,11675.07,2026-03-06 02:53:02,0,0,transaction_burst,1
5832,621,117,23029.95,2026-03-06 03:32:25,0,0,transaction_burst,1
2201,236,572,8421.52,2026-03-06 03:55:02,0,0,transaction_burst,1
5032,539,995,1892.16,2026-03-06 04:11:42,0,0,normal,0
3212,345,9,13175.97,2026-03-06 04:16:29,0,0,transaction_burst,0
2596,279,612,15807.64,2026-03-06 04:20:39,0,0,beneficiary_anomaly,0
3197,343,197,7970.12,2026-03-06 04:24:08,0,1,transaction_burst,1
1831,196,277,2947.0,2026-03-06 04:36:32,0,0,normal,1
8504,905,850,47971.66,2026-03-06 04:44:30,0,0,behavioral_deviation,0
4077,430,611,2764.28,2026-03-06 05:23:36,0,1,transaction_burst,0
2097,223,49,42742.55,2026-03-06 05:26:08,1,0,rapid_movement,1
9356,994,538,1525.0,2026-03-06 05:35:12,0,0,normal,0
5981,632,243,11776.89,2026-03-06 05:42:42,0,0,transaction_burst,1
3414,364,687,3481.78,2026-03-06 06:02:24,0,0,normal,0
1200,120,215,80273.98,2026-03-06 06:03:06,0,0,high_value,0
3874,412,410,27973.57,2026-03-06 06:22:22,0,0,rapid_movement,1
7419,787,570,12239.25,2026-03-06 06:26:48,0,0,transaction_burst,1
7272,775,190,3471.66,2026-03-06 07:34:49,0,0,normal,0
3239,346,857,10173.49,2026-03-06 07:50:24,0,0,transaction_burst,1
6935,737,135,1289.75,2026-03-06 08:13:03,0,0,normal,0
8390,893,705,1988.58,2026-03-06 08:33:48,0,0,normal,0
4975,531,741,18971.87,2026-03-06 08:37:49,1,0,rapid_movement,1
4540,486,130,2032.5,2026-03-06 08:45:03,0,0,normal,0
6528,693,60,1508.47,2026-03-06 08:55:40,0,0,normal,0
4679,503,407,6317.57,2026-03-06 09:01:57,0,1,beneficiary_anomaly,0
1345,141,334,3828.9,2026-03-06 09:17:18,0,0,normal,0
2851,301,12,13632.6,2026-03-06 09:42:37,0,0,transaction_burst,1
9309,992,717,7792.19,2026-03-06 09:55:31,0,0,transaction_burst,1
592,53,316,16531.51,2026-03-06 09:59:12,0,0,transaction_burst,1
2316,246,859,28721.46,2026-03-06 10:03:16,0,1,beneficiary_anomaly,0
2236,239,383,1304.15,2026-03-06 10:04:28,0,0,normal,0
6203,655,621,18552.33,2026-03-06 10:11:56,0,1,beneficiary_anomaly,0
5134,546,863,1696.22,2026-03-06 10:16:16,0,0,normal,0
1912,203,999,2747.25,2026-03-06 10:30:32,0,0,normal,1
4984,532,271,22630.3,2026-03-06 10:31:05,0,0,rapid_movement,1
2124,227,998,5177.38,2026-03-06 10:39:22,0,0,normal,0
2229,238,595,17686.27,2026-03-06 10:40:27,0,0,transaction_burst,1
3727,397,366,16918.6,2026-03-06 10:44:32,0,0,transaction_burst,1
5846,622,69,1505.07,2026-03-06 10:54:18,0,0,normal,0
7354,781,720,4830.28,2026-03-06 11:07:09,0,0,normal,1
3037,325,16,15121.32,2026-03-06 11:22:07,0,0,transaction_burst,1
8493,904,592,2724.51,2026-03-06 11:31:24,0,0,normal,0
5042,540,588,1883.03,2026-03-06 11:50:46,1,0,transaction_burst,1
4452,473,456,5912.88,2026-03-06 12:05:52,0,0,normal,0
6437,684,682,1711.39,2026-03-06 12:06:26,0,0,normal,0
8145,863,853,18668.88,2026-03-06 12:09:20,0,1,transaction_burst,1
3208,344,786,53101.03,2026-03-06 12:11:26,0,0,high_value,0
1073,105,71,11654.67,2026-03-06 12:25:54,1,0,transaction_burst,1
1158,117,27,10204.96,2026-03-06 12:33:46,0,0,transaction_burst,1
2223,238,646,3693.56,2026-03-06 12:36:56,0,0,transaction_burst,1
2981,320,68,4674.11,2026-03-06 12:40:47,1,0,behavioral_deviation,0
9351,994,477,2682.14,2026-03-06 12:42:45,0,0,normal,0
1944,207,828,4643.12,2026-03-06 13:19:43,1,0,normal,0
5910,628,85,207.57,2026-03-06 13:34:26,0,0,normal,0
6598,705,901,4561.25,2026-03-06 13:38:35,0,1,normal,0
3160,339,558,2484.49,2026-03-06 13:55:31,0,0,normal,0
8784,935,550,15871.03,2026-03-06 13:59:15,0,0,transaction_burst,1
2191,236,847,10694.3,2026-03-06 14:01:31,0,0,transaction_burst,1
1642,175,145,2146.92,2026-03-06 14:28:31,0,0,normal,0
7711,818,302,971.04,2026-03-06 14:35:04,0,0,normal,0
7068,750,272,20803.75,2026-03-06 14:57:50,0,0,transaction_burst,1
5373,572,722,13541.09,2026-03-06 15:05:23,1,0,transaction_burst,1
7526,797,467,3182.12,2026-03-06 15:07:11,0,0,normal,0
4735,508,219,18402.06,2026-03-06 15:13:02,0,0,transaction_burst,1
2155,233,993,24650.79,2026-03-06 16:02:36,0,0,behavioral_deviation,1
9349,994,747,299.8,2026-03-06 16:15:31,0,0,normal,0
3368,358,790,13364.1,2026-03-06 16:20:29,0,0,transaction_burst,0
3269,346,100,1136.2,2026-03-06 16:36:31,1,0,transaction_burst,1
6408,680,391,4441.33,2026-03-06 16:45:04,0,0,normal,0
1720,185,305,10697.41,2026-03-06 16:50:35,0,0,transaction_burst,1
7267,774,230,15761.64,2026-03-06 16:56:33,1,0,transaction_burst,1
8215,871,156,41405.41,2026-03-06 17:01:00,0,1,rapid_movement,1
5552,591,878,10736.59,2026-03-06 17:10:27,1,0,behavioral_deviation,1
7818,830,408,2827.97,2026-03-06 17:15:22,0,0,normal,0
2023,215,751,44583.67,2026-03-06 17:35:58,0,0,rapid_movement,1
6259,663,249,4545.03,2026-03-06 17:48:14,0,0,normal,0
834,78,958,27510.55,2026-03-06 18:15:50,0,0,rapid_movement,1
540,47,311,2355.79,2026-03-06 18:18:47,0,0,normal,0
3082,327,230,16239.77,2026-03-06 18:21:45,1,0,transaction_burst,1
2449,262,26,7409.5,2026-03-06 18:31:00,0,1,transaction_burst,0
2127,228,202,65485.89,2026-03-06 18:32:05,0,0,high_value,1
5703,607,235,17848.22,2026-03-06 18:36:44,1,0,beneficiary_anomaly,0
8608,915,563,7806.77,2026-03-06 18:57:48,0,1,behavioral_deviation,0
5189,551,360,962.48,2026-03-06 19:13:12,0,0,normal,0
2556,273,899,5457.1,2026-03-06 19:49:52,0,0,normal,0
5615,601,417,2451.85,2026-03-06 19:50:21,0,0,normal,0
4257,446,981,41207.53,2026-03-06 20:11:24,1,0,rapid_movement,1
8223,871,851,41326.07,2026-03-06 20:13:56,0,0,rapid_movement,1
2064,219,176,10704.32,2026-03-06 20:20:57,0,0,behavioral_deviation,0
770,72,631,2419.97,2026-03-06 20:44:21,0,0,normal,0
9239,985,335,1042.95,2026-03-06 20:50:26,0,0,normal,0
7117,757,56,3460.87,2026-03-06 20:50:48,0,1,normal,0
4881,521,132,16333.01,2026-03-06 21:23:45,0,0,beneficiary_anomaly,0
5212,554,928,22797.51,2026-03-06 21:43:57,0,1,beneficiary_anomaly,0
3769,403,239,25028.3,2026-03-06 21:46:05,0,1,transaction_burst,0
2209,237,108,3085.49,2026-03-06 21:55:51,0,0,normal,0
4974,530,203,1831.13,2026-03-06 22:04:38,0,0,normal,0
5388,572,97,18664.71,2026-03-06 22:20:22,0,1,transaction_burst,1
8301,883,409,20669.34,2026-03-06 22:44:16,0,1,behavioral_deviation,0
9352,994,847,3442.87,2026-03-06 23:04:22,0,0,normal,0
8895,946,646,1171.21,2026-03-06 23:14:01,0,0,normal,0
7148,761,905,23751.12,2026-03-06 23:42:53,0,0,rapid_movement,1
2534,271,637,5327.96,2026-03-06 23:54:33,0,0,normal,0
6346,671,742,1106.74,2026-03-07 00:25:09,0,0,normal,0
7520,796,29,2351.36,2026-03-07 00:26:46,0,0,normal,0
7458,789,456,4368.57,2026-03-07 00:43:19,0,0,transaction_burst,0
7723,820,673,1114.88,2026-03-07 00:44:19,0,0,normal,0
7191,765,664,18541.81,2026-03-07 00:56:50,0,1,beneficiary_anomaly,0
7993,848,506,33503.56,2026-03-07 01:05:16,1,0,rapid_movement,1
9113,971,871,5579.3,2026-03-07 01:09:56,0,0,normal,0
4785,512,991,11054.76,2026-03-07 01:44:40,1,0,transaction_burst,1
1722,185,162,8102.96,2026-03-07 02:13:13,1,0,transaction_burst,1
9313,992,407,11455.51,2026-03-07 02:14:36,0,0,transaction_burst,1
9020,960,242,3259.34,2026-03-07 02:19:49,0,0,normal,0
8191,868,565,9441.1,2026-03-07 02:22:07,0,0,transaction_burst,1
5074,541,990,10990.39,2026-03-07 02:26:22,0,0,behavioral_deviation,0
6539,696,915,2929.64,2026-03-07 02:34:04,0,0,normal,0
7436,788,924,2061.88,2026-03-07 02:41:06,0,0,normal,0
4799,512,290,12576.33,2026-03-07 02:44:04,0,0,transaction_burst,1
862,80,960,14033.63,2026-03-07 03:03:19,0,0,transaction_burst,1
556,49,329,25908.66,2026-03-07 03:06:28,0,0,rapid_movement,1
1456,156,197,32861.59,2026-03-07 03:06:36,1,1,rapid_movement,1
3637,386,193,25459.72,2026-03-07 03:23:11,0,0,behavioral_deviation,0
1941,206,515,2193.03,2026-03-07 03:24:32,0,0,normal,1
793,74,435,2217.57,2026-03-07 03:52:07,0,0,normal,0
9157,979,98,4876.86,2026-03-07 04:01:40,0,0,normal,0
6540,696,104,1131.84,2026-03-07 04:23:53,0,0,normal,0
2687,291,79,6832.95,2026-03-07 04:26:36,0,1,transaction_burst,1
4662,501,1,38709.22,2026-03-07 04:37:30,0,0,rapid_movement,1
667,57,228,2419.66,2026-03-07 04:41:08,0,0,normal,0
3097,330,809,4482.11,2026-03-07 04:51:41,0,0,normal,0
7210,767,495,2200.29,2026-03-07 04:52:58,0,0,normal,0
1482,159,830,36155.13,2026-03-07 04:57:59,1,0,rapid_movement,1
3875,412,176,44110.32,2026-03-07 04:59:58,0,0,rapid_movement,1
3719,397,755,11232.46,2026-03-07 05:09:08,1,1,transaction_burst,1
7928,842,993,4337.66,2026-03-07 05:14:26,0,0,transaction_burst,0
2222,238,98,17449.61,2026-03-07 05:31:32,1,0,transaction_burst,1
9270,990,555,14331.7,2026-03-07 05:32:48,0,0,transaction_burst,1
3133,334,880,29308.25,2026-03-07 05:44:55,0,1,beneficiary_anomaly,0
6094,642,986,22784.46,2026-03-07 05:51:49,1,0,transaction_burst,0
8603,915,930,24037.57,2026-03-07 06:35:33,0,0,behavioral_deviation,0
5002,534,709,38961.88,2026-03-07 06:40:57,0,0,high_value,0
8383,892,224,23771.04,2026-03-07 07:06:02,0,0,behavioral_deviation,0
8892,945,889,1181.02,2026-03-07 07:06:10,0,0,normal,0
3705,396,53,3007.8,2026-03-07 07:08:45,0,0,normal,0
4535,486,383,4648.49,2026-03-07 07:13:54,0,1,normal,0
1879,201,662,18056.38,2026-03-07 07:14:16,1,0,transaction_burst,1
2425,260,128,51428.79,2026-03-07 07:45:45,1,0,high_value,0
831,78,130,14818.33,2026-03-07 07:52:08,0,0,rapid_movement,1
3581,382,224,34273.65,2026-03-07 07:53:10,1,1,behavioral_deviation,1
7296,778,168,3473.7,2026-03-07 08:07:06,0,0,normal,0
626,55,485,29704.23,2026-03-07 08:19:52,0,1,rapid_movement,1
4043,428,997,8853.99,2026-03-07 08:34:27,0,1,transaction_burst,1
5351,569,788,7171.96,2026-03-07 08:34:52,0,0,normal,0
838,79,633,94943.59,2026-03-07 08:37:45,0,0,high_value,0
2457,262,130,12257.96,2026-03-07 08:55:35,1,0,transaction_burst,0
989,96,55,40761.04,2026-03-07 08:59:21,0,0,high_value,1
194,15,221,2394.61,2026-03-07 09:02:52,0,0,normal,0
728,64,669,12892.37,2026-03-07 09:11:05,0,0,transaction_burst,1
1408,151,424,23018.54,2026-03-07 09:19:25,0,1,transaction_burst,1
6125,645,253,40271.01,2026-03-07 09:28:08,0,0,high_value,0
772,72,859,2293.5,2026-03-07 09:34:04,0,0,normal,0
8053,856,369,3902.26,2026-03-07 09:38:44,0,0,normal,0
8298,882,360,49478.26,2026-03-07 10:07:49,0,0,high_value,0
6088,642,871,6063.6,2026-03-07 10:12:15,1,1,transaction_burst,0
7108,755,606,14687.52,2026-03-07 10:16:07,0,0,rapid_movement,1
2566,275,81,23255.27,2026-03-07 10:25:38,0,0,rapid_movement,1
1026,101,849,34750.23,2026-03-07 10:43:49,0,1,beneficiary_anomaly,1
2826,299,518,17166.92,2026-03-07 10:55:49,0,0,transaction_burst,1
3970,421,217,44768.3,2026-03-07 11:19:37,1,0,rapid_movement,1
698,62,684,3028.99,2026-03-07 11:25:39,0,0,normal,0
662,57,893,245.23,2026-03-07 11:49:20,0,0,normal,0
7518,796,357,4039.65,2026-03-07 11:54:55,0,0,normal,0
8226,872,265,1870.12,2026-03-07 12:15:45,0,0,normal,0
6331,669,674,1055.11,2026-03-07 12:31:26,0,0,normal,0
1552,167,450,19799.87,2026-03-07 12:42:17,0,0,transaction_burst,1
2796,298,29,15298.88,2026-03-07 12:53:02,1,0,transaction_burst,1
7595,803,9,6455.74,2026-03-07 12:53:34,0,0,beneficiary_anomaly,0
2777,297,683,68821.59,2026-03-07 13:01:46,1,1,behavioral_deviation,1
7245,773,757,48969.6,2026-03-07 13:07:31,0,0,high_value,0
2337,250,457,2126.1,2026-03-07 13:14:04,0,0,normal,0
7556,800,414,41589.06,2026-03-07 13:26:41,0,0,rapid_movement,1
7357,782,481,26088.68,2026-03-07 13:33:36,0,0,beneficiary_anomaly,0
348,27,883,2451.42,2026-03-07 13:36:50,0,0,normal,0
5521,586,444,42829.42,2026-03-07 13:42:24,0,0,high_value,0
8219,871,198,46068.34,2026-03-07 13:42:44,1,0,rapid_movement,1
2077,221,743,3787.46,2026-03-07 13:54:53,0,0,normal,0
4528,484,110,2881.97,2026-03-07 14:19:53,0,0,normal,0
67,7,936,19397.41,2026-03-07 14:34:23,0,1,transaction_burst,1
6997,745,174,4406.4,2026-03-07 14:38:48,0,0,normal,0
6827,724,441,100.0,2026-03-07 14:42:49,0,1,behavioral_deviation,0
4116,432,204,10649.0,2026-03-07 14:49:27,0,0,transaction_burst,1
8385,893,147,2841.29,2026-03-07 14:55:10,0,0,normal,0
1375,146,458,2646.21,2026-03-07 14:59:37,0,1,normal,0
3948,419,149,1418.54,2026-03-07 15:10:57,0,0,normal,0
8412,895,710,2612.99,2026-03-07 15:17:22,0,0,transaction_burst,1
7960,844,617,1310.21,2026-03-07 15:28:23,0,0,normal,0
700,62,991,2067.25,2026-03-07 15:32:10,0,0,normal,0
7516,796,5,3568.46,2026-03-07 15:47:01,0,0,normal,0
2911,311,303,1304.85,2026-03-07 16:13:29,0,0,normal,0
8699,927,390,2590.41,2026-03-07 16:14:28,0,0,normal,0
5971,632,579,16006.57,2026-03-07 16:31:59,0,0,transaction_burst,1
3745,400,231,1862.0,2026-03-07 16:39:05,0,0,normal,0
8899,948,672,28230.39,2026-03-07 17:34:35,1,1,beneficiary_anomaly,0
4620,495,958,18374.47,2026-03-07 17:43:23,0,1,transaction_burst,1
4591,493,739,34151.35,2026-03-07 17:58:35,1,0,rapid_movement,1
2986,320,584,16410.42,2026-03-07 18:02:59,0,0,behavioral_deviation,0
860,80,228,17449.57,2026-03-07 18:08:25,1,0,transaction_burst,1
1173,117,214,25966.83,2026-03-07 18:09:43,1,0,transaction_burst,1
2312,246,863,15079.84,2026-03-07 18:20:12,0,0,beneficiary_anomaly,0
5640,602,231,2951.64,2026-03-07 18:31:19,0,0,transaction_burst,1
9023,961,980,2411.35,2026-03-07 18:38:53,0,0,normal,0
4256,446,921,30128.68,2026-03-07 18:43:44,0,0,rapid_movement,1
8990,957,698,10817.74,2026-03-07 18:54:42,0,0,transaction_burst,1
3729,397,852,20370.45,2026-03-07 18:58:47,0,0,transaction_burst,1
3771,403,929,8406.73,2026-03-07 19:13:47,0,0,transaction_burst,0
5656,603,650,32537.69,2026-03-07 19:22:39,0,1,beneficiary_anomaly,0
959,91,251,3042.22,2026-03-07 19:36:52,0,0,normal,0
1724,185,313,1052.31,2026-03-07 19:40:45,1,1,transaction_burst,1
2771,297,806,49527.66,2026-03-07 19:42:15,0,1,behavioral_deviation,1
2942,314,97,598.75,2026-03-07 20:03:56,0,0,normal,0
996,97,248,4383.37,2026-03-07 20:06:20,0,0,normal,0
2484,265,364,18748.23,2026-03-07 20:09:49,0,1,beneficiary_anomaly,1
1377,147,124,801.74,2026-03-07 20:26:47,0,0,normal,0
4823,515,90,4557.88,2026-03-07 20:38:22,0,0,normal,0
8786,935,346,13650.66,2026-03-07 20:50:55,1,0,transaction_burst,1
69,7,941,10782.35,2026-03-07 20:59:02,0,0,transaction_burst,1
606,53,924,10170.47,2026-03-07 21:07:55,0,1,transaction_burst,1
643,56,512,13824.9,2026-03-07 21:18:15,0,0,transaction_burst,1
6075,641,182,42290.45,2026-03-07 21:24:21,1,0,rapid_movement,1
7956,843,239,1989.56,2026-03-07 21:25:32,0,0,normal,0
2175,236,43,10351.91,2026-03-07 21:57:40,0,0,transaction_burst,1
4286,451,677,2979.52,2026-03-07 22:32:03,0,0,normal,0
6677,711,921,100.0,2026-03-07 23:02:39,1,0,behavioral_deviation,0
1825,195,111,2377.78,2026-03-07 23:05:29,0,0,normal,0
3509,372,774,5428.89,2026-03-07 23:06:09,0,0,normal,0
5565,593,605,3408.98,2026-03-07 23:08:23,0,0,normal,0
6716,713,531,10066.17,2026-03-07 23:15:30,1,0,transaction_burst,1
3348,358,642,12037.94,2026-03-08 00:21:33,0,0,transaction_burst,0
726,64,287,14626.04,2026-03-08 00:34:57,0,0,transaction_burst,1
8260,876,445,12373.81,2026-03-08 00:46:36,0,0,beneficiary_anomaly,1
1558,167,26,4989.0,2026-03-08 00:49:33,0,0,transaction_burst,1
2767,296,856,26654.27,2026-03-08 00:50:19,0,1,beneficiary_anomaly,0
9150,977,37,2703.59,2026-03-08 01:10:47,0,0,normal,0
3689,394,899,33825.26,2026-03-08 01:29:18,0,0,rapid_movement,1
6161,651,487,2331.32,2026-03-08 01:49:42,0,0,normal,0
577,51,857,3015.5,2026-03-08 02:11:13,0,0,normal,0
5648,602,264,12629.57,2026-03-08 02:17:21,0,0,transaction_burst,1
2682,291,653,5030.61,2026-03-08 02:43:16,1,0,transaction_burst,1
2112,226,326,14307.27,2026-03-08 02:46:21,0,0,beneficiary_anomaly,0
5010,536,926,4490.89,2026-03-08 02:51:56,0,0,normal,0
7944,842,890,5807.49,2026-03-08 02:56:43,0,0,transaction_burst,0
7319,779,947,5014.93,2026-03-08 02:57:10,0,0,transaction_burst,0
6958,739,284,4675.41,2026-03-08 03:01:24,0,0,normal,0
859,80,394,9359.47,2026-03-08 03:31:00,0,1,transaction_burst,1
1981,211,482,37764.42,2026-03-08 03:46:49,1,1,rapid_movement,1
4223,443,244,61825.81,2026-03-08 03:54:43,0,0,rapid_movement,1
7465,790,259,57202.25,2026-03-08 04:20:09,0,0,high_value,0
8480,902,531,3258.61,2026-03-08 04:26:19,0,0,normal,0
2560,273,923,1578.49,2026-03-08 04:26:37,0,0,normal,0
893,83,63,11542.81,2026-03-08 04:39:30,1,0,transaction_burst,1
9221,984,193,1696.5,2026-03-08 04:43:16,0,0,normal,0
8632,918,654,100.0,2026-03-08 04:49:33,0,0,normal,0
34,3,505,18030.37,2026-03-08 04:50:06,0,1,beneficiary_anomaly,1
62,6,467,26088.43,2026-03-08 04:52:26,0,0,behavioral_deviation,1
4112,432,962,9848.69,2026-03-08 04:55:54,0,0,transaction_burst,1
7018,748,64,2834.09,2026-03-08 05:07:13,0,0,normal,0
979,93,405,3650.65,2026-03-08 05:16:56,1,0,normal,0
5531,588,394,4553.08,2026-03-08 05:30:54,0,0,normal,0
868,81,827,16680.97,2026-03-08 05:49:48,0,0,rapid_movement,1
812,76,126,1486.01,2026-03-08 05:59:03,0,0,normal,0
5889,627,602,5755.36,2026-03-08 06:03:32,0,0,transaction_burst,0
4993,532,410,48454.16,2026-03-08 06:10:53,0,0,rapid_movement,1
8641,921,277,3073.29,2026-03-08 06:11:02,0,0,normal,0
3497,371,184,10402.48,2026-03-08 06:18:49,0,0,transaction_burst,1
4961,529,776,100.0,2026-03-08 06:20:44,0,0,transaction_burst,0
6290,666,973,18326.45,2026-03-08 06:21:55,1,0,rapid_movement,1
5371,572,181,4442.6,2026-03-08 06:36:09,0,0,transaction_burst,1
8919,950,618,796.45,2026-03-08 06:56:57,0,0,normal,0
9011,959,692,4669.04,2026-03-08 07:04:05,0,0,normal,0
5384,572,496,15721.15,2026-03-08 07:06:03,0,0,transaction_burst,1
5668,605,346,38564.69,2026-03-08 07:24:26,0,0,behavioral_deviation,0
7414,787,381,13244.2,2026-03-08 07:25:25,0,1,transaction_burst,1
6706,713,368,13818.54,2026-03-08 08:04:20,1,0,transaction_burst,1
2594,279,328,15414.08,2026-03-08 08:10:17,0,0,beneficiary_anomaly,0
6386,676,846,2990.45,2026-03-08 08:25:19,0,0,normal,0
7991,848,274,15960.2,2026-03-08 08:28:52,0,0,rapid_movement,1
2592,279,560,9020.59,2026-03-08 08:36:51,0,0,beneficiary_anomaly,0
3100,331,743,33438.41,2026-03-08 08:48:36,0,0,rapid_movement,1
6680,711,475,580.5,2026-03-08 09:02:14,0,0,behavioral_deviation,0
2059,219,444,26362.35,2026-03-08 09:02:59,0,1,behavioral_deviation,0
5912,628,455,1637.25,2026-03-08 09:12:18,0,0,normal,0
9024,961,896,4038.92,2026-03-08 09:27:26,0,0,normal,0
9040,962,815,4245.93,2026-03-08 09:29:45,0,0,normal,0
9335,993,922,14706.45,2026-03-08 09:39:03,0,1,transaction_burst,0
5012,536,217,2015.75,2026-03-08 09:46:49,0,0,normal,0
8819,937,717,16873.64,2026-03-08 10:12:54,0,1,behavioral_deviation,0
1983,212,273,49519.8,2026-03-08 10:25:05,0,1,high_value,0
7237,771,870,3771.17,2026-03-08 11:00:59,0,0,normal,0
7472,791,666,2457.3,2026-03-08 11:05:27,0,0,normal,0
8679,924,51,2657.55,2026-03-08 11:10:02,0,0,normal,0
7095,753,999,2151.59,2026-03-08 11:19:48,0,0,normal,0
5191,551,41,4956.76,2026-03-08 12:10:58,0,1,normal,0
6658,708,229,9696.03,2026-03-08 12:40:16,0,0,transaction_burst,1
9260,988,398,904.72,2026-03-08 12:43:53,0,0,normal,0
967,92,180,11256.01,2026-03-08 12:51:02,1,0,rapid_movement,1
362,30,464,46612.7,2026-03-08 13:07:08,0,0,rapid_movement,1
3739,399,432,2694.81,2026-03-08 13:10:03,1,0,normal,0
837,79,754,23888.05,2026-03-08 13:17:47,0,1,high_value,0
5519,586,718,32234.88,2026-03-08 13:47:11,0,1,high_value,0
3276,348,969,1359.05,2026-03-08 13:55:49,0,0,normal,0
3030,325,963,10406.49,2026-03-08 14:05:33,1,1,transaction_burst,1
97,8,720,20632.23,2026-03-08 14:13:51,1,0,transaction_burst,1
8089,861,840,56899.98,2026-03-08 14:17:24,1,0,rapid_movement,1
983,94,283,3677.88,2026-03-08 15:14:33,0,0,normal,1
6224,658,821,1378.45,2026-03-08 15:26:47,0,0,normal,0
2784,298,451,7615.45,2026-03-08 15:49:03,0,0,transaction_burst,1
335,26,487,2936.35,2026-03-08 16:06:49,0,0,normal,0
9328,992,409,14683.46,2026-03-08 16:10:08,0,0,transaction_burst,1
3149,337,192,2862.72,2026-03-08 16:14:20,0,0,normal,0
9365,995,991,27297.65,2026-03-08 16:16:38,0,1,beneficiary_anomaly,0
1035,102,623,32349.4,2026-03-08 16:31:53,0,0,rapid_movement,1
8687,925,748,4042.71,2026-03-08 16:46:11,0,0,normal,0
8084,860,969,1448.18,2026-03-08 16:55:38,0,0,normal,0
7735,821,632,2590.46,2026-03-08 17:02:21,0,0,normal,0
1210,123,160,2793.83,2026-03-08 17:22:02,0,0,normal,0
4548,488,892,5322.61,2026-03-08 17:36:10,0,0,normal,0
5227,557,332,2539.95,2026-03-08 18:27:18,0,0,normal,0
1872,201,623,12808.77,2026-03-08 18:45:02,1,0,transaction_burst,1
5985,632,53,5965.16,2026-03-08 18:45:03,0,0,transaction_burst,1
7444,789,832,3428.3,2026-03-08 18:50:42,0,1,transaction_burst,0
6505,690,51,2824.82,2026-03-08 19:36:45,0,0,normal,0
5216,555,704,3322.79,2026-03-08 19:44:20,0,0,normal,0
6810,722,754,2742.02,2026-03-08 19:58:44,0,0,normal,0
8505,905,708,20730.82,2026-03-08 20:06:13,0,0,behavioral_deviation,0
225,19,171,12791.24,2026-03-08 20:15:45,0,0,transaction_burst,1
7488,793,824,2871.03,2026-03-08 20:27:56,0,0,normal,0
1029,102,610,50913.55,2026-03-08 20:45:56,1,0,rapid_movement,1
7670,814,281,46169.29,2026-03-08 20:47:32,0,0,high_value,0
2443,262,250,24991.02,2026-03-08 21:01:45,0,1,transaction_burst,0
7423,787,283,21243.6,2026-03-08 21:06:33,0,0,transaction_burst,1
2709,291,472,12182.66,2026-03-08 21:13:38,1,0,transaction_burst,1
4841,518,82,53531.28,2026-03-08 21:15:40,0,0,rapid_movement,0
7234,770,804,26816.54,2026-03-08 22:03:04,0,0,high_value,0
6860,728,357,1798.34,2026-03-08 22:27:14,0,0,normal,0
1669,178,185,21765.99,2026-03-08 22:33:25,0,1,behavioral_deviation,1
2894,308,29,53283.69,2026-03-08 22:39:36,0,0,high_value,0
3621,385,512,4786.59,2026-03-08 22:56:20,0,1,normal,0
4473,476,21,3860.71,2026-03-08 22:57:20,0,0,normal,0
9017,960,480,2374.73,2026-03-08 23:25:45,0,0,normal,0
7987,848,136,56598.78,2026-03-08 23:26:54,1,1,rapid_movement,1
2122,227,308,2836.39,2026-03-08 23:35:27,0,0,normal,0
4641,499,112,1563.51,2026-03-08 23:48:39,0,0,normal,1
5734,611,818,45042.83,2026-03-08 23:55:20,0,0,high_value,0
4665,502,216,15410.18,2026-03-09 00:54:13,0,1,beneficiary_anomaly,0
4759,509,530,3691.75,2026-03-09 01:19:22,0,0,normal,0
2786,298,245,7462.01,2026-03-09 01:40:06,0,1,transaction_burst,1
492,45,544,12601.02,2026-03-09 01:41:12,0,0,transaction_burst,1
5242,560,511,6176.54,2026-03-09 01:52:00,0,0,normal,0
4838,518,652,25175.38,2026-03-09 01:56:01,0,0,rapid_movement,0
4656,501,312,45907.16,2026-03-09 02:37:28,0,1,rapid_movement,1
5980,632,126,15037.69,2026-03-09 02:43:26,0,0,transaction_burst,1
9222,984,417,3240.68,2026-03-09 02:50:47,0,0,normal,0
6464,687,701,1554.11,2026-03-09 03:15:41,0,0,normal,0
3842,408,922,100.0,2026-03-09 03:32:40,0,0,transaction_burst,1
2253,241,969,2032.37,2026-03-09 03:33:15,1,0,transaction_burst,1
7765,825,855,24908.32,2026-03-09 03:46:11,0,0,transaction_burst,1
312,25,621,10708.53,2026-03-09 03:48:15,0,1,transaction_burst,1
601,53,210,5791.67,2026-03-09 03:52:37,0,0,transaction_burst,1
4466,475,64,2048.67,2026-03-09 04:49:13,0,0,normal,0
330,25,396,517.32,2026-03-09 05:00:31,1,0,transaction_burst,1
146,11,747,3267.64,2026-03-09 05:21:32,0,0,normal,0
5946,630,518,5613.28,2026-03-09 05:38:33,0,0,transaction_burst,1
11,1,173,5873.73,2026-03-09 05:55:13,1,1,transaction_burst,1
8552,911,810,12773.65,2026-03-09 06:22:33,0,0,transaction_burst,0
3249,346,483,18559.4,2026-03-09 06:32:23,0,0,transaction_burst,1
229,19,852,14342.73,2026-03-09 06:37:19,0,0,transaction_burst,1
2920,312,893,2991.77,2026-03-09 07:12:12,0,0,normal,0
5885,626,718,4123.51,2026-03-09 07:17:25,0,0,normal,0
4697,506,891,11773.07,2026-03-09 07:23:07,0,0,transaction_burst,1
3499,371,575,17063.71,2026-03-09 07:28:50,0,0,transaction_burst,1
3751,401,510,3076.59,2026-03-09 07:32:48,0,0,normal,0
1559,167,606,10232.18,2026-03-09 07:34:33,0,0,transaction_burst,1
8410,895,747,11888.12,2026-03-09 07:44:11,1,1,transaction_burst,1
2525,270,192,3531.47,2026-03-09 07:49:02,0,0,normal,0
36,3,178,26152.35,2026-03-09 08:05:38,0,1,beneficiary_anomaly,1
8663,922,902,9210.6,2026-03-09 08:07:20,1,0,transaction_burst,0
6638,708,821,13440.25,2026-03-09 08:39:46,0,0,transaction_burst,1
2770,297,904,100.0,2026-03-09 08:45:08,0,0,behavioral_deviation,1
112,8,132,15288.77,2026-03-09 08:46:18,0,0,transaction_burst,1
3988,424,462,2416.66,2026-03-09 08:55:26,0,0,normal,0
3477,370,174,13113.04,2026-03-09 09:20:05,0,1,beneficiary_anomaly,0
6844,725,555,2944.71,2026-03-09 09:27:38,0,0,normal,0
5700,606,320,3263.72,2026-03-09 09:29:08,1,0,transaction_burst,1
2317,246,999,7503.34,2026-03-09 09:58:00,1,1,beneficiary_anomaly,0
8774,935,804,7983.41,2026-03-09 10:01:19,1,0,transaction_burst,1
6421,682,768,5106.29,2026-03-09 10:21:36,0,0,normal,0
5033,539,746,4700.93,2026-03-09 10:22:06,0,0,normal,0
6987,743,804,32658.96,2026-03-09 10:34:10,1,0,beneficiary_anomaly,1
5621,601,351,3027.66,2026-03-09 11:02:32,0,0,normal,0
1563,167,291,100.0,2026-03-09 11:04:38,0,0,transaction_burst,1
597,53,662,11602.84,2026-03-09 11:32:00,1,0,transaction_burst,1
9249,987,131,2169.83,2026-03-09 12:20:34,0,0,normal,0
176,14,129,17273.72,2026-03-09 12:39:39,0,0,transaction_burst,1
7076,751,654,4544.15,2026-03-09 12:47:19,0,0,normal,0
1371,146,842,3219.43,2026-03-09 12:56:52,0,0,normal,0
5609,599,571,22637.95,2026-03-09 13:04:36,0,0,behavioral_deviation,0
5522,586,578,49662.37,2026-03-09 13:14:29,0,0,high_value,0
2214,238,649,12836.83,2026-03-09 13:29:21,0,0,transaction_burst,1
9227,984,40,456.22,2026-03-09 13:55:24,0,0,normal,0
6745,715,505,11899.47,2026-03-09 13:58:40,0,0,transaction_burst,1
506,46,723,15815.06,2026-03-09 14:08:57,0,0,transaction_burst,1
896,83,326,6777.92,2026-03-09 14:16:04,0,0,transaction_burst,1
5847,622,994,1454.65,2026-03-09 14:18:46,0,0,normal,0
3634,386,463,18064.4,2026-03-09 14:28:42,0,1,behavioral_deviation,0
870,81,531,39651.51,2026-03-09 14:46:56,0,0,rapid_movement,1
4629,497,940,3199.23,2026-03-09 14:48:26,0,1,normal,0
3120,333,731,41637.98,2026-03-09 14:49:06,0,0,rapid_movement,1
2789,298,621,11457.36,2026-03-09 14:50:13,0,1,transaction_burst,1
2311,246,195,23407.88,2026-03-09 15:00:12,0,1,beneficiary_anomaly,0
6383,675,855,46971.09,2026-03-09 15:14:26,0,0,high_value,0
2233,239,926,4859.58,2026-03-09 15:22:42,0,0,normal,0
6574,702,425,4152.01,2026-03-09 15:39:06,0,0,normal,0
8136,863,96,5613.85,2026-03-09 15:47:09,0,0,transaction_burst,1
8046,855,823,1858.84,2026-03-09 15:47:36,0,0,normal,0
3906,416,93,3871.87,2026-03-09 15:51:38,0,0,normal,0
6811,722,942,5091.54,2026-03-09 15:52:00,0,0,normal,0
3744,400,536,3777.92,2026-03-09 16:04:32,0,0,normal,0
8654,922,164,11529.83,2026-03-09 16:55:55,0,1,transaction_burst,0
2493,266,984,1002.64,2026-03-09 17:21:20,0,0,normal,1
9311,992,151,22342.73,2026-03-09 17:27:47,1,1,transaction_burst,1
9297,990,315,10198.17,2026-03-09 17:47:07,1,0,transaction_burst,1
8731,931,215,1699.13,2026-03-09 18:37:47,0,0,normal,0
9345,993,332,2352.2,2026-03-09 18:41:57,0,1,transaction_burst,0
848,80,905,17207.26,2026-03-09 18:42:18,0,0,transaction_burst,1
2616,281,742,1890.0,2026-03-09 18:44:55,0,0,normal,1
1528,166,367,2514.56,2026-03-09 18:53:45,0,0,normal,0
4554,488,63,2409.93,2026-03-09 18:55:58,0,0,normal,0
1054,105,511,17881.4,2026-03-09 19:24:33,1,0,transaction_burst,1
8925,951,393,3949.42,2026-03-09 19:44:23,0,0,normal,0
8202,869,10,3535.21,2026-03-09 19:57:25,0,0,normal,0
6055,640,450,15826.27,2026-03-09 20:04:25,0,0,beneficiary_anomaly,0
3042,325,826,16400.81,2026-03-09 20:05:38,1,1,transaction_burst,1
5293,563,731,4101.82,2026-03-09 20:28:43,1,1,transaction_burst,1
3028,325,139,12119.31,2026-03-09 20:29:45,1,1,transaction_burst,1
6915,735,764,2283.63,2026-03-09 20:36:02,0,1,normal,0
5680,606,178,15034.41,2026-03-09 20:47:01,0,1,transaction_burst,1
6060,640,713,7679.52,2026-03-09 21:01:34,0,0,beneficiary_anomaly,0
5357,570,165,2265.57,2026-03-09 21:12:07,0,0,normal,0
1207,122,931,63136.11,2026-03-09 21:12:56,1,0,high_value,1
7348,780,843,12759.89,2026-03-09 21:16:35,1,0,beneficiary_anomaly,1
4966,530,629,1748.64,2026-03-09 21:41:58,0,0,normal,0
5051,540,834,13611.43,2026-03-09 21:53:54,1,0,transaction_burst,1
702,62,577,3807.75,2026-03-09 22:07:19,0,0,normal,0
8856,942,503,11073.23,2026-03-09 22:17:20,0,0,transaction_burst,1
9325,992,661,18321.79,2026-03-09 22:34:39,0,0,transaction_burst,1
8499,904,373,2968.68,2026-03-09 22:58:59,0,0,normal,0
8513,906,196,43526.0,2026-03-09 23:03:25,0,0,rapid_movement,1
7142,760,654,3712.14,2026-03-09 23:16:44,0,0,normal,0
5706,607,535,17845.06,2026-03-09 23:19:58,0,1,beneficiary_anomaly,0
6480,689,608,7987.27,2026-03-09 23:27:12,1,0,transaction_burst,1
138,10,240,3080.19,2026-03-09 23:40:58,0,0,normal,0
3369,358,721,9681.8,2026-03-09 23:50:28,0,0,transaction_burst,0
3009,323,361,1767.46,2026-03-09 23:56:51,1,0,normal,0
6445,685,335,24173.02,2026-03-09 23:58:41,0,1,high_value,0
6806,722,328,2717.8,2026-03-10 00:08:32,0,0,normal,0
1109,110,359,22684.85,2026-03-10 00:12:11,0,1,beneficiary_anomaly,1
1751,186,416,40319.66,2026-03-10 00:12:12,0,0,rapid_movement,1
4117,432,342,8432.75,2026-03-10 00:21:54,0,0,transaction_burst,1
8429,896,470,17497.8,2026-03-10 00:42:07,1,1,beneficiary_anomaly,1
3444,367,987,13456.75,2026-03-10 00:54:40,1,1,transaction_burst,1
8929,952,281,1192.51,2026-03-10 01:10:37,0,0,normal,1
7690,817,600,3958.55,2026-03-10 01:23:43,0,0,beneficiary_anomaly,0
6183,653,869,23646.68,2026-03-10 01:39:32,1,0,rapid_movement,1
6499,689,215,100.0,2026-03-10 01:45:06,0,0,transaction_burst,1
2847,301,661,16837.93,2026-03-10 02:05:36,0,0,transaction_burst,1
4331,457,58,3102.7,2026-03-10 02:09:44,0,0,behavioral_deviation,1
4461,474,723,3602.33,2026-03-10 03:02:38,0,0,normal,0
5145,548,521,5654.37,2026-03-10 03:13:44,0,0,normal,0
6646,708,373,11098.73,2026-03-10 03:23:09,0,0,transaction_burst,1
608,53,221,17371.31,2026-03-10 03:37:55,0,0,transaction_burst,1
2315,246,7,14592.97,2026-03-10 04:01:23,0,0,beneficiary_anomaly,0
95,7,590,6790.84,2026-03-10 04:30:34,0,0,transaction_burst,1
4802,512,832,12802.57,2026-03-10 04:41:39,0,0,transaction_burst,1
847,80,416,14322.97,2026-03-10 04:53:26,0,0,transaction_burst,1
4371,461,377,40205.1,2026-03-10 04:57:47,0,0,high_value,0
4340,457,933,31281.48,2026-03-10 05:01:09,1,1,behavioral_deviation,1
3244,346,102,19845.8,2026-03-10 06:05:37,0,0,transaction_burst,1
4726,507,311,7803.49,2026-03-10 06:53:10,0,0,normal,0
9278,990,630,17789.49,2026-03-10 06:53:14,1,1,transaction_burst,1
5223,557,350,5228.06,2026-03-10 07:01:25,0,0,normal,0
521,46,911,4857.94,2026-03-10 07:08:09,1,0,transaction_burst,1
4871,520,604,100.0,2026-03-10 07:28:44,0,1,transaction_burst,1
928,87,610,37277.08,2026-03-10 07:47:53,0,0,rapid_movement,1
6435,684,216,1721.69,2026-03-10 07:48:49,0,0,normal,0
1406,151,423,7878.0,2026-03-10 07:58:40,1,0,transaction_burst,1
2613,281,871,2900.97,2026-03-10 08:00:28,0,0,normal,1
1080,106,821,22830.08,2026-03-10 08:27:04,0,0,rapid_movement,0
4441,471,737,3636.68,2026-03-10 08:53:53,0,0,normal,0
6320,668,235,50207.77,2026-03-10 09:15:21,0,0,behavioral_deviation,1
2991,321,678,20394.83,2026-03-10 09:27:13,0,0,beneficiary_anomaly,0
9084,967,493,10346.66,2026-03-10 09:27:20,1,0,behavioral_deviation,1
7067,750,927,5350.39,2026-03-10 09:31:27,1,0,transaction_burst,1
5091,543,701,7198.09,2026-03-10 09:35:40,0,1,transaction_burst,1
7455,789,336,19133.88,2026-03-10 09:38:55,0,0,transaction_burst,0
7990,848,300,26539.88,2026-03-10 10:07:48,0,0,rapid_movement,1
2598,280,882,20114.71,2026-03-10 10:23:48,0,0,beneficiary_anomaly,1
6420,682,76,5383.27,2026-03-10 10:28:09,0,0,normal,0
6373,674,411,33276.65,2026-03-10 10:28:58,1,1,rapid_movement,1
541,47,632,3014.33,2026-03-10 10:49:03,0,0,normal,0
7795,826,705,2392.54,2026-03-10 11:17:31,0,0,normal,0
9136,974,570,19979.15,2026-03-10 11:51:38,0,0,beneficiary_anomaly,0
206,17,633,42037.67,2026-03-10 12:02:25,0,1,high_value,0
8304,883,197,10705.89,2026-03-10 12:21:14,0,0,behavioral_deviation,0
5997,634,242,2356.58,2026-03-10 12:34:03,0,0,normal,0
3611,383,497,2420.87,2026-03-10 12:59:50,1,0,transaction_burst,0
2418,259,798,2496.6,2026-03-10 13:01:54,0,0,normal,0
117,8,990,5011.03,2026-03-10 13:15:06,1,0,transaction_burst,1
8263,877,796,5095.07,2026-03-10 13:19:02,0,0,normal,0
3968,421,165,8902.05,2026-03-10 14:22:10,0,1,rapid_movement,1
8069,858,934,20327.32,2026-03-10 14:47:45,1,0,beneficiary_anomaly,0
4316,454,253,5079.11,2026-03-10 15:06:07,0,1,normal,0
1497,160,993,100.0,2026-03-10 15:21:40,0,0,transaction_burst,1
162,14,603,20774.13,2026-03-10 15:24:32,1,0,transaction_burst,1
6000,634,558,2274.31,2026-03-10 15:45:53,0,0,normal,0
7846,835,33,36511.98,2026-03-10 16:18:15,0,0,rapid_movement,1
2999,322,573,3827.02,2026-03-10 16:27:17,0,0,normal,1
8177,868,194,19991.33,2026-03-10 16:35:22,1,0,transaction_burst,1
8917,950,664,100.0,2026-03-10 16:40:45,0,0,normal,0
2995,321,391,15827.03,2026-03-10 17:24:54,0,1,beneficiary_anomaly,0
3430,367,145,21866.2,2026-03-10 17:30:22,1,0,transaction_burst,1
3420,365,681,36961.96,2026-03-10 17:30:49,1,0,rapid_movement,1
9173,981,898,7626.35,2026-03-10 17:41:57,1,0,behavioral_deviation,1
6985,743,605,20388.74,2026-03-10 18:02:20,0,1,beneficiary_anomaly,1
3512,372,485,2622.52,2026-03-10 18:06:50,0,0,normal,0
4366,459,890,16214.63,2026-03-10 18:09:21,0,0,transaction_burst,1
7713,819,74,67217.88,2026-03-10 18:45:18,0,0,high_value,0
5196,552,537,4395.67,2026-03-10 18:59:37,0,0,normal,0
7300,778,184,1056.63,2026-03-10 19:03:02,0,0,normal,0
1887,201,236,11080.18,2026-03-10 19:10:58,0,0,transaction_burst,1
1953,208,252,35885.56,2026-03-10 19:29:10,0,0,rapid_movement,1
7005,746,961,5615.61,2026-03-10 19:30:04,0,0,normal,0
933,88,340,2177.76,2026-03-10 19:40:47,0,0,normal,1
7368,782,247,16373.16,2026-03-10 20:02:08,0,0,beneficiary_anomaly,0
260,21,437,4905.3,2026-03-10 20:56:10,0,0,transaction_burst,1
8351,889,602,3469.47,2026-03-10 21:09:36,0,0,normal,0
8356,889,195,1449.41,2026-03-10 21:26:02,0,0,normal,0
488,45,415,19370.37,2026-03-10 21:36:38,1,0,transaction_burst,1
7024,748,958,1890.06,2026-03-10 22:06:27,0,0,normal,0
2916,311,960,3366.7,2026-03-10 22:09:10,0,0,normal,0
3755,402,420,25251.81,2026-03-10 22:26:17,0,1,beneficiary_anomaly,0
8253,875,288,50074.44,2026-03-10 22:38:50,1,0,rapid_movement,1
8282,879,363,39148.07,2026-03-10 23:27:39,0,0,high_value,0
8798,935,197,2817.12,2026-03-10 23:54:46,0,0,transaction_burst,1
3597,383,33,4162.12,2026-03-10 23:55:00,0,0,transaction_burst,0
8303,883,667,44109.41,2026-03-10 23:56:33,1,0,behavioral_deviation,0
511,46,248,10126.39,2026-03-11 00:05:45,1,0,transaction_burst,1
6016,637,851,49404.01,2026-03-11 00:13:21,0,0,rapid_movement,1
3835,408,394,8879.88,2026-03-11 00:43:13,0,0,transaction_burst,1
8926,952,517,404.31,2026-03-11 00:56:38,0,0,normal,1
919,86,544,4687.19,2026-03-11 01:22:58,0,0,normal,0
8334,887,290,2433.09,2026-03-11 01:27:17,0,0,normal,0
756,70,806,2994.47,2026-03-11 01:46:36,0,0,normal,0
1316,139,275,9179.31,2026-03-11 03:02:22,0,0,transaction_burst,1
4053,428,898,15126.42,2026-03-11 03:13:06,0,0,transaction_burst,1
8825,938,43,100.0,2026-03-11 03:14:08,0,1,normal,0
7861,837,106,7195.47,2026-03-11 03:20:12,0,1,transaction_burst,1
8598,914,588,22740.43,2026-03-11 04:26:01,0,1,behavioral_deviation,1
3707,397,872,14968.38,2026-03-11 04:54:12,1,0,transaction_burst,1
8005,850,626,49833.04,2026-03-11 05:08:54,0,0,behavioral_deviation,0
166,14,571,11111.57,2026-03-11 05:10:18,0,1,transaction_burst,1
8068,858,536,13620.02,2026-03-11 05:17:34,0,1,beneficiary_anomaly,0
8668,922,415,13070.3,2026-03-11 05:44:32,0,1,transaction_burst,0
5198,552,607,2304.77,2026-03-11 06:23:20,0,0,normal,0
2731,294,785,5058.82,2026-03-11 06:57:56,0,0,normal,0
3234,345,929,10590.46,2026-03-11 07:01:25,0,0,transaction_burst,0
6096,642,319,21168.49,2026-03-11 07:02:15,0,0,transaction_burst,0
2259,241,345,10366.9,2026-03-11 07:02:31,1,1,transaction_burst,1
2939,314,172,2420.16,2026-03-11 07:04:10,0,0,normal,0
3298,352,825,3366.94,2026-03-11 08:22:26,0,0,normal,0
3243,346,632,100.0,2026-03-11 08:38:57,0,0,transaction_burst,1
5135,546,706,2760.9,2026-03-11 08:45:34,0,0,normal,0
8117,863,574,19769.96,2026-03-11 08:50:07,1,0,transaction_burst,1
6769,717,562,60390.83,2026-03-11 08:55:20,0,0,high_value,0
5833,621,704,10299.25,2026-03-11 09:10:07,1,0,transaction_burst,1
4713,506,193,10383.32,2026-03-11 09:10:13,1,0,transaction_burst,1
7849,835,692,27718.44,2026-03-11 09:29:09,0,0,rapid_movement,1
7896,839,269,2273.77,2026-03-11 09:29:21,0,1,normal,0
5344,567,610,13718.94,2026-03-11 10:12:57,0,1,transaction_burst,1
5276,563,578,8644.43,2026-03-11 10:18:14,0,0,transaction_burst,1
8386,893,581,1635.23,2026-03-11 10:37:10,0,0,normal,0
5403,573,665,461.14,2026-03-11 11:11:52,0,0,normal,0
7715,819,600,49833.44,2026-03-11 11:14:30,0,0,high_value,0
7408,787,180,12763.24,2026-03-11 11:17:00,0,1,transaction_burst,1
2476,264,207,1348.41,2026-03-11 12:26:34,0,0,normal,0
2009,214,998,8693.51,2026-03-11 12:27:08,0,0,transaction_burst,1
6641,708,710,10258.76,2026-03-11 12:27:08,0,0,transaction_burst,1
4230,443,24,25383.42,2026-03-11 13:36:34,1,1,rapid_movement,1
3772,403,780,5847.22,2026-03-11 14:22:50,0,0,transaction_burst,0
7247,774,816,3722.63,2026-03-11 14:28:53,0,0,transaction_burst,1
4638,498,911,79532.35,2026-03-11 14:58:10,0,0,high_value,0
1568,168,100,13936.06,2026-03-11 14:58:51,0,0,transaction_burst,1
6849,727,570,4759.89,2026-03-11 15:02:04,0,0,normal,0
5791,617,751,36376.38,2026-03-11 15:04:44,1,0,rapid_movement,1
7233,770,695,46885.6,2026-03-11 15:13:11,0,0,high_value,0
5597,597,316,39372.65,2026-03-11 15:41:47,0,0,rapid_movement,0
5089,543,426,7825.51,2026-03-11 15:43:17,1,0,transaction_burst,1
4801,512,275,17729.71,2026-03-11 15:46:34,0,0,transaction_burst,1
7675,815,19,3132.95,2026-03-11 16:10:11,0,0,normal,0
8561,911,273,15399.32,2026-03-11 16:13:13,0,0,transaction_burst,0
6078,642,509,7653.62,2026-03-11 16:13:44,0,0,transaction_burst,0
8359,890,224,29905.52,2026-03-11 16:14:03,0,0,rapid_movement,1
1828,196,925,2355.4,2026-03-11 16:15:06,0,1,normal,1
3057,326,625,27397.39,2026-03-11 16:38:30,1,0,rapid_movement,1
6202,655,146,21933.72,2026-03-11 16:55:53,0,1,beneficiary_anomaly,0
8290,881,440,4017.89,2026-03-11 17:19:39,0,0,normal,0
2607,281,864,2267.51,2026-03-11 17:25:31,0,0,normal,1
2220,238,585,13483.82,2026-03-11 17:31:25,1,0,transaction_burst,1
4861,520,166,17093.27,2026-03-11 17:43:24,1,1,transaction_burst,1
6492,689,356,12692.58,2026-03-11 17:43:51,0,1,transaction_burst,1
3222,345,654,12342.99,2026-03-11 17:48:21,0,0,transaction_burst,0
9197,982,836,13145.21,2026-03-11 17:57:27,0,0,transaction_burst,1
7695,817,818,22153.95,2026-03-11 18:10:12,0,1,beneficiary_anomaly,0
3227,345,342,10753.97,2026-03-11 18:18:01,1,0,transaction_burst,0
4115,432,708,10165.59,2026-03-11 18:21:00,0,1,transaction_burst,1
7017,748,483,2950.15,2026-03-11 18:38:34,0,0,normal,0
7573,801,442,45243.1,2026-03-11 18:51:27,0,0,rapid_movement,1
5150,549,824,11226.24,2026-03-11 19:11:40,1,0,transaction_burst,1
7411,787,642,10603.66,2026-03-11 19:18:16,1,1,transaction_burst,1
3435,367,770,9141.68,2026-03-11 19:26:46,0,0,transaction_burst,1
1742,185,653,16078.71,2026-03-11 19:32:50,0,0,transaction_burst,1
2108,225,868,2866.15,2026-03-11 19:34:15,0,0,normal,0
6074,641,932,34081.88,2026-03-11 19:38:49,1,0,rapid_movement,1
1956,208,77,54516.03,2026-03-11 20:02:47,1,0,rapid_movement,1
8527,908,913,2931.06,2026-03-11 20:19:06,0,0,normal,0
3966,421,213,28775.81,2026-03-11 20:25:51,0,0,rapid_movement,1
316,25,126,6780.26,2026-03-11 20:42:49,0,1,transaction_burst,1
7330,779,26,12535.35,2026-03-11 20:55:43,0,0,transaction_burst,0
5755,614,155,15038.21,2026-03-11 20:59:15,1,1,behavioral_deviation,0
4683,504,470,3571.44,2026-03-11 21:01:27,0,0,normal,0
7600,804,841,26306.76,2026-03-11 21:10:31,0,0,high_value,0
1871,201,398,5994.93,2026-03-11 21:15:15,0,0,transaction_burst,1
8370,891,80,1014.4,2026-03-11 21:16:38,0,0,normal,0
6233,660,204,1966.11,2026-03-11 21:26:44,0,0,normal,0
1822,194,85,10385.84,2026-03-11 21:57:41,0,0,transaction_burst,1
4929,528,341,48686.57,2026-03-11 22:04:30,0,0,behavioral_deviation,0
920,86,687,4539.64,2026-03-11 23:07:37,0,0,normal,0
8620,917,729,4969.45,2026-03-11 23:43:54,0,0,normal,0
2946,315,742,4227.49,2026-03-12 00:28:03,0,0,normal,0
7236,770,304,70537.3,2026-03-12 00:35:08,0,0,high_value,0
2621,282,734,3691.89,2026-03-12 01:49:43,0,0,normal,0
4927,528,423,48904.57,2026-03-12 01:55:49,1,1,behavioral_deviation,0
6221,657,238,12250.82,2026-03-12 02:25:49,0,0,beneficiary_anomaly,0
7359,782,274,32957.51,2026-03-12 02:32:54,0,0,beneficiary_anomaly,0
3912,417,886,2746.67,2026-03-12 02:48:58,0,0,normal,0
6593,704,35,19393.01,2026-03-12 03:00:19,0,0,beneficiary_anomaly,0
5875,625,284,13047.53,2026-03-12 03:23:06,0,0,behavioral_deviation,1
3059,326,848,47716.05,2026-03-12 03:24:38,0,0,rapid_movement,1
291,24,162,27070.31,2026-03-12 03:25:55,0,1,beneficiary_anomaly,1
3546,376,108,4377.41,2026-03-12 03:28:17,0,0,normal,0
9057,964,192,4826.69,2026-03-12 03:29:56,0,0,normal,0
2310,245,626,42190.0,2026-03-12 04:05:23,0,0,high_value,0
100,8,857,12544.46,2026-03-12 04:38:02,0,0,transaction_burst,1
7639,809,526,2677.68,2026-03-12 04:50:54,0,0,normal,0
6059,640,98,20957.25,2026-03-12 05:12:25,0,1,beneficiary_anomaly,0
3072,327,590,1920.04,2026-03-12 05:21:25,1,0,transaction_burst,1
4349,458,117,5080.64,2026-03-12 05:47:03,0,0,normal,0
3537,375,663,3200.13,2026-03-12 06:01:08,0,0,normal,0
6512,691,804,6776.74,2026-03-12 06:37:21,0,0,normal,0
4655,501,519,49924.94,2026-03-12 06:52:17,0,1,rapid_movement,1
8153,865,648,2818.85,2026-03-12 06:52:37,0,0,normal,0
6368,674,450,54032.08,2026-03-12 07:13:46,0,0,rapid_movement,1
2557,273,670,3072.99,2026-03-12 07:30:06,0,0,normal,0
8115,863,259,6361.02,2026-03-12 07:50:54,0,0,transaction_burst,1
9285,990,671,9957.56,2026-03-12 07:54:25,0,0,transaction_burst,1
3073,327,477,16356.28,2026-03-12 07:55:45,1,0,transaction_burst,1
2419,259,591,4399.11,2026-03-12 08:00:04,0,0,normal,0
7320,779,903,37961.52,2026-03-12 08:16:28,0,0,transaction_burst,0
8045,855,935,2330.98,2026-03-12 08:22:33,0,0,normal,0
3130,334,582,20956.45,2026-03-12 08:22:58,0,1,beneficiary_anomaly,0
6809,722,518,3492.11,2026-03-12 08:42:57,0,0,normal,0
952,89,42,2805.27,2026-03-12 09:07:38,0,0,normal,0
3152,338,390,35576.1,2026-03-12 09:22:39,1,0,rapid_movement,1
8792,935,605,17726.9,2026-03-12 09:42:01,0,0,transaction_burst,1
6443,685,778,27976.03,2026-03-12 09:43:25,0,0,high_value,0
2988,320,79,100.0,2026-03-12 10:49:42,0,0,behavioral_deviation,0
6575,702,746,1016.97,2026-03-12 10:53:07,0,0,normal,0
2485,265,353,2601.79,2026-03-12 10:54:43,0,0,beneficiary_anomaly,1
6793,720,722,58841.42,2026-03-12 11:10:57,0,1,behavioral_deviation,0
8511,906,455,30246.5,2026-03-12 11:26:59,0,1,rapid_movement,1
107,8,390,13970.21,2026-03-12 11:28:54,0,1,transaction_burst,1
5172,549,422,3854.34,2026-03-12 11:30:51,0,0,transaction_burst,1
7484,792,751,2903.52,2026-03-12 11:37:19,0,0,normal,0
8233,873,388,11615.31,2026-03-12 11:59:47,0,0,behavioral_deviation,1
836,78,609,21806.46,2026-03-12 12:04:44,1,0,rapid_movement,1
209,18,549,2009.55,2026-03-12 12:05:51,0,0,normal,0
3506,372,814,4482.41,2026-03-12 12:07:20,0,1,normal,0
1137,114,840,45034.24,2026-03-12 12:39:01,0,0,high_value,0
5496,583,735,1304.56,2026-03-12 12:39:59,0,0,normal,0
8594,914,598,32082.23,2026-03-12 12:50:39,0,0,behavioral_deviation,1
6557,699,218,41359.6,2026-03-12 13:08:55,0,0,rapid_movement,1
4054,428,345,15509.78,2026-03-12 13:31:12,0,1,transaction_burst,1
656,56,825,15255.09,2026-03-12 14:08:57,0,1,transaction_burst,1
8051,856,566,3512.1,2026-03-12 14:34:47,0,0,normal,0
5835,621,580,11965.07,2026-03-12 14:41:31,0,0,transaction_burst,1
9392,1000,660,2872.96,2026-03-12 14:45:41,0,0,normal,0
615,55,143,26681.76,2026-03-12 15:02:36,0,1,rapid_movement,1
1479,159,729,36204.01,2026-03-12 15:20:55,1,0,rapid_movement,1
2608,281,833,1336.91,2026-03-12 15:56:02,0,0,normal,1
101,8,706,7652.33,2026-03-12 16:07:28,0,0,transaction_burst,1
3470,370,310,16577.07,2026-03-12 16:27:51,0,0,beneficiary_anomaly,0
3559,378,434,2894.96,2026-03-12 16:34:03,0,0,normal,0
1474,158,27,20925.81,2026-03-12 16:40:12,1,0,rapid_movement,1
2019,214,648,13986.12,2026-03-12 16:41:58,1,0,transaction_burst,1
1913,203,534,1532.65,2026-03-12 17:09:42,0,0,normal,1
7452,789,221,11880.5,2026-03-12 17:13:47,0,1,transaction_burst,0
671,58,598,47177.12,2026-03-12 17:55:06,0,0,high_value,0
6980,742,60,2750.56,2026-03-12 17:59:48,0,0,normal,0
4855,520,273,9974.7,2026-03-12 18:33:56,1,0,transaction_burst,1
1266,132,897,28720.42,2026-03-12 18:47:27,0,0,behavioral_deviation,1
304,25,511,12642.63,2026-03-12 19:22:05,0,0,transaction_burst,1
6104,642,182,13741.14,2026-03-12 19:25:01,0,0,transaction_burst,0
7470,791,881,3126.24,2026-03-12 19:25:49,0,0,normal,0
6238,660,968,3190.13,2026-03-12 19:26:38,0,0,normal,0
7154,761,652,27056.11,2026-03-12 19:46:51,0,0,rapid_movement,1
86,7,613,8744.65,2026-03-12 20:02:37,1,0,transaction_burst,1
2298,243,578,4057.77,2026-03-12 20:08:19,0,0,normal,0
8707,928,324,17924.52,2026-03-12 20:10:03,0,0,beneficiary_anomaly,0
4039,428,316,6838.98,2026-03-12 20:11:13,0,0,transaction_burst,1
2882,307,188,1627.31,2026-03-12 20:13:05,0,0,normal,0
2618,281,774,2107.16,2026-03-12 20:25:17,0,0,normal,1
4458,474,116,2494.12,2026-03-12 20:43:39,0,0,normal,0
2838,301,288,16162.26,2026-03-12 20:57:48,0,0,transaction_burst,1
6877,730,524,1998.75,2026-03-12 21:08:37,1,0,normal,0
7976,846,105,16847.13,2026-03-12 21:23:36,1,1,beneficiary_anomaly,1
3031,325,271,19912.86,2026-03-12 21:29:40,0,0,transaction_burst,1
2078,221,39,1089.71,2026-03-12 22:29:23,0,1,normal,0
1397,149,758,5041.08,2026-03-12 22:31:35,0,0,normal,0
8729,931,398,3023.33,2026-03-12 22:37:09,0,0,normal,0
2615,281,356,100.0,2026-03-12 22:47:05,0,0,normal,1
5452,577,789,956.88,2026-03-12 22:52:04,0,0,beneficiary_anomaly,0
4132,434,562,18642.31,2026-03-12 22:59:18,0,0,transaction_burst,0
2481,265,957,20771.84,2026-03-12 23:19:24,0,0,beneficiary_anomaly,1
2327,248,291,2015.25,2026-03-12 23:49:04,0,0,normal,0
381,31,874,34267.79,2026-03-12 23:59:07,0,1,rapid_movement,1
7980,846,113,27338.92,2026-03-13 00:21:25,0,0,beneficiary_anomaly,1
3178,342,775,46511.81,2026-03-13 00:33:50,0,1,behavioral_deviation,0
1429,151,389,14756.43,2026-03-13 00:36:48,0,0,transaction_burst,1
5579,594,823,41912.37,2026-03-13 00:45:10,0,0,high_value,0
9182,982,816,2117.8,2026-03-13 00:54:26,0,0,transaction_burst,1
8723,930,72,29791.18,2026-03-13 01:03:31,0,0,rapid_movement,1
8016,852,516,4340.16,2026-03-13 01:03:34,0,0,normal,0
8243,874,204,3160.94,2026-03-13 01:40:51,0,0,normal,0
3421,365,683,38634.55,2026-03-13 01:58:34,1,0,rapid_movement,1
8781,935,821,209.47,2026-03-13 02:25:39,0,0,transaction_burst,1
8634,919,973,3434.33,2026-03-13 02:37:55,0,0,normal,0
7358,782,247,19740.92,2026-03-13 02:49:46,1,1,beneficiary_anomaly,0
7609,805,358,1471.76,2026-03-13 03:05:27,0,0,normal,0
1,1,788,10303.23,2026-03-13 03:05:48,0,0,transaction_burst,1
5084,543,813,6826.24,2026-03-13 03:10:19,0,0,transaction_burst,1
1303,137,689,30927.72,2026-03-13 03:11:26,0,0,behavioral_deviation,1
1754,186,147,50349.98,2026-03-13 03:17:02,1,0,rapid_movement,1
3972,421,647,36116.04,2026-03-13 03:47:20,0,0,rapid_movement,1
8148,864,230,39047.95,2026-03-13 04:03:02,0,0,high_value,0
6392,677,236,14288.42,2026-03-13 04:05:34,0,0,beneficiary_anomaly,0
7104,755,716,34642.47,2026-03-13 04:17:41,0,1,rapid_movement,1
9202,982,673,8435.54,2026-03-13 04:18:34,0,0,transaction_burst,1
1870,201,424,16020.66,2026-03-13 04:25:43,1,0,transaction_burst,1
8497,904,320,2153.25,2026-03-13 04:56:15,0,0,normal,0
6364,673,738,7695.03,2026-03-13 05:17:20,0,0,behavioral_deviation,0
2075,221,383,3958.68,2026-03-13 05:21:08,0,0,normal,0
5094,543,463,12748.12,2026-03-13 05:29:18,0,1,transaction_burst,1
2593,279,422,14252.37,2026-03-13 05:30:30,0,1,beneficiary_anomaly,0
1666,178,266,100.0,2026-03-13 05:45:16,0,1,behavioral_deviation,1
403,35,489,2865.4,2026-03-13 05:58:05,0,0,normal,0
3907,416,19,1939.81,2026-03-13 06:06:57,0,0,normal,0
2080,222,488,3443.2,2026-03-13 06:11:38,0,0,normal,0
2742,295,141,17150.61,2026-03-13 06:17:36,0,0,transaction_burst,1
5574,594,101,53189.25,2026-03-13 06:21:50,0,0,high_value,0
5267,563,585,8592.89,2026-03-13 06:39:20,0,1,transaction_burst,1
3690,394,860,38696.46,2026-03-13 06:47:23,0,0,rapid_movement,1
6974,741,935,4536.5,2026-03-13 07:15:29,0,0,normal,0
9088,967,268,29925.27,2026-03-13 07:32:13,0,0,behavioral_deviation,1
2701,291,526,8298.53,2026-03-13 07:49:40,0,0,transaction_burst,1
460,42,394,9736.84,2026-03-13 07:54:21,1,1,transaction_burst,1
7424,787,292,100.0,2026-03-13 08:40:31,1,1,transaction_burst,1
2677,290,977,4543.7,2026-03-13 08:48:08,0,0,normal,0
4030,428,732,9001.91,2026-03-13 09:10:32,0,0,transaction_burst,1
4567,490,446,37895.72,2026-03-13 09:30:18,0,0,high_value,0
6531,695,570,24499.13,2026-03-13 09:47:09,0,0,beneficiary_anomaly,0
5686,606,479,3836.75,2026-03-13 10:14:40,0,0,transaction_burst,1
2351,251,821,30671.61,2026-03-13 10:26:21,0,0,rapid_movement,1
2121,227,694,3711.05,2026-03-13 10:54:41,0,0,normal,0
4297,452,759,22362.76,2026-03-13 10:56:58,0,0,beneficiary_anomaly,0
1470,158,360,40498.83,2026-03-13 11:11:45,1,0,rapid_movement,1
4561,490,750,28300.67,2026-03-13 11:15:40,0,0,high_value,0
8574,911,443,13114.02,2026-03-13 11:20:52,0,0,transaction_burst,0
7169,763,133,2177.19,2026-03-13 11:59:02,0,0,normal,0
2808,299,121,5004.19,2026-03-13 12:19:31,0,0,transaction_burst,1
1907,203,517,2899.92,2026-03-13 12:52:16,0,0,normal,1
6265,663,122,961.19,2026-03-13 13:15:09,0,0,normal,0
3864,411,847,43112.52,2026-03-13 13:24:22,0,1,rapid_movement,1
2629,283,815,3202.18,2026-03-13 13:50:42,0,0,normal,0
9044,962,328,617.69,2026-03-13 13:53:06,0,0,normal,0
7497,793,479,890.94,2026-03-13 14:13:08,0,0,normal,0
4964,529,414,15439.78,2026-03-13 14:13:17,0,0,transaction_burst,0
6785,719,444,39479.48,2026-03-13 14:51:13,0,0,rapid_movement,1
9098,968,70,2340.68,2026-03-13 15:16:29,0,0,normal,0
5717,608,532,2991.52,2026-03-13 15:18:29,0,0,normal,0
7391,785,516,26173.89,2026-03-13 15:20:23,0,0,behavioral_deviation,0
6049,639,352,17917.49,2026-03-13 15:21:49,0,0,transaction_burst,0
4899,523,507,1272.52,2026-03-13 15:31:20,0,0,normal,0
2018,214,50,11273.71,2026-03-13 15:38:12,0,0,transaction_burst,1
7878,837,756,8361.87,2026-03-13 15:48:35,1,0,transaction_burst,1
5719,608,261,4916.81,2026-03-13 16:06:56,0,0,normal,0
6851,727,365,3413.55,2026-03-13 16:25:52,0,0,normal,0
9343,993,63,8140.69,2026-03-13 16:29:02,1,0,transaction_burst,0
5601,597,199,12982.27,2026-03-13 16:34:50,0,0,rapid_movement,0
2266,241,711,18735.59,2026-03-13 16:41:47,1,0,transaction_burst,1
7640,809,838,3278.43,2026-03-13 16:53:04,0,0,normal,0
1090,108,819,391.52,2026-03-13 17:00:33,0,0,normal,1
5934,630,520,10654.88,2026-03-13 17:13:30,1,0,transaction_burst,1
2746,295,804,5745.34,2026-03-13 17:20:40,0,0,transaction_burst,1
5629,602,152,4637.68,2026-03-13 17:22:34,1,0,transaction_burst,1
2272,242,315,19213.04,2026-03-13 17:27:07,0,0,transaction_burst,1
7873,837,688,2718.64,2026-03-13 17:41:09,0,0,transaction_burst,1
5430,574,637,14530.07,2026-03-13 17:42:15,0,0,transaction_burst,1
3139,335,976,100.0,2026-03-13 17:50:45,0,0,normal,0
5213,555,490,3005.9,2026-03-13 18:27:37,0,0,normal,0
3783,403,508,1933.26,2026-03-13 18:49:15,0,0,transaction_burst,0
1311,138,293,4389.16,2026-03-13 19:00:34,0,0,normal,0
7287,776,328,8276.86,2026-03-13 19:06:19,1,0,beneficiary_anomaly,1
3880,412,511,35601.47,2026-03-13 19:21:37,0,1,rapid_movement,1
4816,514,16,1007.2,2026-03-13 20:08:56,0,0,normal,1
272,21,990,13568.52,2026-03-13 21:20:34,0,1,transaction_burst,1
3024,325,436,13018.67,2026-03-13 21:24:28,1,0,transaction_burst,1
6286,666,876,62368.93,2026-03-13 21:46:43,0,0,rapid_movement,1
8903,948,833,6079.13,2026-03-13 21:51:17,0,1,beneficiary_anomaly,0
5920,630,798,6745.87,2026-03-13 22:31:30,1,0,transaction_burst,1
1321,139,501,7795.24,2026-03-13 22:41:02,1,0,transaction_burst,1
5215,555,133,2776.63,2026-03-13 22:45:52,0,0,normal,0
2402,257,740,13361.41,2026-03-13 22:54:23,1,0,transaction_burst,1
1444,154,868,81253.97,2026-03-13 22:54:32,0,0,high_value,0
8756,934,191,24406.57,2026-03-13 23:04:28,1,0,transaction_burst,1
4696,506,679,13707.72,2026-03-13 23:51:56,1,0,transaction_burst,1
5729,610,23,2702.69,2026-03-13 23:56:11,0,0,normal,0
8022,853,38,5964.38,2026-03-14 00:02:33,0,0,beneficiary_anomaly,0
8113,863,828,100.0,2026-03-14 00:03:24,1,0,transaction_burst,1
3218,345,377,12353.97,2026-03-14 00:08:56,0,0,transaction_burst,0
1088,107,429,3193.56,2026-03-14 00:20:11,0,0,normal,0
1656,177,857,1531.55,2026-03-14 00:29:38,0,1,normal,0
4260,447,191,43415.02,2026-03-14 00:30:05,0,0,behavioral_deviation,0
561,50,9,3819.13,2026-03-14 00:40:38,0,0,normal,0
2293,242,872,14785.5,2026-03-14 00:49:03,0,1,transaction_burst,1
3311,355,524,2037.14,2026-03-14 01:04:28,0,0,normal,0
1374,146,114,3638.88,2026-03-14 01:05:50,0,0,normal,0
2956,317,165,3904.5,2026-03-14 01:09:44,0,0,normal,0
4434,470,563,1464.18,2026-03-14 01:22:32,0,0,normal,0
1993,213,292,4747.82,2026-03-14 01:51:12,0,0,normal,0
6497,689,629,17447.25,2026-03-14 02:29:20,0,0,transaction_burst,1
6304,667,428,9706.49,2026-03-14 02:39:10,1,0,transaction_burst,1
8139,863,489,10577.69,2026-03-14 03:01:02,1,1,transaction_burst,1
8324,886,446,1307.75,2026-03-14 03:27:16,0,0,normal,0
3748,401,489,2493.61,2026-03-14 03:29:15,0,0,normal,0
105,8,396,22235.12,2026-03-14 03:42:22,0,0,transaction_burst,1
6287,666,930,8386.64,2026-03-14 04:10:31,1,1,rapid_movement,1
1268,132,727,38550.12,2026-03-14 04:22:34,0,0,behavioral_deviation,1
7445,789,790,7588.86,2026-03-14 04:37:51,0,0,transaction_burst,0
8750,934,903,10485.28,2026-03-14 05:07:53,0,0,transaction_burst,1
6363,673,358,24972.0,2026-03-14 05:13:50,0,0,behavioral_deviation,0
1707,183,307,4262.92,2026-03-14 05:30:14,0,1,normal,0
1353,143,636,4226.78,2026-03-14 05:49:14,0,0,behavioral_deviation,1
6072,641,410,35864.15,2026-03-14 06:30:55,0,0,rapid_movement,1
2637,284,609,1552.92,2026-03-14 06:37:41,0,0,normal,0
7696,817,375,1948.38,2026-03-14 06:41:56,0,1,beneficiary_anomaly,0
3596,383,477,12141.06,2026-03-14 06:59:56,0,0,transaction_burst,0
6678,711,90,15046.95,2026-03-14 07:03:19,0,0,behavioral_deviation,0
9140,975,906,1969.39,2026-03-14 07:28:18,0,0,normal,0
7903,840,889,1928.92,2026-03-14 07:30:56,0,0,normal,0
9003,958,688,2009.27,2026-03-14 07:49:44,0,0,normal,0
824,77,406,2647.55,2026-03-14 07:51:47,0,0,normal,0
5173,549,187,19235.82,2026-03-14 07:56:32,0,0,transaction_burst,1
415,37,64,5135.34,2026-03-14 07:57:00,0,0,normal,0
8551,911,69,15612.44,2026-03-14 08:05:27,0,0,transaction_burst,0
1159,117,596,19381.55,2026-03-14 08:05:40,0,0,transaction_burst,1
1645,176,550,3809.83,2026-03-14 08:18:07,0,0,normal,0
9275,990,66,5899.81,2026-03-14 08:35:47,1,0,transaction_burst,1
3287,350,192,2824.94,2026-03-14 08:39:14,0,0,normal,0
6971,741,183,4404.36,2026-03-14 08:42:28,0,0,normal,0
2213,238,752,12801.02,2026-03-14 08:46:51,0,0,transaction_burst,1
8440,897,495,4976.57,2026-03-14 09:13:43,0,0,normal,0
5340,567,235,10138.33,2026-03-14 09:36:28,0,0,transaction_burst,1
8333,887,492,3273.76,2026-03-14 09:49:48,0,0,normal,0
8394,894,932,2839.21,2026-03-14 09:52:38,0,0,normal,0
6723,714,937,22540.08,2026-03-14 10:05:42,0,1,beneficiary_anomaly,0
6237,660,545,2795.64,2026-03-14 10:22:20,0,0,normal,0
9178,981,644,27169.86,2026-03-14 10:25:09,0,0,behavioral_deviation,1
1180,117,691,100.0,2026-03-14 10:37:25,0,0,transaction_burst,1
8121,863,95,100.0,2026-03-14 11:21:15,0,1,transaction_burst,1
3531,374,937,3810.77,2026-03-14 11:23:24,0,0,normal,0
6327,668,681,41558.82,2026-03-14 11:44:13,1,0,behavioral_deviation,1
6370,674,253,15422.89,2026-03-14 11:48:13,0,0,rapid_movement,1
6189,653,131,27128.62,2026-03-14 11:50:17,1,1,rapid_movement,1
2617,281,566,4721.01,2026-03-14 12:07:11,0,0,normal,1
539,47,113,5873.15,2026-03-14 12:15:29,0,0,normal,0
3181,342,371,45061.84,2026-03-14 12:15:37,0,0,behavioral_deviation,0
2951,316,880,100.0,2026-03-14 13:10:16,0,0,normal,0
8692,925,363,4713.66,2026-03-14 13:27:34,0,0,normal,0
5228,557,907,114.76,2026-03-14 13:40:08,0,0,normal,0
6835,725,172,2287.39,2026-03-14 13:42:27,0,0,normal,0
2955,317,922,3424.84,2026-03-14 13:45:58,0,0,normal,0
7731,821,978,2950.26,2026-03-14 13:51:59,0,0,normal,0
6044,639,589,13252.39,2026-03-14 13:57:01,0,1,transaction_burst,0
6018,637,243,51602.22,2026-03-14 13:59:00,0,0,rapid_movement,1
7816,830,759,3167.12,2026-03-14 14:26:08,0,0,normal,0
4776,510,303,1794.08,2026-03-14 14:53:04,0,0,normal,0
2110,225,122,2015.38,2026-03-14 15:11:43,0,0,normal,0
3361,358,506,27357.17,2026-03-14 15:57:16,0,0,transaction_burst,0
7352,781,368,1031.59,2026-03-14 16:27:58,0,0,normal,1
6471,688,433,15447.46,2026-03-14 16:28:18,0,0,behavioral_deviation,1
5440,575,215,7190.97,2026-03-14 17:14:51,0,1,beneficiary_anomaly,1
8961,955,19,20763.26,2026-03-14 17:30:05,0,0,behavioral_deviation,1
1385,147,70,4895.23,2026-03-14 17:31:57,0,0,normal,0
8422,895,983,16986.5,2026-03-14 18:02:56,0,0,transaction_burst,1
5784,617,502,42682.17,2026-03-14 18:12:19,0,0,rapid_movement,1
4407,466,445,25009.02,2026-03-14 18:17:11,0,0,rapid_movement,1
1233,127,728,4593.8,2026-03-14 18:21:34,0,0,normal,0
6949,738,870,5845.47,2026-03-14 18:32:57,0,0,normal,0
6316,667,669,16520.6,2026-03-14 18:42:31,0,1,transaction_burst,1
4797,512,488,11534.45,2026-03-14 18:50:33,0,0,transaction_burst,1
8525,907,718,1968.77,2026-03-14 19:14:51,0,0,normal,0
1020,100,462,43030.77,2026-03-14 19:32:46,0,1,behavioral_deviation,1
337,26,944,2506.19,2026-03-14 19:40:18,0,0,normal,0
99,8,748,11368.66,2026-03-14 19:43:59,0,0,transaction_burst,1
7543,798,594,1122.4,2026-03-14 20:00:55,0,0,normal,0
1731,185,660,6929.01,2026-03-14 20:08:50,0,0,transaction_burst,1
2633,283,377,3841.11,2026-03-14 20:21:25,0,0,normal,0
3523,373,573,3370.77,2026-03-14 20:38:52,0,0,normal,0
5793,618,427,704.61,2026-03-14 20:52:14,0,0,normal,0
646,56,43,14019.74,2026-03-14 21:02:50,0,0,transaction_burst,1
4480,476,354,2657.08,2026-03-14 21:06:08,0,0,normal,0
9114,971,693,2914.95,2026-03-14 21:14:46,0,0,normal,0
7075,751,849,3603.58,2026-03-14 21:30:25,0,0,normal,0
294,24,960,20211.31,2026-03-14 21:37:49,1,0,beneficiary_anomaly,1
5279,563,832,19183.87,2026-03-14 21:48:46,0,0,transaction_burst,1
4477,476,815,3806.32,2026-03-14 21:55:02,0,0,normal,0
9220,984,515,884.37,2026-03-14 22:11:47,0,0,normal,0
3854,409,111,2953.03,2026-03-14 22:21:39,0,0,normal,0
6871,729,193,2754.24,2026-03-14 22:31:37,0,0,normal,0
8928,952,200,2822.44,2026-03-14 23:19:37,0,0,normal,1
932,87,528,48810.08,2026-03-14 23:33:34,1,0,rapid_movement,1
2992,321,194,18175.86,2026-03-14 23:45:09,0,1,beneficiary_anomaly,0
5425,574,989,18703.95,2026-03-14 23:47:45,0,0,transaction_burst,1
6908,734,519,100.0,2026-03-15 00:00:27,0,0,normal,0
4166,436,669,4006.09,2026-03-15 00:15:54,0,0,normal,0
7676,815,906,2570.89,2026-03-15 00:18:55,0,0,normal,0
7528,797,640,5287.58,2026-03-15 00:27:32,1,0,normal,0
8090,861,918,26286.23,2026-03-15 00:57:14,0,0,rapid_movement,1
4061,429,202,5937.56,2026-03-15 00:59:12,0,0,normal,0
1695,181,361,22040.45,2026-03-15 01:03:19,0,1,beneficiary_anomaly,0
5360,571,24,3096.7,2026-03-15 01:16:09,0,0,normal,0
5769,615,721,1103.56,2026-03-15 01:50:27,0,0,normal,0
1326,139,195,18470.62,2026-03-15 01:54:28,0,1,transaction_burst,1
2676,290,564,5024.13,2026-03-15 02:00:28,0,0,normal,0
2659,287,741,5026.23,2026-03-15 02:07:55,0,0,normal,0
4622,495,64,15123.95,2026-03-15 02:23:30,0,0,transaction_burst,1
8760,934,150,23027.95,2026-03-15 02:26:33,0,0,transaction_burst,1
1044,103,3,2273.03,2026-03-15 02:33:40,0,0,normal,0
1531,166,864,4737.07,2026-03-15 02:50:20,0,0,normal,0
753,70,16,1640.29,2026-03-15 02:57:04,0,0,normal,0
5933,630,809,10223.6,2026-03-15 03:31:31,0,1,transaction_burst,1
4736,508,303,5384.2,2026-03-15 04:00:45,0,0,transaction_burst,1
4024,428,419,5156.3,2026-03-15 04:36:33,0,1,transaction_burst,1
657,56,323,14512.79,2026-03-15 04:50:14,0,0,transaction_burst,1
1025,101,340,12866.94,2026-03-15 04:54:22,1,0,beneficiary_anomaly,1
8111,862,225,44667.86,2026-03-15 05:02:14,1,0,rapid_movement,1
3614,384,622,952.46,2026-03-15 05:18:26,0,0,normal,0
1171,117,401,5599.32,2026-03-15 05:27:56,0,0,transaction_burst,1
1973,211,434,40158.58,2026-03-15 05:56:43,0,0,rapid_movement,1
3926,418,86,16112.35,2026-03-15 06:13:27,0,1,transaction_burst,1
1817,194,134,11287.64,2026-03-15 06:16:28,1,0,transaction_burst,1
110,8,242,19950.88,2026-03-15 06:38:39,1,0,transaction_burst,1
6920,736,598,34103.0,2026-03-15 06:39:38,1,0,rapid_movement,1
2794,298,536,8855.69,2026-03-15 06:41:34,1,0,transaction_burst,1
8717,930,117,35665.86,2026-03-15 06:41:43,1,0,rapid_movement,1
9216,983,988,18593.91,2026-03-15 07:07:13,0,0,rapid_movement,1
8519,907,692,1345.03,2026-03-15 07:09:45,0,0,normal,0
2289,242,378,10620.21,2026-03-15 07:12:48,0,0,transaction_burst,1
644,56,424,18369.11,2026-03-15 07:40:13,0,0,transaction_burst,1
5508,585,725,25412.89,2026-03-15 07:55:51,1,0,beneficiary_anomaly,0
236,20,599,64048.54,2026-03-15 08:05:11,0,0,high_value,0
6184,653,634,27473.72,2026-03-15 08:08:44,0,0,rapid_movement,1
4596,494,500,3571.7,2026-03-15 08:17:55,0,0,normal,0
480,45,7,14556.74,2026-03-15 08:22:10,0,0,transaction_burst,1
1263,131,572,3022.05,2026-03-15 08:48:26,0,0,normal,0
6279,665,891,2267.12,2026-03-15 09:11:20,0,0,normal,0
3571,380,847,43163.55,2026-03-15 09:25:11,0,0,rapid_movement,1
1834,196,422,3209.79,2026-03-15 09:27:03,0,0,normal,1
3850,409,775,1858.79,2026-03-15 09:36:57,0,0,normal,0
9397,4,906,92237.96,2026-03-15 10:00:00,1,1,rapid_movement,1
9395,3,64,94418.41,2026-03-15 10:00:00,1,1,beneficiary_anomaly,1
9489,143,983,99496.21,2026-03-15 10:00:00,1,1,behavioral_deviation,1
9433,46,573,76597.94,2026-03-15 10:00:00,1,1,transaction_burst,1
9453,80,217,73809.31,2026-03-15 10:00:00,1,1,transaction_burst,1
9483,132,211,80591.71,2026-03-15 10:00:00,1,1,behavioral_deviation,1
9441,55,485,95794.13,2026-03-15 10:00:00,1,1,rapid_movement,1
9409,19,421,96532.52,2026-03-15 10:00:00,1,1,transaction_burst,1
9419,30,947,69017.97,2026-03-15 10:00:00,1,1,rapid_movement,1
9435,49,893,61878.46,2026-03-15 10:00:00,1,1,rapid_movement,1
9491,151,761,71447.23,2026-03-15 10:00:00,1,1,transaction_burst,1
9425,40,463,60025.75,2026-03-15 10:00:00,1,1,rapid_movement,1
9449,73,94,83372.77,2026-03-15 10:00:00,1,1,beneficiary_anomaly,1
9405,12,952,88234.74,2026-03-15 10:00:00,1,1,behavioral_deviation,0
9451,78,408,82907.47,2026-03-15 10:00:00,1,1,rapid_movement,1
9477,116,129,61645.27,2026-03-15 10:00:00,1,1,beneficiary_anomaly,0
9401,7,88,88163.11,2026-03-15 10:00:00,1,1,transaction_burst,1
9407,14,587,88848.08,2026-03-15 10:00:00,1,1,transaction_burst,1
9479,117,763,68315.5,2026-03-15 10:00:00,1,1,transaction_burst,1
9447,64,322,78860.02,2026-03-15 10:00:00,1,1,transaction_burst,1
9467,102,784,88706.84,2026-03-15 10:00:00,1,1,rapid_movement,1
9471,105,781,89658.0,2026-03-15 10:00:00,1,1,transaction_burst,1
9399,6,745,66643.97,2026-03-15 10:00:00,1,1,behavioral_deviation,1
9473,106,303,60002.49,2026-03-15 10:00:00,1,1,rapid_movement,0
9455,81,393,76643.39,2026-03-15 10:00:00,1,1,rapid_movement,1
9411,21,108,63828.32,2026-03-15 10:00:00,1,1,transaction_burst,1
9423,32,147,68923.73,2026-03-15 10:00:00,1,1,behavioral_deviation,0
9463,100,780,75851.5,2026-03-15 10:00:00,1,1,behavioral_deviation,1
9421,31,162,67940.81,2026-03-15 10:00:00,1,1,rapid_movement,1
9417,25,873,97291.63,2026-03-15 10:00:00,1,1,transaction_burst,1
9445,61,4,86705.47,2026-03-15 10:00:00,1,1,rapid_movement,1
9439,54,111,62377.73,2026-03-15 10:00:00,1,1,rapid_movement,1
9429,43,943,66996.42,2026-03-15 10:00:00,1,1,rapid_movement,1
9481,118,187,74252.29,2026-03-15 10:00:00,1,1,rapid_movement,0
9443,56,205,76435.33,2026-03-15 10:00:00,1,1,transaction_burst,1
9475,110,292,60471.88,2026-03-15 10:00:00,1,1,beneficiary_anomaly,1
9469,104,861,90514.72,2026-03-15 10:00:00,1,1,behavioral_deviation,1
9459,87,386,61891.21,2026-03-15 10:00:00,1,1,rapid_movement,1
9457,83,412,85080.7,2026-03-15 10:00:00,1,1,transaction_burst,1
9415,24,203,90421.52,2026-03-15 10:00:00,1,1,beneficiary_anomaly,1
9487,139,7,90540.3,2026-03-15 10:00:00,1,1,transaction_burst,1
9431,45,818,63081.29,2026-03-15 10:00:00,1,1,transaction_burst,1
9437,53,944,93433.06,2026-03-15 10:00:00,1,1,transaction_burst,1
9413,23,306,86251.98,2026-03-15 10:00:00,1,1,behavioral_deviation,1
9427,42,37,66357.61,2026-03-15 10:00:00,1,1,transaction_burst,1
9485,137,266,87855.88,2026-03-15 10:00:00,1,1,behavioral_deviation,1
9393,1,40,93180.28,2026-03-15 10:00:00,1,1,transaction_burst,1
9465,101,871,77834.54,2026-03-15 10:00:00,1,1,beneficiary_anomaly,1
9403,8,471,75005.98,2026-03-15 10:00:00,1,1,transaction_burst,1
9461,92,652,72581.1,2026-03-15 10:00:00,1,1,rapid_movement,1
565,50,524,5323.09,2026-03-15 10:02:45,0,0,normal,0
9492,761,517,68589.34,2026-03-15 10:07:00,1,1,transaction_burst,1
9422,162,442,65223.18,2026-03-15 10:07:00,1,1,rapid_movement,0
9404,471,302,72005.74,2026-03-15 10:07:00,1,1,transaction_burst,0
9434,573,860,73534.02,2026-03-15 10:07:00,1,1,transaction_burst,0
9486,266,776,84341.64,2026-03-15 10:07:00,1,1,behavioral_deviation,1
9412,108,686,61275.19,2026-03-15 10:07:00,1,1,transaction_burst,1
9438,944,174,89695.74,2026-03-15 10:07:00,1,1,transaction_burst,0
9484,211,337,77368.04,2026-03-15 10:07:00,1,1,behavioral_deviation,1
9442,485,47,91962.36,2026-03-15 10:07:00,1,1,rapid_movement,1
9414,306,766,82801.9,2026-03-15 10:07:00,1,1,behavioral_deviation,0
9470,861,670,86894.13,2026-03-15 10:07:00,1,1,behavioral_deviation,1
9408,587,108,85294.16,2026-03-15 10:07:00,1,1,transaction_burst,1
9436,893,925,59403.32,2026-03-15 10:07:00,1,1,rapid_movement,0
9448,322,771,75705.62,2026-03-15 10:07:00,1,1,transaction_burst,1
9440,111,465,59882.62,2026-03-15 10:07:00,1,1,rapid_movement,1
9488,7,209,86918.69,2026-03-15 10:07:00,1,1,transaction_burst,1
9410,421,795,92671.22,2026-03-15 10:07:00,1,1,transaction_burst,1
9482,187,810,71282.2,2026-03-15 10:07:00,1,1,rapid_movement,0
9416,203,458,86804.66,2026-03-15 10:07:00,1,1,beneficiary_anomaly,1
9444,205,264,73377.92,2026-03-15 10:07:00,1,1,transaction_burst,0
9418,873,526,93399.96,2026-03-15 10:07:00,1,1,transaction_burst,1
9446,4,898,83237.25,2026-03-15 10:07:00,1,1,rapid_movement,1
9480,763,607,65582.88,2026-03-15 10:07:00,1,1,transaction_burst,0
9406,952,936,84705.35,2026-03-15 10:07:00,1,1,behavioral_deviation,1
9420,947,931,66257.25,2026-03-15 10:07:00,1,1,rapid_movement,0
9450,94,696,80037.86,2026-03-15 10:07:00,1,1,beneficiary_anomaly,1
9394,40,241,89453.07,2026-03-15 10:07:00,1,1,transaction_burst,1
9472,781,208,86071.68,2026-03-15 10:07:00,1,1,transaction_burst,1
9398,906,889,88548.44,2026-03-15 10:07:00,1,1,rapid_movement,1
9452,408,171,79591.17,2026-03-15 10:07:00,1,1,rapid_movement,1
9476,292,641,58053.0,2026-03-15 10:07:00,1,1,beneficiary_anomaly,0
9400,745,763,63978.21,2026-03-15 10:07:00,1,1,behavioral_deviation,0
9474,303,297,57602.39,2026-03-15 10:07:00,1,1,rapid_movement,0
9396,64,550,90641.67,2026-03-15 10:07:00,1,1,beneficiary_anomaly,1
9402,88,271,84636.59,2026-03-15 10:07:00,1,1,transaction_burst,1
9468,784,433,85158.57,2026-03-15 10:07:00,1,1,rapid_movement,0
9428,37,792,63703.31,2026-03-15 10:07:00,1,1,transaction_burst,0
9456,393,495,73577.65,2026-03-15 10:07:00,1,1,rapid_movement,1
9454,217,926,70856.94,2026-03-15 10:07:00,1,1,transaction_burst,0
9478,129,98,59179.46,2026-03-15 10:07:00,1,1,beneficiary_anomaly,0
9432,818,355,60558.04,2026-03-15 10:07:00,1,1,transaction_burst,0
9466,871,379,74721.16,2026-03-15 10:07:00,1,1,beneficiary_anomaly,1
9460,386,479,59415.56,2026-03-15 10:07:00,1,1,rapid_movement,0
9462,652,266,69677.86,2026-03-15 10:07:00,1,1,rapid_movement,0
9430,943,275,64316.56,2026-03-15 10:07:00,1,1,rapid_movement,0
9424,147,333,66166.78,2026-03-15 10:07:00,1,1,behavioral_deviation,0
9464,780,733,72817.44,2026-03-15 10:07:00,1,1,behavioral_deviation,1
9490,983,507,95516.36,2026-03-15 10:07:00,1,1,behavioral_deviation,1
9458,412,690,81677.47,2026-03-15 10:07:00,1,1,transaction_burst,1
9426,463,513,57624.72,2026-03-15 10:07:00,1,1,rapid_movement,1
4386,463,485,8502.25,2026-03-15 10:17:35,0,1,behavioral_deviation,1
6321,668,73,17539.99,2026-03-15 10:38:31,0,0,behavioral_deviation,1
946,89,555,3025.13,2026-03-15 10:42:26,0,1,normal,0
9238,985,503,359.7,2026-03-15 10:44:20,0,0,normal,0
5653,602,688,12867.28,2026-03-15 10:48:46,0,0,transaction_burst,1
591,53,325,16740.45,2026-03-15 10:51:59,1,1,transaction_burst,1
1039,103,139,1959.88,2026-03-15 11:06:27,0,0,normal,0
885,83,415,16388.97,2026-03-15 12:27:05,0,0,transaction_burst,1
6861,728,567,2003.39,2026-03-15 12:39:05,0,0,normal,0
8863,942,693,14071.94,2026-03-15 13:25:23,1,0,transaction_burst,1
8533,909,819,3549.53,2026-03-15 14:20:44,0,0,normal,0
8184,868,521,16717.44,2026-03-15 14:25:05,0,0,transaction_burst,1
2102,224,355,17709.98,2026-03-15 14:44:19,0,1,behavioral_deviation,0
1710,183,478,362.19,2026-03-15 14:52:00,0,0,normal,0
4810,513,701,1976.27,2026-03-15 15:52:47,0,0,normal,0
2668,288,467,3491.61,2026-03-15 16:08:53,0,0,normal,0
4109,432,715,2524.91,2026-03-15 16:13:39,0,0,transaction_burst,1
3077,327,143,17701.62,2026-03-15 16:40:49,0,0,transaction_burst,1
792,74,551,493.41,2026-03-15 16:52:49,0,0,normal,0
5718,608,71,2867.74,2026-03-15 17:01:44,0,0,normal,0
8013,851,430,2147.79,2026-03-15 17:05:00,0,1,normal,0
9036,962,925,3089.45,2026-03-15 17:22:01,0,0,normal,0
2494,266,938,2259.58,2026-03-15 17:35:01,0,0,normal,1
2829,299,146,11303.6,2026-03-15 17:37:28,0,0,transaction_burst,1
7530,797,231,3351.82,2026-03-15 17:41:24,0,0,normal,0
2519,269,313,1804.61,2026-03-15 17:42:41,0,0,normal,0
778,73,225,22762.29,2026-03-15 18:26:02,0,1,beneficiary_anomaly,1
6972,741,40,1122.02,2026-03-15 18:42:49,0,0,normal,0
7923,842,219,20965.15,2026-03-15 18:44:13,0,0,transaction_burst,0
9153,978,422,3617.2,2026-03-15 18:44:58,0,0,normal,0
4635,497,777,3531.88,2026-03-15 18:53:57,0,0,normal,0
8399,894,187,4025.5,2026-03-15 19:02:12,0,0,normal,0
538,47,442,4078.64,2026-03-15 19:03:23,0,0,normal,0
4074,430,73,100.0,2026-03-15 19:14:25,0,0,transaction_burst,0
3539,375,143,2317.0,2026-03-15 19:18:37,0,0,normal,0
7716,819,273,27725.03,2026-03-15 19:21:42,0,0,high_value,0
3985,424,507,5752.13,2026-03-15 19:27:14,0,0,normal,0
9010,959,7,4363.62,2026-03-15 19:31:44,0,0,normal,0
9117,971,290,2823.62,2026-03-15 19:43:25,0,1,normal,0
2086,222,984,1762.78,2026-03-15 20:05:35,0,0,normal,0
3007,323,370,4135.31,2026-03-15 20:18:08,0,0,normal,0
3256,346,866,9850.02,2026-03-15 20:50:03,0,0,transaction_burst,1
739,67,475,42922.11,2026-03-15 22:10:44,0,1,high_value,1
2644,285,997,68260.12,2026-03-15 22:43:38,0,0,high_value,0
8967,956,70,6523.72,2026-03-15 23:29:32,0,0,beneficiary_anomaly,0
3913,417,767,3833.31,2026-03-15 23:41:52,0,0,normal,0
3665,391,259,31951.12,2026-03-15 23:41:59,0,1,high_value,0
234,19,785,13944.54,2026-03-16 00:10:55,0,1,transaction_burst,1
3316,356,215,4479.36,2026-03-16 00:33:26,0,0,normal,0
7777,825,885,18646.49,2026-03-16 01:26:48,0,0,transaction_burst,1
32,3,861,10846.34,2026-03-16 01:33:49,0,0,beneficiary_anomaly,1
2804,299,861,9719.76,2026-03-16 01:35:03,0,0,transaction_burst,1
9367,996,663,2600.94,2026-03-16 01:36:25,0,0,normal,0
7652,811,532,5348.2,2026-03-16 02:00:51,0,0,normal,0
8879,943,816,3679.82,2026-03-16 02:06:37,0,0,normal,0
9,1,133,16020.48,2026-03-16 02:12:04,0,1,transaction_burst,1
549,48,120,3895.42,2026-03-16 03:41:04,0,0,normal,0
8099,862,804,25409.4,2026-03-16 04:04:24,1,0,rapid_movement,1
6477,689,451,4256.46,2026-03-16 04:07:44,0,1,transaction_burst,1
3517,373,615,3026.56,2026-03-16 04:17:15,0,0,normal,0
7754,824,720,45357.97,2026-03-16 04:23:08,1,0,rapid_movement,1
3922,417,740,1992.13,2026-03-16 05:01:11,0,0,normal,0
6081,642,714,2339.06,2026-03-16 05:13:05,0,0,transaction_burst,0
8854,942,257,12211.67,2026-03-16 05:13:47,0,1,transaction_burst,1
305,25,888,13378.8,2026-03-16 05:59:44,0,1,transaction_burst,1
4997,533,299,1859.37,2026-03-16 06:16:56,0,0,normal,0
7250,774,357,3540.69,2026-03-16 06:46:07,0,0,transaction_burst,1
2257,241,79,16870.59,2026-03-16 07:01:51,1,0,transaction_burst,1
7190,765,848,20713.34,2026-03-16 07:24:44,0,0,beneficiary_anomaly,0
3980,424,500,3562.94,2026-03-16 07:57:15,0,0,normal,0
5949,631,375,17244.96,2026-03-16 08:21:45,0,1,beneficiary_anomaly,0
4933,528,163,22327.79,2026-03-16 08:25:05,0,0,behavioral_deviation,0
2758,295,353,14012.78,2026-03-16 08:33:41,0,1,transaction_burst,1
82,7,944,11854.22,2026-03-16 08:41:13,0,0,transaction_burst,1
3694,395,967,3608.7,2026-03-16 08:47:38,0,0,normal,0
3418,365,170,32351.46,2026-03-16 08:52:23,1,0,rapid_movement,1
3654,390,328,32308.66,2026-03-16 09:21:51,0,1,beneficiary_anomaly,0
8344,889,499,2415.39,2026-03-16 09:24:18,0,0,normal,0
4571,491,990,26481.24,2026-03-16 09:30:53,0,0,rapid_movement,1
6035,639,917,12577.45,2026-03-16 09:47:39,0,0,transaction_burst,0
7474,791,300,2544.77,2026-03-16 09:51:00,0,0,normal,0
2601,280,861,3657.78,2026-03-16 10:28:09,1,0,beneficiary_anomaly,1
5055,540,667,17419.84,2026-03-16 10:37:02,0,0,transaction_burst,1
955,90,560,2842.52,2026-03-16 11:09:24,0,0,normal,0
45,4,476,31920.15,2026-03-16 11:25:34,1,0,rapid_movement,1
4948,529,295,18125.74,2026-03-16 11:30:40,0,0,transaction_burst,0
8624,917,803,2591.03,2026-03-16 12:08:47,0,0,normal,0
741,67,677,38523.56,2026-03-16 12:10:32,0,0,high_value,1
7183,764,877,4216.65,2026-03-16 12:12:53,0,0,normal,0
3666,391,775,47632.02,2026-03-16 12:15:46,0,0,high_value,0
2652,286,27,2757.01,2026-03-16 12:39:39,0,0,normal,0
3732,398,831,3215.06,2026-03-16 12:41:06,0,0,normal,0
40,4,51,21209.55,2026-03-16 12:43:56,0,0,rapid_movement,1
219,19,450,10962.77,2026-03-16 12:47:52,1,0,transaction_burst,1
3383,360,414,69897.69,2026-03-16 12:53:07,0,0,high_value,0
4515,483,481,52906.73,2026-03-16 12:55:49,0,0,high_value,0
6444,685,591,40698.39,2026-03-16 13:26:54,0,0,high_value,0
9381,999,186,34383.55,2026-03-16 13:39:22,0,1,behavioral_deviation,0
6110,643,647,2080.61,2026-03-16 14:02:16,0,0,normal,0
7186,764,332,2247.79,2026-03-16 14:12:20,0,1,normal,0
7565,800,107,18877.05,2026-03-16 14:20:42,1,1,rapid_movement,1
8582,912,238,7061.17,2026-03-16 14:37:05,0,1,beneficiary_anomaly,0
2705,291,307,10442.9,2026-03-16 14:54:28,0,0,transaction_burst,1
7785,825,989,28906.4,2026-03-16 15:25:27,0,0,transaction_burst,1
5646,602,622,13863.01,2026-03-16 16:16:20,0,0,transaction_burst,1
7374,783,395,2512.09,2026-03-16 16:19:14,0,0,normal,0
3535,375,903,7034.41,2026-03-16 16:19:54,0,0,normal,0
5060,540,34,7713.07,2026-03-16 16:28:52,0,0,transaction_burst,1
5327,567,462,22951.13,2026-03-16 17:08:07,1,1,transaction_burst,1
3078,327,121,20274.36,2026-03-16 17:14:42,1,0,transaction_burst,1
6087,642,317,20658.61,2026-03-16 17:18:41,0,1,transaction_burst,0
1653,177,880,2511.26,2026-03-16 17:22:42,0,0,normal,0
3202,343,862,12098.66,2026-03-16 17:36:53,0,0,transaction_burst,1
8341,888,107,1203.55,2026-03-16 17:52:11,0,0,normal,0
42,4,272,40009.66,2026-03-16 18:06:37,1,0,rapid_movement,1
5407,574,466,13189.22,2026-03-16 19:19:27,1,0,transaction_burst,1
536,46,935,8083.22,2026-03-16 19:26:45,0,0,transaction_burst,1
3527,374,279,669.69,2026-03-16 19:34:06,0,0,normal,0
8599,914,41,24406.41,2026-03-16 20:00:27,0,0,behavioral_deviation,1
6643,708,345,4566.46,2026-03-16 20:15:45,0,1,transaction_burst,1
8134,863,915,15606.69,2026-03-16 20:15:47,0,0,transaction_burst,1
1095,108,720,2938.88,2026-03-16 20:23:24,0,0,normal,1
6124,645,899,73304.15,2026-03-16 20:46:08,0,0,high_value,0
2376,254,303,3619.99,2026-03-16 20:48:21,0,0,normal,0
8577,912,827,13136.26,2026-03-16 21:15:38,0,0,beneficiary_anomaly,0
3483,371,194,4227.91,2026-03-16 21:15:57,0,0,transaction_burst,1
7995,848,131,48097.07,2026-03-16 21:16:17,0,0,rapid_movement,1
7496,793,745,4380.9,2026-03-16 21:33:01,0,1,normal,0
7262,774,981,18451.96,2026-03-16 21:33:01,0,1,transaction_burst,1
115,8,360,9453.22,2026-03-16 21:48:23,1,1,transaction_burst,1
567,50,513,2925.14,2026-03-16 22:17:39,0,0,normal,0
3161,339,685,2591.64,2026-03-16 22:41:05,0,0,normal,0
9247,987,723,3985.4,2026-03-16 22:55:51,0,0,normal,0
6085,642,411,8377.49,2026-03-16 23:01:05,0,0,transaction_burst,0
8521,907,882,1497.47,2026-03-16 23:16:26,0,0,normal,0
2496,266,519,2966.55,2026-03-16 23:47:58,0,0,normal,1
5330,567,375,17509.91,2026-03-16 23:50:49,1,0,transaction_burst,1
4474,476,728,2141.32,2026-03-16 23:51:05,0,0,normal,0
5753,613,805,29715.22,2026-03-17 00:15:21,1,0,behavioral_deviation,1
5927,630,302,7942.34,2026-03-17 00:19:50,1,0,transaction_burst,1
7698,817,47,18394.34,2026-03-17 00:22:13,0,0,beneficiary_anomaly,0
1947,208,234,23164.46,2026-03-17 00:25:18,1,0,rapid_movement,1
1774,189,245,26436.49,2026-03-17 00:32:01,1,0,rapid_movement,1
8753,934,709,5167.25,2026-03-17 00:36:53,0,0,transaction_burst,1
4898,523,762,2007.05,2026-03-17 00:46:45,0,0,normal,0
8342,888,790,2997.16,2026-03-17 00:53:42,0,0,normal,0
9092,967,1,38639.98,2026-03-17 01:01:34,1,0,behavioral_deviation,1
1602,170,777,23139.49,2026-03-17 01:32:08,0,0,behavioral_deviation,0
7089,752,517,1782.43,2026-03-17 01:50:45,0,0,normal,0
9279,990,930,24002.13,2026-03-17 01:51:58,1,0,transaction_burst,1
7919,841,294,3012.42,2026-03-17 02:03:41,0,0,normal,1
8496,904,679,5100.91,2026-03-17 02:20:47,0,0,normal,0
493,45,800,12279.08,2026-03-17 02:37:54,0,1,transaction_burst,1
3757,402,361,12242.66,2026-03-17 02:45:05,0,1,beneficiary_anomaly,0
9243,986,990,100.0,2026-03-17 02:55:43,0,1,beneficiary_anomaly,0
6145,649,13,23259.48,2026-03-17 03:09:09,0,0,rapid_movement,1
8751,934,901,10786.07,2026-03-17 03:11:10,0,0,transaction_burst,1
2960,318,533,35962.39,2026-03-17 03:19:28,1,0,rapid_movement,1
1418,151,344,17436.06,2026-03-17 03:32:09,0,0,transaction_burst,1
8413,895,92,17146.97,2026-03-17 03:36:42,0,0,transaction_burst,1
6341,671,169,3216.82,2026-03-17 03:43:59,0,0,normal,0
2518,269,922,2549.4,2026-03-17 03:48:15,0,0,normal,0
5482,582,407,3473.29,2026-03-17 04:14:47,0,0,normal,0
2465,263,692,6054.44,2026-03-17 04:41:05,0,0,normal,0
6122,644,445,100.0,2026-03-17 04:51:59,0,0,normal,0
4295,452,87,25644.81,2026-03-17 04:53:51,0,0,beneficiary_anomaly,0
954,90,834,2478.85,2026-03-17 04:56:33,0,0,normal,0
8321,885,164,2715.39,2026-03-17 05:05:44,0,0,normal,0
886,83,608,2488.47,2026-03-17 05:15:07,1,0,transaction_burst,1
6821,723,760,100.0,2026-03-17 05:21:25,0,0,normal,0
1574,168,247,2388.06,2026-03-17 06:05:52,0,0,transaction_burst,1
5939,630,979,9826.09,2026-03-17 06:11:39,1,0,transaction_burst,1
6588,704,942,19949.28,2026-03-17 06:34:12,0,0,beneficiary_anomaly,0
1414,151,190,5258.27,2026-03-17 07:08:59,0,0,transaction_burst,1
2046,217,597,3830.79,2026-03-17 07:18:40,0,0,normal,0
1409,151,340,15273.98,2026-03-17 07:30:11,0,0,transaction_burst,1
7564,800,557,33433.93,2026-03-17 07:35:16,1,0,rapid_movement,1
8568,911,942,5619.49,2026-03-17 07:39:35,1,0,transaction_burst,0
7000,745,791,1035.14,2026-03-17 08:13:28,0,0,normal,0
314,25,4,9771.49,2026-03-17 08:28:02,0,1,transaction_burst,1
548,47,526,1406.93,2026-03-17 08:33:17,0,0,normal,0
6508,690,888,3026.16,2026-03-17 08:36:31,0,0,normal,0
4777,511,745,3412.98,2026-03-17 08:38:54,0,0,normal,0
6247,662,412,23236.64,2026-03-17 08:41:07,0,0,beneficiary_anomaly,0
5814,620,316,5655.5,2026-03-17 08:46:26,0,0,normal,0
6886,731,599,1775.9,2026-03-17 09:12:06,0,0,normal,0
1507,160,498,13128.73,2026-03-17 09:44:56,0,0,transaction_burst,1
3715,397,750,16771.34,2026-03-17 09:53:01,0,0,transaction_burst,1
8518,906,144,51234.13,2026-03-17 10:07:38,1,0,rapid_movement,1
7420,787,555,10805.16,2026-03-17 10:10:53,0,0,transaction_burst,1
1193,119,375,4060.56,2026-03-17 10:28:26,0,0,normal,0
3255,346,838,14934.57,2026-03-17 10:31:02,0,1,transaction_burst,1
2461,263,606,2363.34,2026-03-17 10:33:56,0,0,normal,0
4986,532,562,30072.69,2026-03-17 10:38:23,0,1,rapid_movement,1
3853,409,968,5809.3,2026-03-17 11:00:06,0,0,normal,0
2050,218,720,2146.63,2026-03-17 11:10:01,0,0,normal,0
4245,445,461,4862.89,2026-03-17 11:33:54,0,0,normal,0
7126,758,219,43955.53,2026-03-17 11:46:19,0,0,behavioral_deviation,0
1542,167,479,8848.16,2026-03-17 11:48:31,1,0,transaction_burst,1
3863,411,208,32551.74,2026-03-17 11:50:48,1,0,rapid_movement,1
3809,406,603,18066.46,2026-03-17 11:54:07,0,1,beneficiary_anomaly,0
8759,934,157,13705.17,2026-03-17 11:57:08,1,0,transaction_burst,1
5299,565,776,40704.29,2026-03-17 12:56:00,0,0,high_value,0
7125,757,995,3672.17,2026-03-17 12:56:07,0,0,normal,0
7284,776,352,24109.58,2026-03-17 13:09:47,0,1,beneficiary_anomaly,1
4495,479,334,43510.25,2026-03-17 14:17:04,0,0,high_value,1
7172,763,827,3527.43,2026-03-17 14:33:21,0,0,normal,0
3921,417,968,4754.11,2026-03-17 14:50:52,0,0,normal,0
3840,408,430,9552.34,2026-03-17 14:58:39,0,0,transaction_burst,1
8259,876,991,15733.79,2026-03-17 15:24:26,1,1,beneficiary_anomaly,1
5485,582,588,2780.18,2026-03-17 15:36:38,0,1,normal,0
7311,779,30,12216.69,2026-03-17 15:41:09,1,0,transaction_burst,0
1788,192,361,1383.0,2026-03-17 15:59:32,0,0,normal,0
4940,529,883,17102.2,2026-03-17 16:13:50,0,0,transaction_burst,0
7638,809,290,1508.93,2026-03-17 16:19:41,0,0,normal,0
8873,942,751,21091.45,2026-03-17 16:38:33,1,0,transaction_burst,1
1994,213,887,3083.96,2026-03-17 17:02:32,0,0,normal,0
3005,323,895,3188.97,2026-03-17 17:23:45,0,1,normal,0
7803,828,323,100.0,2026-03-17 17:29:13,0,0,normal,0
6068,641,472,42508.64,2026-03-17 18:04:38,1,0,rapid_movement,1
4060,429,658,762.92,2026-03-17 18:12:32,0,0,normal,0
3451,368,862,37308.48,2026-03-17 18:17:41,0,0,rapid_movement,1
6378,674,31,47249.94,2026-03-17 18:27:47,0,1,rapid_movement,1
3747,400,284,361.54,2026-03-17 18:53:06,0,0,normal,0
7202,766,984,100.0,2026-03-17 19:04:03,0,0,normal,0
5389,572,231,8845.77,2026-03-17 19:30:09,0,1,transaction_burst,1
8893,945,35,1765.81,2026-03-17 19:35:12,0,0,normal,0
4652,500,553,3846.57,2026-03-17 20:07:44,0,0,normal,0
8392,893,267,2689.68,2026-03-17 20:30:46,0,0,normal,0
7153,761,965,41896.48,2026-03-17 21:03:59,0,0,rapid_movement,1
1154,116,864,2165.98,2026-03-17 21:20:44,0,0,beneficiary_anomaly,0
962,92,348,45600.79,2026-03-17 21:48:08,0,1,rapid_movement,1
6333,669,589,5727.68,2026-03-17 21:56:57,0,0,normal,0
4686,504,772,3313.64,2026-03-17 22:02:32,0,0,normal,0
6711,713,733,8011.36,2026-03-17 22:04:46,0,0,transaction_burst,1
3237,345,400,13446.0,2026-03-17 22:05:14,0,0,transaction_burst,0
6565,701,123,4845.37,2026-03-17 22:34:00,0,1,normal,0
3843,408,717,9295.29,2026-03-17 22:43:08,0,1,transaction_burst,1
8126,863,66,21551.05,2026-03-17 23:06:37,1,1,transaction_burst,1
6275,664,167,5188.7,2026-03-17 23:17:17,0,0,normal,0
7558,800,237,25827.5,2026-03-17 23:17:53,1,0,rapid_movement,1
4098,431,290,42520.94,2026-03-17 23:55:26,1,0,behavioral_deviation,0
9170,981,123,56976.76,2026-03-18 00:00:44,1,1,behavioral_deviation,1
4199,440,694,43561.64,2026-03-18 00:02:02,0,0,high_value,0
4923,528,784,10338.41,2026-03-18 00:40:30,0,0,behavioral_deviation,0
3491,371,645,19524.84,2026-03-18 00:41:47,0,0,transaction_burst,1
198,16,447,1195.96,2026-03-18 00:50:48,0,0,normal,0
2328,248,119,3007.0,2026-03-18 01:00:28,0,0,normal,0
1074,105,722,15071.38,2026-03-18 01:01:57,0,0,transaction_burst,1
1681,179,213,25380.07,2026-03-18 01:04:43,1,1,beneficiary_anomaly,1
2392,256,417,23464.66,2026-03-18 01:05:38,0,0,rapid_movement,1
8773,935,398,5802.24,2026-03-18 01:11:56,0,0,transaction_burst,1
1177,117,360,10620.0,2026-03-18 01:29:42,0,0,transaction_burst,1
4248,445,840,3765.25,2026-03-18 01:33:18,0,0,normal,0
6436,684,238,2857.72,2026-03-18 01:45:16,0,0,normal,0
1118,111,715,1938.72,2026-03-18 01:47:49,0,0,normal,1
5630,602,982,4214.38,2026-03-18 02:06:31,0,0,transaction_burst,1
8004,850,113,23103.29,2026-03-18 02:26:49,0,0,behavioral_deviation,0
9321,992,424,11317.03,2026-03-18 02:28:34,1,0,transaction_burst,1
600,53,396,7175.1,2026-03-18 02:50:44,0,0,transaction_burst,1
7764,825,945,14955.75,2026-03-18 02:55:15,0,0,transaction_burst,1
1250,129,604,4009.48,2026-03-18 03:06:29,0,0,normal,0
8571,911,328,15590.93,2026-03-18 03:44:00,0,0,transaction_burst,0
3514,372,40,2741.78,2026-03-18 04:00:57,0,0,normal,0
5139,547,830,3152.2,2026-03-18 04:09:06,0,0,normal,0
2244,241,131,6622.64,2026-03-18 04:12:55,1,0,transaction_burst,1
5883,626,824,3878.47,2026-03-18 04:13:24,0,0,normal,0
1299,137,861,38440.17,2026-03-18 04:14:39,0,1,behavioral_deviation,1
65,7,963,6207.89,2026-03-18 04:30:09,0,1,transaction_burst,1
2381,255,533,6392.05,2026-03-18 05:00:30,0,0,normal,0
8716,930,187,44103.03,2026-03-18 05:03:47,0,0,rapid_movement,1
769,72,322,5965.46,2026-03-18 05:11:12,0,0,normal,0
8625,917,781,3254.15,2026-03-18 05:18:05,0,0,normal,0
7617,806,344,463.66,2026-03-18 05:23:01,0,0,normal,0
7658,813,481,100.0,2026-03-18 06:03:48,1,0,behavioral_deviation,1
4040,428,2,2835.64,2026-03-18 06:23:44,1,0,transaction_burst,1
3331,357,575,22248.08,2026-03-18 06:25:42,0,0,transaction_burst,1
4574,491,221,41789.44,2026-03-18 07:04:17,0,0,rapid_movement,1
1457,156,257,30511.87,2026-03-18 07:15:22,0,0,rapid_movement,1
8220,871,684,57384.63,2026-03-18 07:24:52,1,0,rapid_movement,1
7070,750,286,4907.32,2026-03-18 07:27:35,0,0,transaction_burst,1
2416,259,740,2500.49,2026-03-18 07:31:25,0,0,normal,0
5655,603,939,10512.58,2026-03-18 07:58:50,0,1,beneficiary_anomaly,0
2790,298,609,100.0,2026-03-18 08:01:09,0,0,transaction_burst,1
715,64,173,17451.52,2026-03-18 08:10:07,1,0,transaction_burst,1
5207,553,990,3706.28,2026-03-18 08:39:07,0,0,normal,0
293,24,802,16059.05,2026-03-18 09:12:00,1,0,beneficiary_anomaly,1
4224,443,210,47013.2,2026-03-18 09:28:13,1,0,rapid_movement,1
3403,363,968,1388.24,2026-03-18 09:40:06,0,0,normal,0
212,19,393,16421.02,2026-03-18 09:40:37,0,1,transaction_burst,1
431,40,235,35621.99,2026-03-18 10:00:03,1,1,rapid_movement,1
4149,434,579,27282.47,2026-03-18 10:10:06,0,0,transaction_burst,0
2022,215,190,32074.05,2026-03-18 10:21:33,1,0,rapid_movement,1
7975,846,536,12411.66,2026-03-18 10:48:36,0,1,beneficiary_anomaly,1
4967,530,758,5607.42,2026-03-18 11:10:18,0,0,normal,0
5225,557,817,890.95,2026-03-18 11:16:38,0,0,normal,0
4646,500,743,1826.17,2026-03-18 11:21:06,0,0,normal,0
2669,288,998,1513.39,2026-03-18 11:22:20,0,1,normal,0
6151,649,321,45842.99,2026-03-18 11:27:53,1,0,rapid_movement,1
8554,911,780,4953.74,2026-03-18 11:44:30,0,0,transaction_burst,0
3703,396,531,2634.23,2026-03-18 12:12:06,0,0,normal,0
8643,921,117,1372.91,2026-03-18 12:17:40,0,0,normal,0
6219,657,358,19816.1,2026-03-18 12:32:30,0,1,beneficiary_anomaly,0
9330,992,766,8551.29,2026-03-18 12:36:34,1,0,transaction_burst,1
203,17,146,38210.35,2026-03-18 12:43:50,0,0,high_value,0
7380,784,11,49197.95,2026-03-18 12:44:38,0,1,high_value,0
642,56,466,4032.4,2026-03-18 13:27:09,1,0,transaction_burst,1
9236,985,524,2826.71,2026-03-18 13:32:15,0,0,normal,0
63,7,673,13018.24,2026-03-18 13:33:42,0,0,transaction_burst,1
5291,563,760,9597.59,2026-03-18 13:36:42,1,0,transaction_burst,1
4943,529,824,21455.84,2026-03-18 13:58:26,0,0,transaction_burst,0
9391,1000,908,4251.78,2026-03-18 14:12:35,0,0,normal,0
4086,430,398,11454.61,2026-03-18 14:23:46,0,0,transaction_burst,0
7854,836,215,56330.62,2026-03-18 14:33:39,0,0,high_value,0
9294,990,745,10546.0,2026-03-18 15:00:12,1,0,transaction_burst,1
8767,934,409,13359.78,2026-03-18 15:13:58,0,0,transaction_burst,1
5477,580,495,1025.77,2026-03-18 15:34:08,0,0,normal,0
1918,204,717,3523.08,2026-03-18 15:41:07,0,0,normal,0
6300,667,799,4216.54,2026-03-18 16:04:21,1,0,transaction_burst,1
6754,716,58,3002.62,2026-03-18 16:23:33,0,0,normal,0
6599,705,838,2075.22,2026-03-18 16:50:05,0,0,normal,0
6313,667,850,21775.28,2026-03-18 17:11:22,0,1,transaction_burst,1
6296,667,597,11052.75,2026-03-18 17:13:19,0,0,transaction_burst,1
4067,430,673,5829.78,2026-03-18 17:18:16,1,0,transaction_burst,0
8039,854,468,9822.99,2026-03-18 17:43:32,0,0,beneficiary_anomaly,0
3543,376,220,2384.14,2026-03-18 17:46:13,0,0,normal,0
6163,651,889,3840.62,2026-03-18 18:16:41,0,0,normal,0
6206,655,610,12267.04,2026-03-18 18:44:28,0,1,beneficiary_anomaly,0
4704,506,462,20710.0,2026-03-18 18:55:43,0,0,transaction_burst,1
9384,999,811,14400.12,2026-03-18 19:20:05,0,0,behavioral_deviation,0
7082,752,791,1585.96,2026-03-18 19:24:29,0,0,normal,0
5504,584,63,2501.15,2026-03-18 19:33:13,0,0,normal,0
4211,441,884,5216.07,2026-03-18 19:46:42,0,1,beneficiary_anomaly,0
7663,813,611,13826.16,2026-03-18 19:53:49,0,1,behavioral_deviation,1
161,13,39,43229.23,2026-03-18 19:54:50,0,0,high_value,0
4514,482,258,3257.73,2026-03-18 20:01:10,0,0,normal,0
5197,552,402,3191.56,2026-03-18 20:07:08,0,0,normal,0
8725,931,168,1594.86,2026-03-18 20:33:40,0,0,normal,0
4079,430,676,6491.38,2026-03-18 20:53:08,0,0,transaction_burst,0
596,53,443,11667.28,2026-03-18 21:29:12,1,0,transaction_burst,1
4438,471,504,2174.52,2026-03-18 21:43:02,0,0,normal,0
6645,708,20,23192.28,2026-03-18 21:46:04,0,0,transaction_burst,1
3390,361,99,20277.05,2026-03-18 22:07:16,0,1,behavioral_deviation,0
7502,794,230,921.28,2026-03-18 23:19:58,0,0,normal,0
5119,545,10,100.0,2026-03-18 23:41:53,0,0,normal,0
2274,242,893,17066.85,2026-03-18 23:44:34,0,0,transaction_burst,1
3274,347,719,28864.88,2026-03-18 23:47:36,1,0,behavioral_deviation,1
3942,418,125,14548.79,2026-03-18 23:47:44,0,0,transaction_burst,1
1660,178,153,100.0,2026-03-19 00:11:16,1,0,behavioral_deviation,1
9053,963,563,3819.84,2026-03-19 00:18:48,0,0,normal,0
6517,691,4,5009.34,2026-03-19 00:29:13,0,0,normal,0
622,55,250,32364.87,2026-03-19 00:46:48,1,0,rapid_movement,1
3518,373,437,3134.98,2026-03-19 00:54:40,0,0,normal,0
9075,966,768,3207.25,2026-03-19 01:10:20,0,0,normal,0
5203,553,424,3615.54,2026-03-19 01:28:55,0,0,normal,0
6991,743,28,21950.98,2026-03-19 01:50:46,1,0,beneficiary_anomaly,1
5796,618,557,2244.81,2026-03-19 02:12:52,0,0,normal,0
7495,793,199,3707.55,2026-03-19 02:26:47,0,0,normal,0
4692,505,725,2960.72,2026-03-19 03:26:02,0,0,normal,0
3633,386,331,24388.37,2026-03-19 04:14:30,0,0,behavioral_deviation,0
3131,334,997,24193.88,2026-03-19 04:18:07,0,1,beneficiary_anomaly,0
8426,895,276,18554.77,2026-03-19 04:23:31,0,1,transaction_burst,1
8027,853,483,16234.72,2026-03-19 05:03:52,0,1,beneficiary_anomaly,0
6936,737,833,4166.5,2026-03-19 05:10:31,0,0,normal,0
4094,431,605,1853.0,2026-03-19 05:11:21,0,0,behavioral_deviation,0
4584,493,168,59147.76,2026-03-19 05:16:48,0,0,rapid_movement,1
1948,208,941,35454.46,2026-03-19 05:20:50,1,0,rapid_movement,1
2937,314,708,4332.7,2026-03-19 05:27:19,0,0,normal,0
6775,719,225,30902.79,2026-03-19 05:38:39,0,0,rapid_movement,1
8327,886,239,1196.2,2026-03-19 05:49:44,0,0,normal,0
428,40,554,20015.09,2026-03-19 05:52:54,0,0,rapid_movement,1
5861,623,420,32177.37,2026-03-19 05:53:15,0,1,behavioral_deviation,0
6396,678,643,4392.02,2026-03-19 06:05:40,0,0,normal,0
3886,413,427,3729.22,2026-03-19 06:46:01,0,0,normal,0
4982,531,717,47904.29,2026-03-19 06:51:16,1,0,rapid_movement,1
4073,430,19,100.0,2026-03-19 06:56:58,1,0,transaction_burst,0
6092,642,272,9148.07,2026-03-19 07:00:14,0,0,transaction_burst,0
7066,750,174,14915.96,2026-03-19 07:06:20,0,0,transaction_burst,1
2733,294,114,3628.91,2026-03-19 07:08:00,0,0,normal,0
693,61,981,33021.87,2026-03-19 07:09:54,1,0,rapid_movement,1
270,21,25,9058.67,2026-03-19 07:13:11,0,0,transaction_burst,1
3583,382,435,35125.93,2026-03-19 07:15:39,1,0,behavioral_deviation,1
322,25,878,19968.94,2026-03-19 08:25:26,1,0,transaction_burst,1
5100,543,939,100.0,2026-03-19 08:29:35,1,0,transaction_burst,1
172,14,530,6722.15,2026-03-19 09:05:57,0,0,transaction_burst,1
4867,520,455,11230.01,2026-03-19 09:31:29,0,1,transaction_burst,1
3332,357,764,18289.4,2026-03-19 09:34:04,0,0,transaction_burst,1
2966,318,982,30778.9,2026-03-19 09:43:59,0,0,rapid_movement,1
2626,282,559,2796.69,2026-03-19 10:08:40,0,0,normal,0
5594,597,581,32155.98,2026-03-19 10:26:38,0,0,rapid_movement,0
3069,327,912,18823.1,2026-03-19 10:29:37,0,1,transaction_burst,1
6708,713,240,17522.32,2026-03-19 11:16:23,0,0,transaction_burst,1
7921,841,456,1663.6,2026-03-19 11:34:56,0,0,normal,1
5161,549,852,11566.04,2026-03-19 11:50:50,0,1,transaction_burst,1
9166,981,632,77319.92,2026-03-19 12:07:42,0,1,behavioral_deviation,1
2146,230,698,3504.45,2026-03-19 12:42:19,0,0,normal,0
9137,974,671,25761.79,2026-03-19 12:47:03,0,1,beneficiary_anomaly,0
842,79,148,42825.01,2026-03-19 12:47:56,0,0,high_value,0
17,1,444,16191.4,2026-03-19 13:04:08,0,0,transaction_burst,1
878,83,256,8255.75,2026-03-19 13:16:09,0,1,transaction_burst,1
6778,719,492,30673.58,2026-03-19 14:16:33,1,0,rapid_movement,1
3846,408,172,11031.39,2026-03-19 14:29:23,0,0,transaction_burst,1
3767,403,684,15697.14,2026-03-19 14:33:18,0,0,transaction_burst,0
3667,392,358,4942.73,2026-03-19 14:45:39,0,0,normal,0
6427,682,538,4370.89,2026-03-19 15:08:03,0,0,normal,0
6989,743,491,10837.09,2026-03-19 15:09:45,1,1,beneficiary_anomaly,1
5657,604,63,63672.55,2026-03-19 15:11:11,0,0,rapid_movement,1
7004,746,115,2599.41,2026-03-19 15:40:06,0,0,normal,0
8396,894,48,2763.71,2026-03-19 16:18:14,0,0,normal,0
5583,595,228,3488.62,2026-03-19 16:44:23,0,1,normal,0
3466,370,639,32264.25,2026-03-19 17:07:01,0,0,beneficiary_anomaly,0
8542,910,516,4654.01,2026-03-19 17:09:58,0,0,normal,0
2523,270,364,3307.17,2026-03-19 17:38:16,0,0,normal,0
4322,455,878,4940.74,2026-03-19 17:55:59,0,0,normal,0
6472,688,469,29583.04,2026-03-19 18:04:12,0,1,behavioral_deviation,1
4937,529,411,4255.06,2026-03-19 18:14:29,0,1,transaction_burst,0
7467,791,657,2298.8,2026-03-19 18:18:35,0,0,normal,0
1433,152,882,14482.22,2026-03-19 18:39:47,0,1,beneficiary_anomaly,0
5104,543,910,14382.57,2026-03-19 18:40:46,0,0,transaction_burst,1
1288,135,857,54875.67,2026-03-19 19:08:20,0,0,high_value,1
9246,986,806,7696.86,2026-03-19 19:29:47,0,0,beneficiary_anomaly,0
8985,957,911,17923.99,2026-03-19 19:37:58,1,0,transaction_burst,1
2243,240,696,2728.88,2026-03-19 20:15:06,0,0,normal,0
5692,606,484,12190.23,2026-03-19 20:30:21,0,0,transaction_burst,1
6458,687,206,4640.02,2026-03-19 20:50:55,0,0,normal,0
5909,628,452,810.98,2026-03-19 20:56:02,0,0,normal,0
4887,522,72,3896.47,2026-03-19 21:07:07,0,0,normal,0
231,19,758,16635.24,2026-03-19 21:26:59,0,0,transaction_burst,1
9125,972,396,3159.25,2026-03-19 21:39:16,0,0,normal,0
469,43,730,44286.69,2026-03-19 22:14:46,0,0,rapid_movement,1
1702,182,891,18190.28,2026-03-19 22:25:03,0,1,beneficiary_anomaly,1
2439,262,779,8509.81,2026-03-19 22:32:45,0,0,transaction_burst,0
2045,217,343,4499.89,2026-03-19 23:05:45,0,0,normal,0
7135,759,576,2054.48,2026-03-19 23:24:22,0,0,normal,0
5083,543,85,100.0,2026-03-19 23:26:07,0,0,transaction_burst,1
8315,884,377,5163.92,2026-03-19 23:37:55,0,0,normal,0
6223,658,42,2198.51,2026-03-20 00:31:19,0,0,normal,0
2355,252,624,20404.08,2026-03-20 00:32:08,0,0,beneficiary_anomaly,1
7039,749,117,100.0,2026-03-20 00:58:15,0,1,transaction_burst,1
4102,432,808,15243.01,2026-03-20 01:08:30,1,0,transaction_burst,1
3336,357,152,13843.96,2026-03-20 01:14:04,0,1,transaction_burst,1
2697,291,943,13124.19,2026-03-20 01:20:00,1,0,transaction_burst,1
4092,431,106,41066.91,2026-03-20 01:35:55,0,1,behavioral_deviation,0
1199,120,898,66472.22,2026-03-20 01:38:17,0,0,high_value,0
6319,668,467,25734.79,2026-03-20 01:38:44,0,0,behavioral_deviation,1
2125,227,32,834.28,2026-03-20 01:59:43,0,0,normal,0
5781,617,85,1935.12,2026-03-20 02:08:14,1,0,rapid_movement,1
2368,253,65,3519.96,2026-03-20 02:22:40,0,0,normal,0
453,42,792,6883.84,2026-03-20 02:26:34,1,0,transaction_burst,1
4821,514,557,1067.19,2026-03-20 02:36:20,0,0,normal,1
299,24,703,2667.22,2026-03-20 02:52:00,0,1,beneficiary_anomaly,1
6619,707,35,11161.6,2026-03-20 03:21:00,0,1,transaction_burst,1
6120,644,528,100.0,2026-03-20 03:28:10,0,0,normal,0
379,31,154,27550.14,2026-03-20 03:34:49,0,0,rapid_movement,1
2655,287,478,1688.64,2026-03-20 04:04:55,0,0,normal,0
8901,948,697,11932.16,2026-03-20 04:39:55,0,1,beneficiary_anomaly,0
7888,837,542,10785.33,2026-03-20 04:50:03,1,0,transaction_burst,1
5269,563,860,18604.83,2026-03-20 04:50:51,0,0,transaction_burst,1
8467,901,202,4044.06,2026-03-20 05:05:04,0,0,normal,0
3782,403,710,7886.88,2026-03-20 05:36:08,0,0,transaction_burst,0
4784,512,601,21154.07,2026-03-20 05:42:21,1,0,transaction_burst,1
4844,518,854,29282.5,2026-03-20 05:54:38,0,0,rapid_movement,0
8954,955,572,7816.61,2026-03-20 05:55:18,1,0,behavioral_deviation,1
1143,115,939,5652.64,2026-03-20 06:29:59,0,0,normal,0
4164,436,750,2221.29,2026-03-20 06:30:02,0,0,normal,0
3375,358,281,6685.08,2026-03-20 07:01:17,0,0,transaction_burst,0
3607,383,752,14852.63,2026-03-20 07:24:59,1,0,transaction_burst,0
713,64,180,13910.16,2026-03-20 07:56:31,1,0,transaction_burst,1
845,80,615,7303.6,2026-03-20 08:09:08,0,0,transaction_burst,1
3432,367,418,4166.29,2026-03-20 08:18:57,1,1,transaction_burst,1
846,80,70,136.33,2026-03-20 09:02:33,0,0,transaction_burst,1
5046,540,636,11045.11,2026-03-20 09:02:41,0,1,transaction_burst,1
7049,750,884,12910.92,2026-03-20 09:04:34,0,0,transaction_burst,1
811,76,309,3564.11,2026-03-20 09:57:45,0,0,normal,0
1835,196,771,2876.22,2026-03-20 09:57:59,0,0,normal,1
2656,287,134,4141.82,2026-03-20 10:01:35,0,0,normal,0
4843,518,783,28595.83,2026-03-20 10:16:58,0,0,rapid_movement,0
707,63,916,38971.05,2026-03-20 10:25:50,0,0,high_value,0
8417,895,355,12055.58,2026-03-20 10:38:17,0,0,transaction_burst,1
9059,964,215,2529.55,2026-03-20 10:46:50,0,0,normal,0
7118,757,951,1344.07,2026-03-20 10:51:12,0,0,normal,0
4670,503,72,18740.16,2026-03-20 11:18:23,0,0,beneficiary_anomaly,0
1556,167,959,11046.19,2026-03-20 11:21:03,0,0,transaction_burst,1
4543,487,173,2655.73,2026-03-20 11:21:58,0,0,normal,0
659,56,680,19375.95,2026-03-20 11:22:38,1,1,transaction_burst,1
4430,469,919,4084.46,2026-03-20 11:39:15,0,0,normal,0
1970,211,261,34945.48,2026-03-20 11:40:03,1,0,rapid_movement,1
3036,325,849,12101.18,2026-03-20 12:12:24,1,1,transaction_burst,1
2363,253,762,3556.03,2026-03-20 12:16:18,0,0,normal,0
3753,402,873,7222.46,2026-03-20 12:28:38,0,0,beneficiary_anomaly,0
5250,561,747,4159.57,2026-03-20 13:19:44,0,0,normal,0
2478,265,959,23315.02,2026-03-20 13:32:58,0,1,beneficiary_anomaly,1
6301,667,609,2704.57,2026-03-20 13:42:43,0,1,transaction_burst,1
8508,905,75,100.0,2026-03-20 13:46:31,0,0,behavioral_deviation,0
2830,300,929,71471.94,2026-03-20 14:17:40,0,0,high_value,0
1517,163,15,3580.91,2026-03-20 14:39:08,0,0,normal,0
1040,103,175,3035.8,2026-03-20 14:40:40,0,0,normal,0
1252,129,20,5004.07,2026-03-20 14:55:40,0,0,normal,0
3795,405,90,30400.7,2026-03-20 15:02:50,0,1,behavioral_deviation,0
6970,741,150,4066.32,2026-03-20 15:07:03,0,0,normal,0
7611,805,26,3877.15,2026-03-20 15:10:30,0,0,normal,0
4786,512,232,11923.43,2026-03-20 15:34:28,0,1,transaction_burst,1
2734,294,328,4392.78,2026-03-20 15:52:50,0,0,normal,0
7901,839,458,2253.57,2026-03-20 15:52:56,0,0,normal,0
3394,362,319,156.28,2026-03-20 15:55:41,0,0,normal,0
7334,779,687,7036.16,2026-03-20 16:52:58,0,0,transaction_burst,0
397,34,250,4753.91,2026-03-20 17:00:52,0,0,normal,0
254,21,218,25115.18,2026-03-20 17:00:55,0,0,transaction_burst,1
3090,328,793,3205.39,2026-03-20 17:02:48,0,0,normal,0
1324,139,885,20937.83,2026-03-20 17:16:36,0,0,transaction_burst,1
7097,754,579,3931.27,2026-03-20 17:36:21,0,0,normal,0
1060,105,889,12616.14,2026-03-20 17:38:40,0,1,transaction_burst,1
6901,733,227,4993.77,2026-03-20 17:49:45,0,0,normal,0
4372,461,621,54761.84,2026-03-20 17:53:12,0,0,high_value,0
2904,310,338,3409.48,2026-03-20 18:07:24,0,0,normal,0
8454,899,573,2456.88,2026-03-20 18:09:40,0,0,normal,1
189,15,197,2295.25,2026-03-20 18:18:44,0,0,normal,0
4625,496,532,100.0,2026-03-20 18:39:49,0,0,normal,0
1845,198,557,21028.01,2026-03-20 18:52:00,0,1,beneficiary_anomaly,0
1820,194,661,11011.92,2026-03-20 19:16:33,0,1,transaction_burst,1
4588,493,17,47278.2,2026-03-20 19:50:05,0,0,rapid_movement,1
5491,582,911,5535.4,2026-03-20 20:27:14,0,0,normal,0
6905,733,792,2780.46,2026-03-20 20:53:31,0,0,normal,0
1182,117,318,22259.4,2026-03-20 21:02:39,0,0,transaction_burst,1
9362,995,411,21444.73,2026-03-20 21:30:42,0,1,beneficiary_anomaly,0
5806,619,569,1182.47,2026-03-20 21:32:00,0,0,normal,0
6996,744,51,1214.89,2026-03-20 21:39:19,0,0,normal,0
5370,572,534,6516.86,2026-03-20 22:18:45,0,0,transaction_burst,1
392,33,550,3336.43,2026-03-20 23:07:25,0,0,normal,0
7077,751,767,4788.67,2026-03-20 23:12:41,0,0,normal,0
1905,203,614,2044.1,2026-03-20 23:17:21,0,0,normal,1
4146,434,392,8865.73,2026-03-20 23:17:33,0,0,transaction_burst,0
6194,654,763,3074.03,2026-03-20 23:34:56,0,0,normal,0
6400,679,408,3676.2,2026-03-21 00:03:34,0,0,normal,0
1547,167,549,5800.06,2026-03-21 00:35:22,0,0,transaction_burst,1
7491,793,987,433.95,2026-03-21 00:45:11,0,0,normal,0
7433,787,850,14745.02,2026-03-21 00:51:24,1,0,transaction_burst,1
5780,617,139,8856.31,2026-03-21 01:04:14,1,0,rapid_movement,1
4531,485,996,4109.44,2026-03-21 01:05:24,0,0,normal,1
3930,418,867,758.08,2026-03-21 01:37:22,0,0,transaction_burst,1
7027,749,864,4116.0,2026-03-21 01:53:47,1,0,transaction_burst,1
8754,934,369,11120.55,2026-03-21 02:01:52,0,0,transaction_burst,1
3436,367,657,16763.53,2026-03-21 02:24:00,1,0,transaction_burst,1
4764,510,694,4494.0,2026-03-21 02:49:18,0,0,normal,0
1628,173,161,1096.19,2026-03-21 03:34:06,0,0,normal,0
6369,674,883,23929.78,2026-03-21 03:36:09,1,0,rapid_movement,1
7683,816,301,23191.83,2026-03-21 04:00:26,0,0,beneficiary_anomaly,0
8065,857,630,39528.99,2026-03-21 04:20:46,1,0,rapid_movement,1
8437,897,870,2829.7,2026-03-21 04:21:52,0,0,normal,0
458,42,341,9057.23,2026-03-21 04:30:15,1,1,transaction_burst,1
3154,338,642,27961.8,2026-03-21 04:52:10,0,0,rapid_movement,1
5313,567,436,14580.2,2026-03-21 05:06:17,0,0,transaction_burst,1
3367,358,46,16025.92,2026-03-21 05:27:58,1,0,transaction_burst,0
877,82,462,2174.98,2026-03-21 05:41:29,0,0,normal,0
1368,145,872,1361.2,2026-03-21 06:02:13,0,0,normal,0
7106,755,508,34167.7,2026-03-21 06:14:55,0,0,rapid_movement,1
3353,358,662,16401.69,2026-03-21 06:26:11,0,0,transaction_burst,0
2372,254,538,3042.87,2026-03-21 06:30:05,0,0,normal,0
7136,759,153,4358.28,2026-03-21 06:32:58,0,0,normal,0
2591,279,593,20046.56,2026-03-21 06:38:50,0,0,beneficiary_anomaly,0
3882,413,91,6398.93,2026-03-21 06:42:08,0,0,normal,0
3170,341,848,4557.91,2026-03-21 06:43:16,0,0,normal,0
8379,892,390,33113.0,2026-03-21 06:45:52,0,1,behavioral_deviation,0
889,83,332,4735.36,2026-03-21 06:54:31,1,0,transaction_burst,1
7069,750,491,3464.04,2026-03-21 07:14:46,0,0,transaction_burst,1
1726,185,752,3953.66,2026-03-21 07:28:18,1,0,transaction_burst,1
7418,787,420,9650.76,2026-03-21 07:30:28,1,0,transaction_burst,1
6748,715,254,21873.54,2026-03-21 07:34:37,0,0,transaction_burst,1
1577,168,6,21329.17,2026-03-21 07:52:03,1,0,transaction_burst,1
8735,932,204,4468.95,2026-03-21 07:57:34,0,0,normal,0
1916,203,120,3973.87,2026-03-21 08:03:54,0,0,normal,1
4621,495,962,10759.36,2026-03-21 08:20:00,0,0,transaction_burst,1
66,7,812,16523.13,2026-03-21 09:21:10,0,0,transaction_burst,1
2181,236,326,7573.65,2026-03-21 09:55:56,0,0,transaction_burst,1
6334,669,403,2587.15,2026-03-21 10:02:30,0,0,normal,0
5348,568,597,2661.15,2026-03-21 10:15:40,0,0,normal,0
2574,276,642,285.47,2026-03-21 10:22:33,0,0,normal,0
4373,461,962,70757.18,2026-03-21 10:27:23,0,0,high_value,0
5256,562,613,2944.28,2026-03-21 10:37:04,0,0,normal,0
720,64,157,7869.29,2026-03-21 10:49:01,0,0,transaction_burst,1
2247,241,112,12126.64,2026-03-21 10:59:19,0,0,transaction_burst,1
9078,966,946,3221.45,2026-03-21 11:12:59,0,0,normal,0
2491,266,621,932.1,2026-03-21 11:27:29,0,0,normal,1
4579,492,432,79533.32,2026-03-21 11:35:20,1,0,high_value,1
2291,242,295,10278.37,2026-03-21 11:43:56,1,0,transaction_burst,1
4486,477,321,4467.1,2026-03-21 11:45:57,0,0,normal,0
3941,418,872,10121.5,2026-03-21 11:50:34,1,0,transaction_burst,1
6285,666,74,41416.88,2026-03-21 12:02:25,0,1,rapid_movement,1
5584,595,189,100.0,2026-03-21 12:13:29,0,0,normal,0
2674,289,977,3824.96,2026-03-21 12:19:46,0,0,normal,0
8875,943,876,2437.8,2026-03-21 12:20:53,0,0,normal,0
8877,943,520,2363.01,2026-03-21 12:26:50,0,0,normal,0
7149,761,786,21821.82,2026-03-21 12:29:48,0,1,rapid_movement,1
1498,160,957,10873.75,2026-03-21 12:31:43,0,1,transaction_burst,1
5884,626,829,1518.13,2026-03-21 12:53:21,0,0,normal,0
8314,884,255,4350.86,2026-03-21 13:01:21,0,0,normal,0
1098,109,224,1675.54,2026-03-21 13:01:59,0,0,normal,0
5326,567,470,14063.76,2026-03-21 13:22:50,0,0,transaction_burst,1
8180,868,967,2907.84,2026-03-21 13:45:14,1,0,transaction_burst,1
2071,220,480,4279.76,2026-03-21 13:55:32,0,0,normal,0
5059,540,611,10308.14,2026-03-21 14:20:28,0,0,transaction_burst,1
8397,894,134,3949.32,2026-03-21 14:25:08,0,0,normal,0
614,54,154,42047.09,2026-03-21 14:40:28,0,0,rapid_movement,1
4758,509,302,4125.1,2026-03-21 14:41:15,0,0,normal,0
8583,913,865,21676.9,2026-03-21 15:04:06,0,1,beneficiary_anomaly,1
685,61,713,29330.72,2026-03-21 15:15:43,0,0,rapid_movement,1
1748,186,845,38002.99,2026-03-21 15:18:01,1,0,rapid_movement,1
5372,572,973,5980.88,2026-03-21 15:26:59,0,0,transaction_burst,1
498,45,472,14948.72,2026-03-21 15:40:44,0,1,transaction_burst,1
2974,319,262,1964.25,2026-03-21 15:57:16,0,1,normal,0
3534,375,583,6258.64,2026-03-21 15:59:47,0,0,normal,0
5205,553,114,1469.79,2026-03-21 16:22:57,0,0,normal,0
6541,696,664,2077.2,2026-03-21 16:30:01,0,0,normal,0
754,70,430,2517.7,2026-03-21 16:34:44,0,0,normal,0
7577,801,496,25523.7,2026-03-21 16:35:47,1,0,rapid_movement,1
8012,851,757,2847.3,2026-03-21 16:47:05,0,0,normal,0
8214,871,874,14879.64,2026-03-21 17:10:04,0,1,rapid_movement,1
7432,787,322,1395.32,2026-03-21 17:17:57,0,0,transaction_burst,1
1238,128,155,3832.6,2026-03-21 17:36:08,0,0,normal,1
4983,532,128,22681.02,2026-03-21 17:44:59,0,0,rapid_movement,1
2207,237,660,4909.23,2026-03-21 17:54:26,0,0,normal,0
9318,992,322,7730.64,2026-03-21 17:55:33,0,0,transaction_burst,1
3108,332,968,2704.02,2026-03-21 18:22:48,0,0,normal,0
2649,286,26,2894.68,2026-03-21 18:29:32,0,0,normal,0
729,64,981,15035.31,2026-03-21 18:37:02,0,0,transaction_burst,1
1856,199,409,2638.48,2026-03-21 18:46:55,0,0,normal,0
6169,652,152,15326.36,2026-03-21 20:06:13,0,0,beneficiary_anomaly,0
5222,557,616,5461.78,2026-03-21 20:22:33,0,0,normal,0
6397,678,751,3186.04,2026-03-21 20:46:49,0,0,normal,0
2968,318,225,36028.67,2026-03-21 20:49:31,1,0,rapid_movement,1
1034,102,639,45259.52,2026-03-21 21:03:12,0,0,rapid_movement,1
8293,881,261,2764.47,2026-03-21 21:10:19,0,0,normal,0
7128,758,407,100.0,2026-03-21 21:51:26,0,1,behavioral_deviation,0
2834,301,654,20813.96,2026-03-21 21:59:31,0,1,transaction_burst,1
2996,321,583,6888.91,2026-03-21 22:03:13,0,0,beneficiary_anomaly,0
6385,676,112,3631.81,2026-03-21 22:07:17,0,0,normal,0
7897,839,773,3720.63,2026-03-21 22:16:13,0,0,normal,0
8421,895,879,20051.05,2026-03-21 23:05:34,1,0,transaction_burst,1
3657,390,85,20089.33,2026-03-21 23:06:04,0,0,beneficiary_anomaly,0
9065,965,164,9880.41,2026-03-21 23:08:56,0,0,behavioral_deviation,1
706,63,731,56414.54,2026-03-21 23:18:18,0,0,high_value,0
1713,185,663,4792.92,2026-03-21 23:37:34,1,0,transaction_burst,1
3232,345,89,16537.55,2026-03-21 23:46:28,0,0,transaction_burst,0
4922,527,104,8425.53,2026-03-21 23:50:24,0,1,behavioral_deviation,1
926,87,184,26803.09,2026-03-22 00:04:13,0,0,rapid_movement,1
3989,424,29,3302.85,2026-03-22 00:26:43,0,0,normal,0
7889,837,892,6476.54,2026-03-22 00:33:35,0,0,transaction_burst,1
1426,151,920,13162.26,2026-03-22 00:49:23,0,0,transaction_burst,1
7112,756,811,1251.54,2026-03-22 00:58:28,0,1,normal,0
9322,992,885,3742.9,2026-03-22 00:58:49,1,0,transaction_burst,1
7812,829,828,100.0,2026-03-22 01:20:18,0,0,beneficiary_anomaly,0
1815,194,449,18076.85,2026-03-22 01:36:11,1,0,transaction_burst,1
5510,585,54,18099.22,2026-03-22 02:28:44,0,0,beneficiary_anomaly,0
5761,615,397,3329.21,2026-03-22 02:31:31,0,0,normal,0
1156,116,54,18115.12,2026-03-22 02:51:28,0,1,beneficiary_anomaly,0
4806,512,760,13862.66,2026-03-22 02:58:01,0,0,transaction_burst,1
6376,674,718,31337.53,2026-03-22 02:59:19,0,1,rapid_movement,1
8389,893,669,2471.54,2026-03-22 03:02:42,0,0,normal,0
7427,787,640,2643.5,2026-03-22 03:06:36,0,1,transaction_burst,1
5395,572,391,7841.54,2026-03-22 03:08:03,0,1,transaction_burst,1
3706,397,881,9837.96,2026-03-22 03:17:40,0,0,transaction_burst,1
6422,682,320,3000.32,2026-03-22 03:24:54,0,0,normal,0
6652,708,514,10876.86,2026-03-22 03:26:46,1,0,transaction_burst,1
1396,148,309,4090.75,2026-03-22 04:04:22,0,0,normal,0
3384,360,180,58248.05,2026-03-22 04:09:40,0,0,high_value,0
6391,677,779,9277.54,2026-03-22 04:21:46,0,0,beneficiary_anomaly,0
3884,413,75,2404.01,2026-03-22 04:43:42,0,0,normal,0
6592,704,915,15309.64,2026-03-22 04:47:13,0,1,beneficiary_anomaly,0
2887,307,14,3658.28,2026-03-22 05:13:45,0,0,normal,0
6900,733,247,3758.53,2026-03-22 05:33:23,0,0,normal,0
9081,966,817,3045.78,2026-03-22 05:46:14,0,0,normal,0
3021,325,13,6509.68,2026-03-22 06:16:02,1,0,transaction_burst,1
6352,672,797,57147.96,2026-03-22 06:16:34,0,0,high_value,0
4675,503,445,25815.46,2026-03-22 06:20:05,0,1,beneficiary_anomaly,0
7506,795,979,361.94,2026-03-22 06:29:20,0,0,normal,0
7821,830,716,5084.34,2026-03-22 06:37:31,0,1,normal,0
6207,655,869,18247.62,2026-03-22 07:12:06,0,0,beneficiary_anomaly,0
9123,972,39,3464.23,2026-03-22 07:32:43,0,0,normal,0
6904,733,441,5196.81,2026-03-22 07:40:48,0,0,normal,0
7503,794,67,2518.1,2026-03-22 07:46:40,0,0,normal,0
7090,752,616,2694.42,2026-03-22 07:46:53,0,0,normal,0
1133,113,971,4202.04,2026-03-22 07:52:40,0,0,normal,0
7133,758,789,15612.7,2026-03-22 08:33:31,1,0,behavioral_deviation,0
6787,719,660,26455.25,2026-03-22 08:49:31,0,0,rapid_movement,1
7331,779,882,6816.36,2026-03-22 09:11:34,0,0,transaction_burst,0
3828,408,820,5493.81,2026-03-22 09:13:39,1,0,transaction_burst,1
7058,750,627,16539.57,2026-03-22 09:16:07,0,0,transaction_burst,1
9052,963,975,871.56,2026-03-22 09:23:33,0,0,normal,0
5274,563,5,13014.74,2026-03-22 09:27:31,1,0,transaction_burst,1
1431,152,898,16464.27,2026-03-22 09:42:03,0,1,beneficiary_anomaly,0
3768,403,89,100.0,2026-03-22 09:43:35,0,0,transaction_burst,0
2645,285,73,78804.42,2026-03-22 09:58:25,0,0,high_value,0
2989,320,953,6178.17,2026-03-22 10:13:37,0,0,behavioral_deviation,0
2666,288,32,100.0,2026-03-22 10:35:48,0,0,normal,0
5122,545,150,2144.14,2026-03-22 10:49:05,0,0,normal,0
819,77,142,845.64,2026-03-22 10:49:42,0,0,normal,0
3776,403,356,4298.52,2026-03-22 11:00:09,1,0,transaction_burst,0
4664,501,259,50110.79,2026-03-22 11:07:45,1,0,rapid_movement,1
7194,766,953,1500.58,2026-03-22 11:21:44,0,0,normal,0
5318,567,375,5315.24,2026-03-22 11:28:43,1,0,transaction_burst,1
5973,632,290,14703.44,2026-03-22 11:49:50,0,0,transaction_burst,1
5368,572,882,2814.55,2026-03-22 12:37:37,0,0,transaction_burst,1
6749,715,455,5386.71,2026-03-22 13:19:14,0,0,transaction_burst,1
6924,736,509,58058.68,2026-03-22 13:31:04,0,0,rapid_movement,1
2998,322,39,2133.51,2026-03-22 13:35:56,0,0,normal,1
5155,549,281,15601.97,2026-03-22 13:59:18,0,0,transaction_burst,1
2302,243,113,4495.95,2026-03-22 14:22:40,0,0,normal,0
2295,242,334,10516.15,2026-03-22 14:35:42,0,1,transaction_burst,1
5726,609,771,25950.11,2026-03-22 14:46:25,0,0,rapid_movement,1
6239,661,591,5037.23,2026-03-22 14:57:44,0,0,normal,0
7302,778,122,1764.6,2026-03-22 15:03:20,0,0,normal,0
2319,246,461,21214.78,2026-03-22 15:05:20,0,0,beneficiary_anomaly,0
3591,382,86,35472.67,2026-03-22 15:08:21,1,1,behavioral_deviation,1
3323,357,378,4250.22,2026-03-22 15:14:07,0,0,transaction_burst,1
5771,616,22,43266.78,2026-03-22 15:18:07,0,0,rapid_movement,1
4457,474,399,3473.1,2026-03-22 15:23:45,1,0,normal,0
3761,402,769,21399.51,2026-03-22 15:35:08,0,1,beneficiary_anomaly,0
4463,474,341,2326.69,2026-03-22 15:49:54,0,0,normal,0
8771,935,586,6589.51,2026-03-22 16:14:05,0,1,transaction_burst,1
7132,758,357,7221.83,2026-03-22 16:29:45,0,0,behavioral_deviation,0
7626,807,992,25789.35,2026-03-22 16:37:39,0,0,rapid_movement,1
5404,573,32,4290.29,2026-03-22 16:52:45,0,0,normal,0
5187,550,394,2689.1,2026-03-22 16:53:43,0,0,normal,0
3507,372,251,3740.79,2026-03-22 17:07:44,1,0,normal,0
7177,764,700,2987.53,2026-03-22 17:28:13,0,0,normal,0
5149,549,54,10769.56,2026-03-22 17:36:50,1,0,transaction_burst,1
7263,774,508,18916.81,2026-03-22 17:41:18,0,0,transaction_burst,1
1654,177,499,1861.22,2026-03-22 18:25:20,0,0,normal,0
6608,707,894,12283.36,2026-03-22 18:32:23,0,0,transaction_burst,1
5693,606,730,14630.81,2026-03-22 18:42:54,1,0,transaction_burst,1
1340,141,776,1599.49,2026-03-22 19:13:43,0,0,normal,0
3022,325,156,17697.81,2026-03-22 19:25:16,0,0,transaction_burst,1
7668,813,700,17856.18,2026-03-22 19:30:14,0,1,behavioral_deviation,1
7677,816,647,100.0,2026-03-22 19:54:10,0,0,beneficiary_anomaly,0
6559,699,31,25709.37,2026-03-22 20:01:57,1,0,rapid_movement,1
9268,990,33,9192.15,2026-03-22 20:40:52,0,0,transaction_burst,1
8066,857,789,55935.57,2026-03-22 21:07:05,0,0,rapid_movement,1
3206,344,139,50914.06,2026-03-22 21:12:15,0,1,high_value,0
3959,420,119,22084.41,2026-03-22 21:25:02,0,0,beneficiary_anomaly,1
8297,882,404,47276.48,2026-03-22 22:24:14,0,0,high_value,0
1355,143,577,14249.72,2026-03-22 22:32:59,1,0,behavioral_deviation,1
788,74,764,4459.19,2026-03-22 22:50:19,0,0,normal,0
9141,975,421,3039.82,2026-03-22 23:10:26,0,0,normal,0
1405,151,308,18463.61,2026-03-22 23:33:12,0,1,transaction_burst,1
2597,279,646,22215.38,2026-03-22 23:40:05,0,0,beneficiary_anomaly,0
6332,669,328,2230.56,2026-03-22 23:56:00,0,0,normal,0
3834,408,418,20363.06,2026-03-22 23:59:55,1,0,transaction_burst,1
6355,673,311,25320.38,2026-03-23 00:19:54,0,1,behavioral_deviation,0
7787,825,386,12142.36,2026-03-23 00:33:03,0,1,transaction_burst,1
6419,682,353,2362.47,2026-03-23 00:35:47,0,0,normal,0
2938,314,461,2034.46,2026-03-23 00:37:49,0,0,normal,0
174,14,322,14487.7,2026-03-23 00:54:21,0,0,transaction_burst,1
411,36,322,1856.71,2026-03-23 01:08:21,0,0,normal,0
7596,803,400,8830.16,2026-03-23 01:42:33,0,1,beneficiary_anomaly,0
3346,357,329,9232.24,2026-03-23 01:43:05,0,0,transaction_burst,1
3586,382,135,36111.17,2026-03-23 01:57:02,0,1,behavioral_deviation,1
3687,394,657,14787.5,2026-03-23 02:11:31,1,1,rapid_movement,1
3378,359,721,3049.33,2026-03-23 02:16:42,0,0,normal,0
9000,957,90,14089.52,2026-03-23 02:51:54,0,0,transaction_burst,1
2454,262,96,9914.01,2026-03-23 02:51:56,0,0,transaction_burst,0
6424,682,404,3161.97,2026-03-23 03:00:54,0,0,normal,0
7906,840,727,730.69,2026-03-23 03:04:45,0,0,normal,0
9299,991,534,46721.03,2026-03-23 03:22:45,0,0,high_value,0
3241,346,167,17140.85,2026-03-23 03:24:03,0,0,transaction_burst,1
1756,186,147,34451.44,2026-03-23 03:35:06,1,0,rapid_movement,1
1821,194,848,3599.39,2026-03-23 04:06:17,0,0,transaction_burst,1
3693,395,616,3812.12,2026-03-23 04:26:27,0,0,normal,0
6298,667,634,10848.28,2026-03-23 04:27:40,0,1,transaction_burst,1
7158,761,584,37381.19,2026-03-23 04:30:15,0,0,rapid_movement,1
7739,822,636,52773.05,2026-03-23 04:38:44,0,0,high_value,0
3088,328,655,3399.47,2026-03-23 05:17:22,0,0,normal,0
7619,807,15,62147.98,2026-03-23 05:27:24,1,1,rapid_movement,1
4724,507,656,4113.89,2026-03-23 05:28:32,0,0,normal,0
113,8,60,13261.75,2026-03-23 05:39:50,0,0,transaction_burst,1
6487,689,782,15510.6,2026-03-23 06:35:12,1,0,transaction_burst,1
3601,383,268,6078.4,2026-03-23 06:35:32,0,0,transaction_burst,0
8374,892,5,43476.47,2026-03-23 06:43:50,0,1,behavioral_deviation,0
484,45,443,18311.13,2026-03-23 06:48:21,0,0,transaction_burst,1
1332,139,887,6281.55,2026-03-23 06:48:25,0,0,transaction_burst,1
8210,871,946,21226.51,2026-03-23 06:59:39,1,1,rapid_movement,1
7623,807,722,52981.66,2026-03-23 07:51:20,1,0,rapid_movement,1
5792,618,33,4748.57,2026-03-23 07:52:30,0,0,normal,0
2033,216,887,32462.75,2026-03-23 08:05:18,1,0,rapid_movement,0
3318,356,425,5808.82,2026-03-23 08:20:50,0,0,normal,0
2375,254,590,4528.56,2026-03-23 08:21:23,0,0,normal,0
4566,490,485,38118.94,2026-03-23 08:24:19,0,0,high_value,0
5391,572,530,3887.37,2026-03-23 08:39:37,0,0,transaction_burst,1
3647,388,841,2769.84,2026-03-23 08:49:52,0,0,behavioral_deviation,1
2563,275,254,52397.74,2026-03-23 08:55:11,0,1,rapid_movement,1
4703,506,638,17435.2,2026-03-23 09:13:16,0,0,transaction_burst,1
7885,837,399,11243.07,2026-03-23 09:19:14,1,0,transaction_burst,1
3356,358,773,5718.51,2026-03-23 09:23:11,0,0,transaction_burst,0
524,46,242,15870.1,2026-03-23 09:24:23,1,1,transaction_burst,1
4709,506,940,4719.32,2026-03-23 09:29:26,1,0,transaction_burst,1
3263,346,518,14614.51,2026-03-23 09:32:55,1,0,transaction_burst,1
4507,481,175,3957.79,2026-03-23 09:35:30,0,0,normal,0
8,1,344,9513.16,2026-03-23 09:39:54,0,1,transaction_burst,1
8711,928,777,21521.74,2026-03-23 09:41:13,0,1,beneficiary_anomaly,0
6109,643,321,3215.87,2026-03-23 10:07:52,0,0,normal,0
9208,982,424,18729.61,2026-03-23 10:42:40,0,0,transaction_burst,1
1130,113,529,1369.15,2026-03-23 11:07:23,0,1,normal,0
7615,806,911,1259.68,2026-03-23 11:44:15,0,0,normal,0
7508,795,826,3162.28,2026-03-23 11:48:13,0,0,normal,0
2313,246,526,17386.78,2026-03-23 11:49:03,0,1,beneficiary_anomaly,0
5137,547,625,4346.97,2026-03-23 11:57:27,0,0,normal,0
8672,923,225,25412.71,2026-03-23 12:07:54,0,0,high_value,0
8722,930,191,36183.24,2026-03-23 12:23:10,0,0,rapid_movement,1
3006,323,660,1701.38,2026-03-23 12:36:23,0,0,normal,0
7150,761,331,7898.08,2026-03-23 12:38:19,1,0,rapid_movement,1
6211,656,186,1030.42,2026-03-23 12:39:57,0,0,normal,0
5117,545,761,100.0,2026-03-23 13:00:03,0,0,normal,0
4999,533,335,1985.16,2026-03-23 13:13:36,0,0,normal,0
7900,839,81,2525.45,2026-03-23 13:18:28,0,0,normal,0
8105,862,806,47362.17,2026-03-23 13:23:53,1,1,rapid_movement,1
323,25,715,13208.07,2026-03-23 13:42:32,0,0,transaction_burst,1
3010,323,713,3426.87,2026-03-23 13:52:05,0,0,normal,0
8647,921,892,924.0,2026-03-23 13:56:44,0,0,normal,0
5548,591,169,26059.12,2026-03-23 14:00:52,1,0,behavioral_deviation,1
3413,364,931,4201.32,2026-03-23 14:05:13,0,0,normal,0
3995,426,634,14057.02,2026-03-23 14:24:07,0,1,transaction_burst,0
3416,364,900,4134.24,2026-03-23 14:31:56,0,0,normal,0
8866,942,513,13710.9,2026-03-23 15:41:59,0,0,transaction_burst,1
8732,931,100,3631.39,2026-03-23 15:44:05,0,0,normal,0
2104,224,956,14299.75,2026-03-23 16:02:23,0,1,behavioral_deviation,0
6554,699,551,45255.41,2026-03-23 16:04:58,1,0,rapid_movement,1
5810,620,96,2538.91,2026-03-23 16:07:50,0,0,normal,0
7254,774,402,22519.43,2026-03-23 16:09:36,0,0,transaction_burst,1
1175,117,619,10003.46,2026-03-23 16:13:39,0,0,transaction_burst,1
7485,792,354,2626.91,2026-03-23 16:35:00,0,0,normal,0
250,21,430,16742.36,2026-03-23 17:03:47,0,0,transaction_burst,1
3620,385,869,1819.35,2026-03-23 17:05:45,0,0,normal,0
1588,168,758,15834.98,2026-03-23 17:24:29,0,0,transaction_burst,1
4753,508,108,7724.32,2026-03-23 17:49:46,1,0,transaction_burst,1
8266,877,764,4167.26,2026-03-23 18:18:04,0,0,normal,0
1767,189,713,48496.93,2026-03-23 18:18:10,0,0,rapid_movement,1
1940,206,328,4071.55,2026-03-23 18:30:31,0,1,normal,1
1148,115,577,2436.9,2026-03-23 18:43:27,0,0,normal,0
6542,696,104,4624.61,2026-03-23 18:43:35,0,0,normal,0
7840,834,797,28647.94,2026-03-23 18:52:08,0,0,rapid_movement,1
190,15,80,100.0,2026-03-23 18:56:39,0,0,normal,0
4767,510,695,3328.38,2026-03-23 18:58:21,0,0,normal,0
5870,625,379,46983.06,2026-03-23 19:09:06,0,1,behavioral_deviation,1
9194,982,878,2754.73,2026-03-23 19:14:20,0,1,transaction_burst,1
8224,871,569,22517.03,2026-03-23 19:18:26,1,0,rapid_movement,1
1795,193,67,3161.64,2026-03-23 19:36:29,0,0,normal,0
9051,963,34,3253.55,2026-03-23 19:37:54,0,0,normal,0
29,2,396,4955.35,2026-03-23 19:42:34,0,0,normal,0
2193,236,120,10314.7,2026-03-23 19:42:38,0,0,transaction_burst,1
930,87,471,43088.28,2026-03-23 19:43:28,1,0,rapid_movement,1
5405,573,391,2528.98,2026-03-23 19:46:36,0,0,normal,0
8498,904,550,3068.64,2026-03-23 20:03:19,0,0,normal,0
5507,585,651,13216.66,2026-03-23 20:36:49,0,1,beneficiary_anomaly,0
5024,538,928,1958.24,2026-03-23 21:23:24,0,0,normal,0
9387,1000,291,3610.72,2026-03-23 21:24:27,0,0,normal,0
684,61,239,45507.87,2026-03-23 21:34:22,0,0,rapid_movement,1
9176,981,223,14711.7,2026-03-23 21:47:16,0,0,behavioral_deviation,1
1023,101,949,20843.01,2026-03-23 22:17:04,1,0,beneficiary_anomaly,1
9307,992,404,12004.89,2026-03-23 22:19:11,0,0,transaction_burst,1
4860,520,875,8797.25,2026-03-23 22:28:07,1,1,transaction_burst,1
2144,230,970,3244.44,2026-03-23 22:37:21,0,0,normal,0
3982,424,741,4489.03,2026-03-23 22:47:25,0,0,normal,0
6981,742,183,1474.49,2026-03-23 22:50:18,0,0,normal,0
2982,320,518,18296.54,2026-03-23 22:58:57,0,0,behavioral_deviation,0
9323,992,401,12059.06,2026-03-23 23:00:21,0,0,transaction_burst,1
7593,803,935,7934.62,2026-03-23 23:11:27,0,1,beneficiary_anomaly,0
6841,725,152,1387.1,2026-03-23 23:12:18,0,0,normal,0
5893,627,224,12614.36,2026-03-23 23:26:27,0,0,transaction_burst,0
264,21,404,17450.36,2026-03-24 00:38:15,1,0,transaction_burst,1
152,12,134,8070.46,2026-03-24 00:43:21,0,0,behavioral_deviation,0
8510,906,125,32759.22,2026-03-24 00:50:14,0,0,rapid_movement,1
1226,125,841,1951.63,2026-03-24 01:03:04,0,0,normal,0
5058,540,618,14411.41,2026-03-24 01:23:30,1,0,transaction_burst,1
3164,340,205,100.0,2026-03-24 01:23:49,1,0,behavioral_deviation,1
134,10,229,3562.59,2026-03-24 01:44:22,0,0,normal,0
7902,839,381,933.71,2026-03-24 02:02:35,0,0,normal,0
6676,710,75,5245.49,2026-03-24 02:15:16,0,1,normal,0
4289,451,267,1292.26,2026-03-24 03:08:31,0,0,normal,0
884,83,955,19054.11,2026-03-24 03:09:53,0,0,transaction_burst,1
627,55,948,25815.73,2026-03-24 03:12:50,1,0,rapid_movement,1
1631,174,845,13675.85,2026-03-24 03:17:58,1,0,behavioral_deviation,1
3471,370,473,18458.14,2026-03-24 03:28:58,0,0,beneficiary_anomaly,0
5479,580,905,4166.51,2026-03-24 03:30:34,0,1,normal,0
8363,890,54,18029.01,2026-03-24 04:15:24,1,1,rapid_movement,1
2217,238,755,12076.46,2026-03-24 04:41:27,1,0,transaction_burst,1
2460,263,863,2223.87,2026-03-24 04:53:55,0,0,normal,0
4824,515,27,576.06,2026-03-24 05:12:12,0,1,normal,0
1297,137,858,24752.42,2026-03-24 05:21:06,0,0,behavioral_deviation,1
4960,529,399,13969.79,2026-03-24 05:52:31,1,1,transaction_burst,0
7509,795,684,2403.13,2026-03-24 06:06:21,0,0,normal,0
4501,481,504,3702.71,2026-03-24 06:08:04,0,0,normal,0
4379,462,886,5878.02,2026-03-24 06:20:20,0,0,normal,0
3805,406,343,20689.23,2026-03-24 06:27:47,0,1,beneficiary_anomaly,0
566,50,975,3930.12,2026-03-24 06:49:21,0,0,normal,0
5816,621,343,8458.53,2026-03-24 08:02:49,0,0,transaction_burst,1
2237,239,192,2942.09,2026-03-24 08:17:02,0,0,normal,0
6578,703,256,3008.67,2026-03-24 08:19:06,0,0,normal,0
9100,968,934,2140.44,2026-03-24 08:53:16,0,0,normal,0
7182,764,112,642.13,2026-03-24 09:08:34,0,0,normal,0
6979,742,548,4042.51,2026-03-24 09:11:31,0,0,normal,0
37,4,954,35016.08,2026-03-24 09:25:48,0,0,rapid_movement,1
6310,667,71,12856.37,2026-03-24 09:25:53,1,0,transaction_burst,1
8057,857,46,38432.89,2026-03-24 09:26:08,1,0,rapid_movement,1
1293,136,584,3399.33,2026-03-24 10:11:15,0,0,normal,0
1933,205,549,5228.93,2026-03-24 10:22:54,0,0,normal,0
7022,748,824,665.08,2026-03-24 10:29:16,0,0,normal,0
6413,680,530,4834.81,2026-03-24 11:14:14,0,0,normal,0
3008,323,160,2241.3,2026-03-24 11:45:12,0,0,normal,0
3052,326,840,41150.7,2026-03-24 12:32:04,0,0,rapid_movement,1
1064,105,878,10534.88,2026-03-24 12:47:42,1,0,transaction_burst,1
2235,239,462,2726.47,2026-03-24 12:57:28,0,0,normal,0
8137,863,523,12703.04,2026-03-24 12:58:04,0,0,transaction_burst,1
3551,377,328,100.0,2026-03-24 13:19:00,0,0,behavioral_deviation,0
8265,877,835,6201.89,2026-03-24 13:25:04,0,0,normal,0
61,6,337,21075.48,2026-03-24 13:30:14,0,0,behavioral_deviation,1
3717,397,326,15186.26,2026-03-24 13:49:04,0,0,transaction_burst,1
4912,526,172,1631.92,2026-03-24 13:51:37,0,0,normal,0
5685,606,900,9924.65,2026-03-24 13:54:23,0,1,transaction_burst,1
6052,639,460,13827.16,2026-03-24 13:55:42,0,0,transaction_burst,0
7737,821,423,1020.84,2026-03-24 14:05:03,0,0,normal,0
513,46,442,10879.45,2026-03-24 14:27:40,1,0,transaction_burst,1
876,82,413,5885.44,2026-03-24 15:01:42,0,0,normal,0
5661,604,665,18843.61,2026-03-24 15:10:54,1,0,rapid_movement,1
8062,857,885,21760.66,2026-03-24 15:16:04,0,0,rapid_movement,1
4865,520,692,10675.87,2026-03-24 15:25:53,0,0,transaction_burst,1
5721,609,719,45590.91,2026-03-24 15:27:51,1,0,rapid_movement,1
8158,866,248,38675.67,2026-03-24 15:33:48,0,1,beneficiary_anomaly,0
832,78,876,19351.8,2026-03-24 15:46:31,0,0,rapid_movement,1
873,82,922,2955.25,2026-03-24 16:23:22,0,0,normal,0
678,60,382,2272.8,2026-03-24 16:25:34,0,1,normal,0
6902,733,321,2049.23,2026-03-24 17:09:13,0,0,normal,0
797,74,415,1643.87,2026-03-24 17:12:55,0,0,normal,0
3347,358,725,21083.03,2026-03-24 17:15:36,0,0,transaction_burst,0
2612,281,46,2318.81,2026-03-24 17:30:43,0,1,normal,1
7745,823,784,4203.65,2026-03-24 17:58:39,0,0,normal,1
4672,503,208,7706.14,2026-03-24 18:34:31,1,1,beneficiary_anomaly,0
5467,579,518,34589.75,2026-03-24 18:34:40,1,0,beneficiary_anomaly,1
910,85,747,3682.8,2026-03-24 18:47:24,0,0,normal,0
90,7,203,9486.91,2026-03-24 19:06:47,0,0,transaction_burst,1
5687,606,49,7264.84,2026-03-24 19:40:35,0,0,transaction_burst,1
6718,713,617,4452.16,2026-03-24 19:41:15,0,0,transaction_burst,1
7946,842,974,15123.73,2026-03-24 19:45:00,0,1,transaction_burst,0
7678,816,444,13613.89,2026-03-24 19:50:19,1,1,beneficiary_anomaly,0
5941,630,919,12363.75,2026-03-24 19:52:38,0,0,transaction_burst,1
8660,922,676,13199.62,2026-03-24 19:53:29,0,0,transaction_burst,0
7563,800,684,5508.53,2026-03-24 19:55:40,0,0,rapid_movement,1
8606,915,563,25818.17,2026-03-24 20:14:19,0,0,behavioral_deviation,0
8192,868,541,14463.68,2026-03-24 20:23:08,1,0,transaction_burst,1
4038,428,16,13976.71,2026-03-24 20:36:47,0,0,transaction_burst,1
6021,637,772,13953.54,2026-03-24 20:47:36,1,0,rapid_movement,1
5096,543,874,19179.18,2026-03-24 20:49:28,0,0,transaction_burst,1
3117,332,198,4438.37,2026-03-24 21:06:43,0,0,normal,0
4097,431,253,31663.26,2026-03-24 21:08:02,0,1,behavioral_deviation,0
6850,727,890,1402.75,2026-03-24 21:11:18,0,0,normal,0
5567,593,7,948.31,2026-03-24 21:21:39,0,0,normal,0
1381,147,987,5462.9,2026-03-24 21:26:58,0,0,normal,0
7395,786,160,2637.31,2026-03-24 21:47:08,0,0,normal,0
6615,707,340,8613.31,2026-03-24 21:49:50,1,0,transaction_burst,1
7624,807,531,20556.08,2026-03-24 21:53:00,0,0,rapid_movement,1
6365,673,996,42210.7,2026-03-24 21:58:23,1,1,behavioral_deviation,0
3144,336,569,63571.51,2026-03-24 22:04:57,0,0,high_value,0
8449,899,370,3469.97,2026-03-24 22:06:17,0,0,normal,1
3714,397,954,15477.9,2026-03-24 22:26:52,0,0,transaction_burst,1
1036,103,870,5116.14,2026-03-24 22:40:24,0,0,normal,0
3700,396,677,2486.3,2026-03-24 22:42:37,0,0,normal,0
6338,670,983,3349.16,2026-03-24 22:46:26,0,0,normal,0
1041,103,420,2005.72,2026-03-24 23:25:47,0,0,normal,0
1157,116,397,17171.93,2026-03-24 23:26:13,0,0,beneficiary_anomaly,0
2194,236,232,6404.37,2026-03-24 23:27:12,0,1,transaction_burst,1
7877,837,639,8181.81,2026-03-24 23:29:12,0,0,transaction_burst,1
3574,380,457,29178.02,2026-03-24 23:30:28,1,0,rapid_movement,1
2241,240,146,4028.28,2026-03-24 23:51:43,0,0,normal,0
6196,654,563,2306.69,2026-03-24 23:54:26,0,0,normal,0
3344,357,402,12880.64,2026-03-25 00:08:27,1,0,transaction_burst,1
4259,447,943,42694.73,2026-03-25 00:19:42,0,0,behavioral_deviation,0
5305,566,769,31161.66,2026-03-25 00:21:30,0,0,rapid_movement,1
114,8,868,4391.92,2026-03-25 00:34:04,0,0,transaction_burst,1
4428,469,235,1363.0,2026-03-25 00:41:26,0,0,normal,0
4367,459,696,17876.33,2026-03-25 00:52:51,1,0,transaction_burst,1
5204,553,298,4530.83,2026-03-25 01:19:02,0,0,normal,0
1579,168,799,8557.08,2026-03-25 01:34:55,0,1,transaction_burst,1
3128,333,956,36464.61,2026-03-25 01:37:43,1,0,rapid_movement,1
6164,651,551,2459.12,2026-03-25 01:44:40,0,0,normal,0
9161,980,770,2482.0,2026-03-25 01:50:02,0,0,normal,0
9344,993,33,5470.5,2026-03-25 01:58:33,0,0,transaction_burst,0
130,9,755,4699.03,2026-03-25 02:05:14,0,0,normal,0
5529,588,955,2376.06,2026-03-25 02:21:32,0,0,normal,0
6797,721,49,3497.35,2026-03-25 02:30:46,0,0,normal,0
2330,248,597,3293.84,2026-03-25 02:35:50,0,0,normal,0
7459,789,493,14278.66,2026-03-25 02:44:56,1,0,transaction_burst,0
629,55,673,37051.26,2026-03-25 02:49:10,1,0,rapid_movement,1
1338,141,340,2780.82,2026-03-25 02:51:52,0,0,normal,0
6201,655,174,30758.99,2026-03-25 02:53:00,1,1,beneficiary_anomaly,0
8183,868,340,10588.03,2026-03-25 02:53:36,0,0,transaction_burst,1
5345,568,87,3601.82,2026-03-25 02:55:15,0,0,normal,0
4972,530,774,1197.96,2026-03-25 02:58:38,0,0,normal,0
7750,823,43,4875.42,2026-03-25 03:02:31,0,0,normal,1
6534,695,69,13732.16,2026-03-25 03:04:49,0,1,beneficiary_anomaly,0
6064,640,478,20397.66,2026-03-25 03:07:24,0,0,beneficiary_anomaly,0
3740,400,278,970.73,2026-03-25 03:08:52,0,0,normal,0
4032,428,578,13041.34,2026-03-25 03:10:19,0,1,transaction_burst,1
5398,572,788,11623.05,2026-03-25 03:28:09,0,0,transaction_burst,1
6031,638,749,44771.85,2026-03-25 03:44:40,1,0,rapid_movement,1
1045,104,320,41678.08,2026-03-25 03:46:46,0,0,behavioral_deviation,1
8316,884,949,1770.05,2026-03-25 03:50:43,0,0,normal,0
5363,571,113,1094.17,2026-03-25 03:51:29,0,0,normal,0
1734,185,222,8087.39,2026-03-25 03:59:11,0,0,transaction_burst,1
6577,703,806,2127.07,2026-03-25 04:01:14,0,0,normal,0
5658,604,732,46770.36,2026-03-25 04:06:34,1,1,rapid_movement,1
8870,942,525,14952.24,2026-03-25 04:10:43,1,1,transaction_burst,1
8270,878,521,2394.04,2026-03-25 04:19:38,0,0,normal,0
5617,601,122,1980.02,2026-03-25 04:28:32,0,0,normal,0
409,36,746,2053.56,2026-03-25 04:55:34,0,0,normal,0
5735,611,674,46489.49,2026-03-25 04:56:06,0,0,high_value,0
2197,236,145,12770.8,2026-03-25 04:56:15,0,0,transaction_burst,1
1348,142,979,2417.28,2026-03-25 05:36:49,0,0,normal,0
4113,432,321,11667.67,2026-03-25 05:38:31,1,0,transaction_burst,1
2590,279,916,16599.0,2026-03-25 05:49:47,0,1,beneficiary_anomaly,0
8416,895,311,5040.17,2026-03-25 06:22:04,1,0,transaction_burst,1
8971,957,366,7306.77,2026-03-25 07:02:08,0,0,transaction_burst,1
9186,982,906,13867.64,2026-03-25 07:12:37,0,0,transaction_burst,1
6564,701,409,3759.66,2026-03-25 07:20:17,0,0,normal,0
3958,420,630,19956.07,2026-03-25 07:31:59,0,1,beneficiary_anomaly,1
1247,129,544,3028.29,2026-03-25 07:58:25,0,0,normal,0
2600,280,894,20486.24,2026-03-25 08:37:17,0,1,beneficiary_anomaly,1
6204,655,66,17960.18,2026-03-25 08:51:25,1,0,beneficiary_anomaly,0
4125,433,571,36097.63,2026-03-25 09:00:42,0,0,rapid_movement,1
7654,812,598,3147.22,2026-03-25 09:17:57,0,0,normal,1
455,42,888,18896.26,2026-03-25 09:45:21,1,0,transaction_burst,1
8034,854,121,22838.92,2026-03-25 10:03:52,0,0,beneficiary_anomaly,0
1464,157,458,3219.14,2026-03-25 10:07:52,0,0,normal,0
3278,348,31,3935.99,2026-03-25 10:29:52,0,0,normal,0
3282,349,66,67825.13,2026-03-25 10:49:52,0,0,high_value,1
9284,990,326,16966.98,2026-03-25 11:01:42,1,0,transaction_burst,1
4829,516,778,1459.17,2026-03-25 11:21:02,0,0,normal,0
2057,219,904,31728.73,2026-03-25 11:22:12,0,1,behavioral_deviation,0
4928,528,218,38691.17,2026-03-25 11:23:37,0,0,behavioral_deviation,0
3192,343,330,9353.16,2026-03-25 11:24:01,0,0,transaction_burst,1
6380,675,811,74981.64,2026-03-25 11:30:37,0,0,high_value,0
8020,852,44,4717.15,2026-03-25 12:11:45,0,0,normal,0
7613,806,137,4686.62,2026-03-25 12:36:26,0,0,normal,0
9237,985,651,5056.1,2026-03-25 12:38:00,0,0,normal,0
235,19,228,17077.82,2026-03-25 12:38:06,0,0,transaction_burst,1
6216,657,540,19605.74,2026-03-25 12:58:00,0,1,beneficiary_anomaly,0
3252,346,899,17434.89,2026-03-25 13:06:04,1,0,transaction_burst,1
2750,295,661,11879.99,2026-03-25 13:19:21,1,0,transaction_burst,1
9281,990,319,9449.9,2026-03-25 13:37:58,1,0,transaction_burst,1
527,46,878,14688.85,2026-03-25 13:42:58,0,1,transaction_burst,1
1694,181,1,15117.71,2026-03-25 13:49:08,0,0,beneficiary_anomaly,0
5940,630,232,11222.58,2026-03-25 13:54:21,0,0,transaction_burst,1
5107,544,974,46418.58,2026-03-25 13:56:55,0,0,behavioral_deviation,0
2630,283,13,1427.97,2026-03-25 14:05:41,0,0,normal,0
3216,345,434,10171.67,2026-03-25 14:14:26,0,1,transaction_burst,0
761,71,357,4808.51,2026-03-25 14:19:26,0,0,normal,0
1289,135,784,44061.97,2026-03-25 14:24:02,0,0,high_value,1
2699,291,567,19547.84,2026-03-25 14:24:33,1,0,transaction_burst,1
7763,825,800,18316.93,2026-03-25 14:35:21,1,1,transaction_burst,1
8311,884,492,2468.14,2026-03-25 14:36:43,0,0,normal,0
2768,296,228,13705.94,2026-03-25 14:51:29,0,1,beneficiary_anomaly,0
6838,725,728,773.48,2026-03-25 15:13:27,0,0,normal,0
3254,346,20,1173.59,2026-03-25 15:28:37,1,1,transaction_burst,1
5174,549,931,18926.85,2026-03-25 15:40:18,1,1,transaction_burst,1
3258,346,959,2485.86,2026-03-25 15:59:01,0,0,transaction_burst,1
3749,401,649,1989.28,2026-03-25 16:14:56,0,0,normal,0
3589,382,903,57053.11,2026-03-25 16:23:13,1,0,behavioral_deviation,1
1077,106,764,23511.29,2026-03-25 16:34:04,0,0,rapid_movement,0
8213,871,27,29567.57,2026-03-25 16:47:55,0,0,rapid_movement,1
9133,974,694,13983.22,2026-03-25 16:49:55,0,0,beneficiary_anomaly,0
2282,242,950,22292.88,2026-03-25 17:18:36,0,1,transaction_burst,1
3557,378,182,6533.53,2026-03-25 17:30:01,0,0,normal,0
2865,304,249,5823.47,2026-03-25 17:44:59,0,0,normal,0
1382,147,374,2216.83,2026-03-25 18:00:32,0,0,normal,0
282,23,766,53672.42,2026-03-25 18:01:38,0,0,behavioral_deviation,1
6503,690,660,1935.85,2026-03-25 18:18:21,0,0,normal,0
8826,939,417,23648.33,2026-03-25 18:23:40,0,1,beneficiary_anomaly,0
4197,440,539,59027.55,2026-03-25 18:37:21,0,0,high_value,0
6931,736,397,44946.02,2026-03-25 18:40:43,1,0,rapid_movement,1
3725,397,188,23528.38,2026-03-25 18:59:17,0,0,transaction_burst,1
6783,719,349,28831.43,2026-03-25 19:15:53,1,0,rapid_movement,1
393,33,914,4347.83,2026-03-25 19:43:30,0,0,normal,0
2726,293,101,24471.08,2026-03-25 19:47:12,0,0,beneficiary_anomaly,1
8657,922,182,12042.33,2026-03-25 20:08:28,0,1,transaction_burst,0
7631,808,842,4117.53,2026-03-25 20:18:42,0,0,normal,0
2683,291,792,5861.86,2026-03-25 20:23:37,0,0,transaction_burst,1
1982,211,826,45975.83,2026-03-25 20:55:49,0,0,rapid_movement,1
8740,932,409,1442.97,2026-03-25 20:55:57,0,0,normal,0
7843,835,698,34925.43,2026-03-25 21:02:33,1,0,rapid_movement,1
295,24,992,22569.39,2026-03-25 21:12:28,0,0,beneficiary_anomaly,1
2619,282,60,3712.98,2026-03-25 21:17:22,0,0,normal,0
6242,661,924,2481.0,2026-03-25 21:19:37,0,0,normal,0
3226,345,417,11384.99,2026-03-25 22:01:13,0,0,transaction_burst,0
8562,911,865,18564.18,2026-03-25 22:09:16,0,0,transaction_burst,0
4542,486,814,1709.88,2026-03-25 22:14:31,0,0,normal,0
8896,947,882,31172.93,2026-03-25 22:24:07,1,0,rapid_movement,0
3681,394,625,18938.66,2026-03-25 22:54:44,1,0,rapid_movement,1
3756,402,611,21520.85,2026-03-25 23:03:00,0,0,beneficiary_anomaly,0
8152,865,484,4572.36,2026-03-25 23:09:58,0,0,normal,0
4840,518,725,27584.52,2026-03-25 23:32:07,0,0,rapid_movement,0
6803,721,619,2843.6,2026-03-25 23:33:13,0,0,normal,0
6799,721,435,3692.39,2026-03-25 23:37:33,0,0,normal,0
8686,924,705,2818.91,2026-03-25 23:50:38,0,0,normal,0
2200,236,153,16857.27,2026-03-26 00:03:13,1,0,transaction_burst,1
8741,933,926,2798.15,2026-03-26 00:10:36,0,0,normal,0
8187,868,597,9012.26,2026-03-26 00:38:57,0,0,transaction_burst,1
7702,817,731,21473.71,2026-03-26 00:54:04,0,1,beneficiary_anomaly,0
725,64,341,11384.48,2026-03-26 01:07:02,0,0,transaction_burst,1
4363,459,244,8539.92,2026-03-26 01:07:10,1,1,transaction_burst,1
4072,430,465,17565.21,2026-03-26 01:14:57,0,0,transaction_burst,0
6726,714,373,21624.46,2026-03-26 01:26:49,0,0,beneficiary_anomaly,0
7721,820,437,4453.27,2026-03-26 01:28:48,0,0,normal,0
1183,118,26,30945.95,2026-03-26 03:07:52,0,1,rapid_movement,0
6815,723,598,2401.77,2026-03-26 03:09:05,0,0,normal,0
23,2,251,3648.89,2026-03-26 03:18:42,0,0,normal,0
8255,875,772,48442.14,2026-03-26 03:58:17,1,0,rapid_movement,1
1253,129,125,1450.53,2026-03-26 04:00:17,0,0,normal,0
4233,443,198,50917.56,2026-03-26 04:02:02,1,0,rapid_movement,1
3220,345,770,9807.09,2026-03-26 04:13:27,0,0,transaction_burst,0
6440,685,317,42118.14,2026-03-26 04:22:11,0,0,high_value,0
3827,408,393,12820.27,2026-03-26 04:31:54,1,0,transaction_burst,1
3698,396,973,5759.31,2026-03-26 05:00:04,0,1,normal,0
7898,839,918,3163.15,2026-03-26 05:03:48,0,0,normal,0
4842,518,556,36228.87,2026-03-26 05:05:35,0,0,rapid_movement,0
6911,734,77,4898.26,2026-03-26 05:35:51,0,0,normal,0
4875,521,285,21755.17,2026-03-26 05:44:26,0,1,beneficiary_anomaly,0
1087,107,583,3473.37,2026-03-26 05:52:38,0,1,normal,0
8580,912,347,14952.2,2026-03-26 06:10:15,0,0,beneficiary_anomaly,0
3106,331,276,29334.0,2026-03-26 06:11:36,1,0,rapid_movement,1
1926,204,578,1103.33,2026-03-26 06:21:09,0,0,normal,0
7214,768,173,2216.92,2026-03-26 06:29:34,0,0,normal,0
1510,162,784,29173.36,2026-03-26 07:02:28,0,1,beneficiary_anomaly,0
7748,823,710,387.78,2026-03-26 07:32:26,0,0,normal,1
8288,881,214,4117.77,2026-03-26 07:32:37,0,0,normal,0
4081,430,633,18908.64,2026-03-26 08:07:07,0,0,transaction_burst,0
8471,901,203,4222.59,2026-03-26 08:08:25,0,0,normal,0
7216,768,679,2552.76,2026-03-26 08:25:49,0,0,normal,0
7782,825,761,12314.25,2026-03-26 08:41:18,1,0,transaction_burst,1
5099,543,4,21185.31,2026-03-26 08:42:32,1,0,transaction_burst,1
875,82,262,2913.65,2026-03-26 08:47:15,0,0,normal,0
559,50,445,2902.43,2026-03-26 08:48:06,0,0,normal,0
5092,543,24,12080.19,2026-03-26 08:58:00,0,0,transaction_burst,1
5266,563,58,100.0,2026-03-26 09:26:32,1,0,transaction_burst,1
6893,732,109,6932.15,2026-03-26 09:59:35,0,0,normal,0
7587,803,397,18886.09,2026-03-26 10:41:35,0,1,beneficiary_anomaly,0
8167,867,654,7362.26,2026-03-26 10:53:22,0,0,beneficiary_anomaly,0
2997,322,746,6172.75,2026-03-26 11:04:50,0,0,normal,1
5580,594,798,33568.79,2026-03-26 11:27:17,0,0,high_value,0
6560,700,850,3917.67,2026-03-26 12:08:58,0,0,normal,0
6636,708,656,8871.59,2026-03-26 12:25:07,0,0,transaction_burst,1
8850,942,687,9910.33,2026-03-26 12:40:39,0,0,transaction_burst,1
3831,408,926,11902.38,2026-03-26 12:57:25,0,0,transaction_burst,1
5664,604,131,37799.57,2026-03-26 12:58:56,1,0,rapid_movement,1
7479,792,32,880.01,2026-03-26 14:15:58,0,0,normal,0
3905,416,556,2575.28,2026-03-26 14:24:29,0,0,normal,0
3564,379,43,3095.27,2026-03-26 14:33:35,0,0,normal,0
8878,943,782,2270.5,2026-03-26 14:43:18,0,0,normal,0
2502,267,382,3914.67,2026-03-26 14:56:27,0,0,normal,0
4849,519,270,2535.76,2026-03-26 15:02:23,0,0,normal,0
3684,394,596,31925.86,2026-03-26 15:03:20,1,0,rapid_movement,1
6709,713,324,2497.2,2026-03-26 15:25:59,0,0,transaction_burst,1
625,55,185,30552.64,2026-03-26 15:41:44,1,0,rapid_movement,1
7610,805,871,3730.79,2026-03-26 16:50:46,0,0,normal,0
6354,673,397,22030.04,2026-03-26 17:00:23,0,0,behavioral_deviation,0
9305,991,742,46475.41,2026-03-26 17:33:44,0,0,high_value,0
5935,630,718,18761.28,2026-03-26 18:18:17,0,0,transaction_burst,1
673,59,939,3555.79,2026-03-26 18:36:20,1,0,normal,0
5541,589,848,5351.56,2026-03-26 18:37:37,0,0,normal,0
3291,350,130,2225.99,2026-03-26 18:49:20,0,0,normal,0
452,42,618,16447.69,2026-03-26 18:51:50,1,0,transaction_burst,1
7931,842,778,9788.57,2026-03-26 19:27:16,0,0,transaction_burst,0
5710,607,988,18526.62,2026-03-26 19:33:39,0,1,beneficiary_anomaly,0
2820,299,688,7089.6,2026-03-26 19:34:24,0,1,transaction_burst,1
3095,330,705,4393.0,2026-03-26 19:40:19,0,0,normal,0
1527,165,976,24808.64,2026-03-26 19:50:16,0,0,high_value,1
654,56,799,11201.54,2026-03-26 21:06:26,0,1,transaction_burst,1
4595,494,569,3947.4,2026-03-26 21:15:47,0,0,normal,0
4741,508,568,8003.97,2026-03-26 21:20:00,0,1,transaction_burst,1
7582,802,977,3129.68,2026-03-26 21:34:59,0,0,normal,0
7361,782,717,27253.93,2026-03-26 21:54:58,0,1,beneficiary_anomaly,0
3064,327,489,13828.25,2026-03-26 22:03:33,0,0,transaction_burst,1
7211,767,582,3346.21,2026-03-26 22:10:05,0,0,normal,0
8566,911,10,26107.75,2026-03-26 22:55:05,0,1,transaction_burst,0
443,42,175,4189.32,2026-03-26 23:01:56,0,0,transaction_burst,1
5665,604,903,45215.96,2026-03-26 23:26:30,0,0,rapid_movement,1
4581,492,472,24849.7,2026-03-26 23:33:27,0,0,high_value,1
8841,941,974,3983.21,2026-03-26 23:37:36,0,0,normal,0
1864,201,517,24669.18,2026-03-26 23:40:34,0,0,transaction_burst,1
2837,301,957,10291.12,2026-03-26 23:47:05,1,0,transaction_burst,1
122,8,682,7628.34,2026-03-27 00:04:32,1,0,transaction_burst,1
7291,777,208,46118.86,2026-03-27 00:56:14,0,0,high_value,0
803,75,697,3074.61,2026-03-27 01:17:26,0,0,normal,0
4,1,679,14246.32,2026-03-27 02:10:36,1,0,transaction_burst,1
9248,987,621,2090.04,2026-03-27 02:28:40,0,0,normal,0
445,42,476,9942.93,2026-03-27 02:31:34,1,1,transaction_burst,1
4523,484,602,1699.47,2026-03-27 02:39:40,0,0,normal,0
8043,854,455,20444.07,2026-03-27 02:47:52,0,0,beneficiary_anomaly,0
1315,139,50,13464.36,2026-03-27 02:58:07,0,0,transaction_burst,1
7035,749,731,15820.19,2026-03-27 03:17:01,0,1,transaction_burst,1
4469,476,683,2809.21,2026-03-27 03:31:27,0,0,normal,0
2692,291,837,21584.69,2026-03-27 03:42:33,0,0,transaction_burst,1
5937,630,809,11361.8,2026-03-27 03:45:59,0,0,transaction_burst,1
4302,452,305,35139.31,2026-03-27 03:50:16,0,0,beneficiary_anomaly,0
2261,241,516,22282.05,2026-03-27 03:50:29,0,0,transaction_burst,1
1824,195,20,4566.76,2026-03-27 04:03:03,0,0,normal,0
8803,935,534,17264.49,2026-03-27 04:35:43,0,0,transaction_burst,1
835,78,180,54395.38,2026-03-27 04:47:36,0,0,rapid_movement,1
6390,676,692,2902.96,2026-03-27 04:53:20,0,0,normal,0
2859,303,345,1958.33,2026-03-27 05:00:14,0,0,normal,0
5523,587,963,2588.7,2026-03-27 05:00:19,0,0,normal,1
8868,942,890,14709.7,2026-03-27 05:00:25,0,0,transaction_burst,1
8714,929,460,16394.29,2026-03-27 05:14:56,0,0,high_value,0
1549,167,824,21439.07,2026-03-27 05:20:34,0,0,transaction_burst,1
4489,478,4,49980.13,2026-03-27 05:29:43,0,0,high_value,0
510,46,131,12075.47,2026-03-27 06:20:49,1,0,transaction_burst,1
7697,817,510,13752.07,2026-03-27 06:22:26,0,1,beneficiary_anomaly,0
2278,242,766,3920.33,2026-03-27 06:27:31,0,1,transaction_burst,1
6909,734,37,4834.6,2026-03-27 06:50:49,0,0,normal,0
4550,488,880,2584.94,2026-03-27 06:55:01,0,0,normal,0
5964,632,139,15455.62,2026-03-27 07:02:14,0,1,transaction_burst,1
14,1,626,18273.19,2026-03-27 07:23:06,0,0,transaction_burst,1
4773,510,713,4282.71,2026-03-27 07:41:02,0,0,normal,0
3136,334,922,32047.63,2026-03-27 07:41:56,0,0,beneficiary_anomaly,0
6533,695,821,13754.26,2026-03-27 07:50:47,1,0,beneficiary_anomaly,0
7137,759,791,3565.3,2026-03-27 08:10:16,0,0,normal,0
3189,343,152,7212.71,2026-03-27 08:12:00,0,0,transaction_burst,1
2309,245,5,50705.83,2026-03-27 08:24:00,0,1,high_value,0
1935,206,967,3527.41,2026-03-27 08:42:47,0,0,normal,1
2420,259,121,287.71,2026-03-27 09:34:48,0,0,normal,0
2185,236,603,7286.45,2026-03-27 09:38:26,0,0,transaction_burst,1
7206,767,400,2757.58,2026-03-27 09:46:58,0,0,normal,0
4128,433,527,25524.32,2026-03-27 10:01:55,0,0,rapid_movement,1
1807,194,545,8472.22,2026-03-27 10:06:14,0,0,transaction_burst,1
5410,574,964,5912.01,2026-03-27 10:59:52,0,0,transaction_burst,1
6604,707,5,8766.7,2026-03-27 11:01:12,0,0,transaction_burst,1
8576,912,988,13768.78,2026-03-27 11:14:37,0,0,beneficiary_anomaly,0
4029,428,912,14297.95,2026-03-27 12:22:43,0,0,transaction_burst,1
8320,885,734,2734.84,2026-03-27 12:24:49,0,0,normal,0
4483,477,66,1162.61,2026-03-27 12:25:29,0,0,normal,0
3625,385,513,1831.79,2026-03-27 12:26:09,0,0,normal,0
318,25,458,11726.65,2026-03-27 12:32:13,1,1,transaction_burst,1
8256,876,566,25851.09,2026-03-27 12:39:42,1,1,beneficiary_anomaly,1
4285,451,344,1582.99,2026-03-27 12:58:39,0,1,normal,0
2878,306,81,2673.39,2026-03-27 13:00:19,0,0,normal,0
6255,662,449,100.0,2026-03-27 13:28:15,1,0,beneficiary_anomaly,0
5882,626,916,2564.7,2026-03-27 13:29:36,0,0,normal,0
437,41,787,2070.54,2026-03-27 13:30:40,0,0,normal,0
6484,689,716,18493.42,2026-03-27 13:37:11,1,0,transaction_burst,1
8689,925,452,100.0,2026-03-27 13:41:12,0,0,normal,0
1167,117,442,9729.97,2026-03-27 14:00:59,1,0,transaction_burst,1
5076,542,231,51269.3,2026-03-27 14:03:09,0,1,high_value,0
2228,238,326,15205.88,2026-03-27 14:09:11,0,1,transaction_burst,1
7829,833,102,4005.95,2026-03-27 14:31:15,0,0,normal,0
4210,441,688,19318.81,2026-03-27 14:39:02,0,1,beneficiary_anomaly,0
6502,689,724,17568.83,2026-03-27 14:41:22,1,0,transaction_burst,1
363,30,524,29869.23,2026-03-27 15:35:45,1,0,rapid_movement,1
4444,471,247,4803.61,2026-03-27 15:36:21,0,0,normal,0
1899,202,119,29327.0,2026-03-27 15:39:11,0,0,behavioral_deviation,1
3382,359,430,2085.34,2026-03-27 16:01:37,0,0,normal,0
1415,151,360,12003.18,2026-03-27 16:27:28,1,1,transaction_burst,1
3183,342,108,32318.24,2026-03-27 16:48:35,0,1,behavioral_deviation,0
1885,201,421,10040.38,2026-03-27 17:23:28,1,0,transaction_burst,1
259,21,314,5780.51,2026-03-27 17:30:28,0,0,transaction_burst,1
2087,222,886,3040.39,2026-03-27 17:34:12,0,0,normal,0
6596,705,779,1485.63,2026-03-27 18:01:13,0,0,normal,0
2667,288,869,2344.18,2026-03-27 18:09:15,0,0,normal,0
5897,627,77,19533.85,2026-03-27 19:06:25,1,1,transaction_burst,0
8515,906,948,37588.9,2026-03-27 19:21:56,0,1,rapid_movement,1
2242,240,883,3338.91,2026-03-27 19:25:28,0,0,normal,0
8823,938,523,4223.07,2026-03-27 19:28:54,0,0,normal,0
2384,256,265,37470.49,2026-03-27 19:32:57,1,0,rapid_movement,1
2840,301,631,6529.92,2026-03-27 20:00:54,0,0,transaction_burst,1
4530,484,361,3600.4,2026-03-27 20:16:25,0,0,normal,0
7948,842,36,15578.92,2026-03-27 20:19:54,0,1,transaction_burst,0
9196,982,694,18619.12,2026-03-27 20:33:21,0,0,transaction_burst,1
5817,621,882,21216.53,2026-03-27 20:34:41,0,0,transaction_burst,1
5037,539,323,1326.0,2026-03-27 21:07:32,0,0,normal,0
8038,854,327,32429.68,2026-03-27 21:15:01,1,1,beneficiary_anomaly,0
5075,541,670,16076.21,2026-03-27 21:28:29,0,0,behavioral_deviation,0
2766,296,947,20042.93,2026-03-27 21:40:22,1,1,beneficiary_anomaly,0
6925,736,27,45502.5,2026-03-27 21:52:40,0,0,rapid_movement,1
184,14,478,20551.97,2026-03-27 22:06:10,1,1,transaction_burst,1
60,6,580,25420.4,2026-03-27 22:06:42,1,0,behavioral_deviation,1
6371,674,724,47539.91,2026-03-27 22:16:25,0,0,rapid_movement,1
1322,139,830,11364.11,2026-03-27 22:52:50,0,0,transaction_burst,1
3954,420,545,22775.71,2026-03-27 22:57:05,0,1,beneficiary_anomaly,1
3615,384,249,100.0,2026-03-27 23:14:04,0,0,normal,0
5095,543,86,3015.89,2026-03-27 23:54:09,1,0,transaction_burst,1
7937,842,215,24647.97,2026-03-27 23:58:28,0,0,transaction_burst,0
8718,930,201,37795.86,2026-03-28 00:03:46,1,0,rapid_movement,1
7295,778,604,4811.04,2026-03-28 00:09:40,0,0,normal,0
8078,859,558,2307.2,2026-03-28 00:15:08,0,0,normal,0
8206,870,305,2695.89,2026-03-28 00:35:22,0,0,normal,0
4046,428,188,9618.8,2026-03-28 00:41:42,1,0,transaction_burst,1
7665,813,76,27392.17,2026-03-28 00:51:19,1,0,behavioral_deviation,1
7744,823,501,2323.64,2026-03-28 00:58:04,0,0,normal,1
4455,473,52,3704.21,2026-03-28 01:08:50,0,0,normal,0
4278,449,44,5232.26,2026-03-28 01:20:47,0,0,normal,0
4890,522,801,1142.79,2026-03-28 01:31:35,0,0,normal,0
1922,204,287,5760.77,2026-03-28 01:45:47,0,0,normal,0
1399,149,173,1557.46,2026-03-28 01:55:36,0,0,normal,0
7376,783,397,4109.72,2026-03-28 01:58:35,0,0,normal,0
6639,708,720,6932.9,2026-03-28 01:59:06,1,0,transaction_burst,1
6567,701,717,1963.79,2026-03-28 02:11:10,0,0,normal,0
1342,141,363,3025.14,2026-03-28 02:25:33,0,0,normal,0
2850,301,902,15856.9,2026-03-28 02:27:02,0,1,transaction_burst,1
5972,632,479,6218.83,2026-03-28 02:32:52,0,0,transaction_burst,1
5588,596,122,2849.93,2026-03-28 02:33:16,0,0,normal,0
1984,212,899,57797.06,2026-03-28 02:53:14,0,0,high_value,0
6192,653,301,26568.46,2026-03-28 03:05:17,1,0,rapid_movement,1
8805,935,589,12202.15,2026-03-28 03:17:11,0,0,transaction_burst,1
7093,753,547,4778.44,2026-03-28 03:46:34,0,0,normal,0
1225,125,440,2141.15,2026-03-28 04:03:59,0,0,normal,0
7954,843,663,3360.96,2026-03-28 04:07:08,0,0,normal,0
4045,428,277,26979.09,2026-03-28 04:14:16,0,0,transaction_burst,1
1757,186,736,41827.47,2026-03-28 04:32:47,1,0,rapid_movement,1
5595,597,366,41548.43,2026-03-28 04:42:05,0,0,rapid_movement,0
5436,575,9,28795.46,2026-03-28 04:59:04,0,1,beneficiary_anomaly,1
6545,697,358,50844.78,2026-03-28 05:00:24,1,0,rapid_movement,1
5723,609,313,27113.52,2026-03-28 05:06:39,1,0,rapid_movement,1
2521,270,608,3424.17,2026-03-28 05:21:11,0,0,normal,0
7198,766,684,1384.42,2026-03-28 05:32:07,0,0,normal,0
945,89,624,2306.13,2026-03-28 06:01:49,0,0,normal,0
8531,908,300,4983.97,2026-03-28 06:03:05,0,0,normal,0
1505,160,562,4585.96,2026-03-28 06:04:37,0,0,transaction_burst,1
7790,825,906,16549.67,2026-03-28 06:23:50,0,0,transaction_burst,1
4014,427,895,3848.27,2026-03-28 06:43:21,0,0,normal,1
8514,906,982,20543.36,2026-03-28 07:17:58,0,1,rapid_movement,1
8305,883,189,19574.99,2026-03-28 07:22:39,0,0,behavioral_deviation,0
3293,351,572,62012.8,2026-03-28 07:23:00,0,0,high_value,0
3891,413,444,3586.18,2026-03-28 07:26:21,0,0,normal,0
2488,265,449,23916.71,2026-03-28 07:37:56,0,0,beneficiary_anomaly,1
8763,934,964,15908.31,2026-03-28 07:51:48,0,0,transaction_burst,1
7406,787,549,18166.66,2026-03-28 08:00:57,0,0,transaction_burst,1
7651,811,450,3349.46,2026-03-28 08:18:32,0,0,normal,0
1827,195,218,4495.19,2026-03-28 08:21:36,0,0,normal,0
7826,832,722,52323.76,2026-03-28 08:33:17,0,0,high_value,0
7607,805,861,1444.94,2026-03-28 08:34:18,0,0,normal,0
2703,291,997,20348.07,2026-03-28 08:53:54,0,0,transaction_burst,1
5458,577,471,27843.19,2026-03-28 08:55:21,0,1,beneficiary_anomaly,0
1955,208,823,36187.77,2026-03-28 09:02:27,1,0,rapid_movement,1
8545,911,654,9034.5,2026-03-28 09:21:35,1,0,transaction_burst,0
5614,601,461,3228.05,2026-03-28 09:41:41,0,0,normal,0
6361,673,21,40743.95,2026-03-28 09:58:29,0,0,behavioral_deviation,0
8560,911,284,10101.77,2026-03-28 10:07:08,0,0,transaction_burst,0
4258,447,518,11098.46,2026-03-28 10:15:11,0,0,behavioral_deviation,0
6498,689,930,100.0,2026-03-28 11:00:32,1,1,transaction_burst,1
7460,789,77,14593.97,2026-03-28 11:16:33,0,0,transaction_burst,0
5923,630,479,24377.33,2026-03-28 11:25:49,0,1,transaction_burst,1
5206,553,33,100.0,2026-03-28 11:25:52,0,0,normal,0
449,42,134,935.28,2026-03-28 11:55:39,0,0,transaction_burst,1
6177,653,440,1861.65,2026-03-28 11:57:40,1,0,rapid_movement,1
2047,218,728,4873.84,2026-03-28 12:04:38,0,0,normal,0
8539,910,56,5677.38,2026-03-28 12:32:37,0,0,normal,0
6764,716,422,2356.5,2026-03-28 12:55:11,0,0,normal,0
4762,509,206,2479.13,2026-03-28 12:57:32,0,0,normal,0
13,1,770,100.0,2026-03-28 13:00:35,0,0,transaction_burst,1
1228,125,357,3110.38,2026-03-28 13:03:05,0,0,normal,0
8862,942,109,12688.3,2026-03-28 13:05:51,0,0,transaction_burst,1
1738,185,698,14985.47,2026-03-28 13:07:06,1,0,transaction_burst,1
467,43,524,28925.97,2026-03-28 13:10:31,1,1,rapid_movement,1
8384,892,921,25496.53,2026-03-28 13:34:27,0,0,behavioral_deviation,0
820,77,450,2998.25,2026-03-28 13:51:12,0,0,normal,0
5902,627,255,6983.98,2026-03-28 14:00:19,0,0,transaction_burst,0
9031,961,228,100.0,2026-03-28 14:05:07,0,0,normal,0
8639,920,448,73918.54,2026-03-28 14:14:38,0,0,high_value,1
2917,312,50,2944.48,2026-03-28 14:38:16,0,0,normal,0
7959,844,12,1711.38,2026-03-28 14:38:21,0,0,normal,0
4706,506,741,16896.01,2026-03-28 14:56:22,1,0,transaction_burst,1
8591,914,553,43439.76,2026-03-28 14:57:25,0,0,behavioral_deviation,1
4085,430,76,16161.73,2026-03-28 15:19:41,0,0,transaction_burst,0
3101,331,477,27800.07,2026-03-28 15:39:17,1,1,rapid_movement,1
5604,598,464,32058.41,2026-03-28 16:14:15,0,0,high_value,0
1298,137,542,100.0,2026-03-28 16:21:01,0,0,behavioral_deviation,1
3425,366,159,4373.02,2026-03-28 16:22:22,0,0,normal,0
2576,277,634,2480.9,2026-03-28 16:23:49,0,0,normal,0
5545,590,281,2983.02,2026-03-28 16:31:25,0,0,normal,0
1346,141,366,3410.98,2026-03-28 16:34:48,0,1,normal,0
5965,632,886,15974.74,2026-03-28 16:37:00,1,0,transaction_burst,1
3977,422,448,3510.99,2026-03-28 17:26:36,0,0,normal,0
5952,631,664,11406.75,2026-03-28 17:32:20,0,0,beneficiary_anomaly,0
7335,779,317,17328.03,2026-03-28 18:09:15,0,0,transaction_burst,0
8242,874,174,2867.93,2026-03-28 18:10:32,0,0,normal,0
3054,326,736,19835.1,2026-03-28 18:39:49,0,1,rapid_movement,1
6473,689,681,9034.17,2026-03-28 18:42:32,0,0,transaction_burst,1
6594,704,477,11239.9,2026-03-28 18:47:48,0,0,beneficiary_anomaly,0
1900,202,804,25412.75,2026-03-28 18:52:23,0,0,behavioral_deviation,1
8151,865,85,1904.1,2026-03-28 18:59:11,0,0,normal,0
1612,172,403,1559.39,2026-03-28 19:18:12,0,0,normal,1
3991,426,177,7240.14,2026-03-28 19:27:49,1,0,transaction_burst,0
5460,577,516,12482.91,2026-03-28 19:48:40,0,0,beneficiary_anomaly,0
6200,655,792,15465.81,2026-03-28 20:02:43,0,0,beneficiary_anomaly,0
3724,397,162,20831.01,2026-03-28 20:35:38,1,0,transaction_burst,1
8617,916,221,56899.8,2026-03-28 20:50:37,0,0,behavioral_deviation,1
8924,951,728,4375.24,2026-03-28 21:22:54,1,0,normal,0
6461,687,306,2146.94,2026-03-28 21:24:59,0,0,normal,0
2054,218,909,1325.94,2026-03-28 21:33:27,0,0,normal,0
6621,707,344,7750.15,2026-03-28 21:47:46,1,1,transaction_burst,1
6547,697,240,33773.49,2026-03-28 22:11:30,1,0,rapid_movement,1
2267,241,245,12627.99,2026-03-28 22:22:43,1,0,transaction_burst,1
8787,935,66,24404.19,2026-03-28 22:45:08,0,0,transaction_burst,1
4187,439,66,48815.87,2026-03-28 22:49:29,1,0,rapid_movement,1
6640,708,459,11774.8,2026-03-28 22:51:31,1,0,transaction_burst,1
5848,622,126,100.0,2026-03-28 22:57:55,0,1,normal,0
1709,183,335,5016.11,2026-03-29 00:06:24,0,0,normal,0
3720,397,979,11291.07,2026-03-29 00:12:59,0,1,transaction_burst,1
4812,513,844,3915.19,2026-03-29 00:17:44,0,0,normal,0
4978,531,916,49820.28,2026-03-29 00:34:13,0,0,rapid_movement,1
6093,642,123,13769.96,2026-03-29 00:40:42,0,0,transaction_burst,0
5472,580,672,6963.1,2026-03-29 01:02:04,0,0,normal,0
5982,632,129,951.47,2026-03-29 01:12:30,1,1,transaction_burst,1
5834,621,156,8150.09,2026-03-29 01:24:52,0,1,transaction_burst,1
3920,417,630,3507.16,2026-03-29 01:27:38,0,0,normal,0
1135,114,224,29046.91,2026-03-29 01:31:48,0,0,high_value,0
6197,655,20,11558.82,2026-03-29 01:32:04,0,1,beneficiary_anomaly,0
8015,851,767,4534.53,2026-03-29 01:45:22,0,0,normal,0
2283,242,515,17145.97,2026-03-29 01:50:52,0,0,transaction_burst,1
388,32,258,9469.6,2026-03-29 02:42:50,0,1,behavioral_deviation,0
7307,779,47,100.0,2026-03-29 02:55:22,0,0,transaction_burst,0
2757,295,547,17148.16,2026-03-29 03:01:22,1,0,transaction_burst,1
5234,558,425,3830.84,2026-03-29 03:25:48,0,0,normal,0
8821,938,510,2937.55,2026-03-29 03:51:55,0,0,normal,0
4266,447,253,46294.46,2026-03-29 04:19:56,1,0,behavioral_deviation,0
7489,793,65,2353.72,2026-03-29 05:26:34,0,0,normal,0
1897,202,739,39964.14,2026-03-29 05:53:16,1,0,behavioral_deviation,1
3465,369,482,3630.63,2026-03-29 05:58:38,0,0,normal,0
1675,179,397,12936.84,2026-03-29 06:00:07,1,1,beneficiary_anomaly,1
4268,447,719,10219.21,2026-03-29 06:05:40,0,0,behavioral_deviation,0
5867,624,74,4132.08,2026-03-29 06:09:36,0,0,normal,0
8790,935,19,10247.01,2026-03-29 06:11:13,1,0,transaction_burst,1
5020,537,892,1545.01,2026-03-29 06:12:08,0,0,normal,0
6358,673,737,36248.94,2026-03-29 07:03:40,0,0,behavioral_deviation,0
7836,834,586,39487.58,2026-03-29 07:16:45,1,0,rapid_movement,1
634,56,15,18060.38,2026-03-29 07:22:38,1,0,transaction_burst,1
2553,273,660,3726.68,2026-03-29 08:00:56,0,0,normal,0
4456,473,622,2694.82,2026-03-29 08:01:31,0,0,normal,0
6132,646,875,20737.03,2026-03-29 08:22:50,0,0,beneficiary_anomaly,0
8613,916,956,19236.3,2026-03-29 08:41:05,1,1,behavioral_deviation,1
968,92,346,28011.76,2026-03-29 08:41:57,0,0,rapid_movement,1
1003,98,23,3584.71,2026-03-29 08:54:57,0,0,normal,0
2948,316,256,4594.0,2026-03-29 08:55:46,0,0,normal,0
525,46,884,13854.01,2026-03-29 09:07:11,0,0,transaction_burst,1
2199,236,507,17954.75,2026-03-29 09:37:07,1,0,transaction_burst,1
2400,257,530,2966.7,2026-03-29 09:37:25,0,0,transaction_burst,1
1971,211,951,18167.64,2026-03-29 09:41:22,1,1,rapid_movement,1
6162,651,525,1666.37,2026-03-29 09:50:00,0,0,normal,0
4378,462,227,4287.12,2026-03-29 10:32:18,0,0,normal,0
84,7,457,11012.09,2026-03-29 10:57:35,0,0,transaction_burst,1
5057,540,980,10767.66,2026-03-29 11:00:07,0,0,transaction_burst,1
2541,272,124,2818.33,2026-03-29 11:01:54,0,0,normal,0
3017,324,242,2725.23,2026-03-29 11:24:22,0,0,normal,0
3275,347,75,11011.66,2026-03-29 11:52:54,0,0,behavioral_deviation,1
2550,272,777,3002.62,2026-03-29 12:09:42,0,0,normal,0
5048,540,69,100.0,2026-03-29 12:20:14,0,1,transaction_burst,1
8615,916,936,5336.83,2026-03-29 12:23:47,0,0,behavioral_deviation,1
281,23,851,9102.41,2026-03-29 12:39:47,1,1,behavioral_deviation,1
8844,941,352,1279.4,2026-03-29 12:49:28,0,0,normal,0
1147,115,244,356.82,2026-03-29 13:12:03,0,0,normal,0
8405,895,317,11086.24,2026-03-29 13:14:08,0,1,transaction_burst,1
4422,468,130,100.0,2026-03-29 13:36:08,0,0,behavioral_deviation,0
55,6,292,10655.6,2026-03-29 13:37:49,0,0,behavioral_deviation,1
8536,909,768,4049.79,2026-03-29 13:43:07,0,0,normal,0
2109,225,689,4645.94,2026-03-29 13:52:09,0,0,normal,0
5209,554,821,11423.52,2026-03-29 13:55:04,1,0,beneficiary_anomaly,0
1799,194,130,16965.57,2026-03-29 14:02:00,0,0,transaction_burst,1
1126,113,223,2403.31,2026-03-29 14:26:22,0,0,normal,0
5022,538,567,2756.33,2026-03-29 14:47:25,0,0,normal,0
38,4,222,30640.87,2026-03-29 14:48:42,1,0,rapid_movement,1
6687,713,331,100.0,2026-03-29 14:53:38,0,0,transaction_burst,1
5025,538,898,2425.28,2026-03-29 14:57:56,0,0,normal,0
4332,457,693,33307.58,2026-03-29 15:10:41,1,1,behavioral_deviation,1
1038,103,206,2567.17,2026-03-29 15:25:20,0,0,normal,0
583,52,597,2606.84,2026-03-29 15:38:36,0,0,normal,0
806,75,221,882.69,2026-03-29 15:49:30,0,0,normal,0
5826,621,421,7993.12,2026-03-29 16:02:09,1,0,transaction_burst,1
6292,666,210,14732.53,2026-03-29 16:44:57,1,0,rapid_movement,1
1275,132,422,27162.9,2026-03-29 16:48:22,1,1,behavioral_deviation,1
973,93,172,3266.28,2026-03-29 16:52:39,0,0,normal,0
4435,470,42,3207.54,2026-03-29 16:58:13,0,0,normal,0
2413,258,613,100.0,2026-03-29 16:59:48,0,0,normal,0
1145,115,984,2857.79,2026-03-29 17:10:02,0,0,normal,0
489,45,744,6129.35,2026-03-29 17:14:10,0,0,transaction_burst,1
5892,627,670,3955.29,2026-03-29 18:02:05,0,0,transaction_burst,0
8656,922,398,13433.92,2026-03-29 18:20:29,1,0,transaction_burst,0
1784,191,527,14836.36,2026-03-29 18:20:53,0,1,behavioral_deviation,0
7475,792,525,1550.02,2026-03-29 18:31:32,0,0,normal,0
6014,637,855,44437.85,2026-03-29 18:33:27,0,1,rapid_movement,1
4590,493,513,35579.44,2026-03-29 18:43:00,1,0,rapid_movement,1
2891,308,573,70889.91,2026-03-29 19:00:23,0,0,high_value,0
3642,388,336,26354.89,2026-03-29 19:06:34,0,0,behavioral_deviation,1
8530,908,631,1124.32,2026-03-29 19:25:50,0,0,normal,0
7203,766,352,2950.58,2026-03-29 19:51:20,1,0,normal,0
6874,729,410,4450.76,2026-03-29 20:04:44,0,1,normal,0
2506,268,684,2600.26,2026-03-29 20:10:13,0,0,normal,0
7080,751,352,3118.86,2026-03-29 20:34:07,0,0,normal,0
8463,900,654,4712.66,2026-03-29 20:43:11,0,0,normal,0
5354,569,390,3995.95,2026-03-29 21:09:52,0,0,normal,0
7029,749,701,16174.88,2026-03-29 22:07:55,1,0,transaction_burst,1
2925,312,941,5646.47,2026-03-29 22:08:48,0,0,normal,0
5202,552,174,2855.84,2026-03-29 22:33:44,0,0,normal,0
9104,968,765,2385.63,2026-03-29 23:05:34,0,0,normal,0
3304,355,782,5317.58,2026-03-29 23:10:56,0,0,normal,0
6532,695,409,24710.06,2026-03-29 23:16:04,0,1,beneficiary_anomaly,0
1441,153,528,4693.24,2026-03-29 23:22:49,0,0,normal,0
5120,545,282,1976.78,2026-03-29 23:39:10,0,0,normal,0
74,7,872,10717.17,2026-03-29 23:46:40,0,0,transaction_burst,1
495,45,4,2512.14,2026-03-30 00:23:44,0,0,transaction_burst,1
3377,359,672,3276.25,2026-03-30 00:24:47,0,0,normal,0
5951,631,999,22525.99,2026-03-30 00:41:45,0,1,beneficiary_anomaly,0
2081,222,702,3100.15,2026-03-30 00:47:34,0,0,normal,0
1854,199,70,4148.61,2026-03-30 00:49:23,0,0,normal,0
8885,944,815,1681.55,2026-03-30 01:03:03,0,0,normal,0
9269,990,271,4469.63,2026-03-30 01:06:01,0,0,transaction_burst,1
7732,821,382,1949.55,2026-03-30 01:26:16,0,0,normal,0
6489,689,99,3538.11,2026-03-30 01:48:36,1,0,transaction_burst,1
3743,400,719,553.82,2026-03-30 01:49:30,0,0,normal,0
2049,218,732,1116.08,2026-03-30 02:17:17,0,0,normal,0
2036,217,406,100.0,2026-03-30 02:21:30,0,0,normal,0
1881,201,586,18341.59,2026-03-30 02:30:14,1,0,transaction_burst,1
2356,252,909,18318.09,2026-03-30 02:32:53,1,1,beneficiary_anomaly,1
8833,939,616,15964.46,2026-03-30 02:44:13,0,1,beneficiary_anomaly,0
7532,797,704,2164.72,2026-03-30 02:46:53,0,0,normal,0
8655,922,416,15430.89,2026-03-30 02:58:30,0,1,transaction_burst,0
4690,504,4,4207.29,2026-03-30 03:10:43,0,0,normal,0
7346,780,352,18253.24,2026-03-30 03:25:21,0,0,beneficiary_anomaly,1
4328,455,501,3405.9,2026-03-30 03:37:29,0,0,normal,0
3810,406,609,26789.43,2026-03-30 03:50:56,0,0,beneficiary_anomaly,0
2969,318,477,42058.68,2026-03-30 04:16:12,1,0,rapid_movement,1
8815,937,374,18044.48,2026-03-30 04:23:52,0,0,behavioral_deviation,0
8626,917,439,3125.78,2026-03-30 04:29:56,0,0,normal,0
4402,464,69,4350.41,2026-03-30 04:39:11,0,0,normal,0
6106,643,640,3203.67,2026-03-30 04:39:21,0,0,normal,0
3770,403,86,15713.81,2026-03-30 04:54:12,1,0,transaction_burst,0
3793,404,881,4903.34,2026-03-30 05:10:35,0,1,normal,0
8775,935,143,7847.37,2026-03-30 05:23:34,0,0,transaction_burst,1
1737,185,66,11899.81,2026-03-30 05:24:40,0,0,transaction_burst,1
7860,837,795,3096.61,2026-03-30 05:30:40,1,0,transaction_burst,1
9101,968,949,1615.98,2026-03-30 05:34:47,0,0,normal,0
1648,176,696,3196.79,2026-03-30 05:42:32,0,0,normal,0
4381,463,455,13367.69,2026-03-30 05:46:05,0,0,behavioral_deviation,1
586,53,15,2290.64,2026-03-30 05:48:56,0,0,transaction_burst,1
4560,490,5,33409.39,2026-03-30 06:19:47,0,1,high_value,0
7680,816,810,9140.13,2026-03-30 06:37:11,0,0,beneficiary_anomaly,0
8218,871,319,37656.2,2026-03-30 06:40:47,1,0,rapid_movement,1
6283,666,919,44919.05,2026-03-30 07:01:50,1,0,rapid_movement,1
5748,613,116,100.0,2026-03-30 07:43:59,0,0,behavioral_deviation,1
3548,377,406,37719.47,2026-03-30 07:45:17,0,1,behavioral_deviation,0
1523,164,483,5955.73,2026-03-30 09:00:20,0,0,normal,0
1604,171,703,3634.03,2026-03-30 09:30:05,0,0,normal,0
8149,864,299,48973.01,2026-03-30 09:44:39,0,0,high_value,0
7720,820,809,1952.64,2026-03-30 09:52:39,0,0,normal,0
1772,189,692,32624.63,2026-03-30 09:58:55,0,0,rapid_movement,1
5034,539,692,5181.78,2026-03-30 10:17:12,0,0,normal,0
3158,339,169,100.0,2026-03-30 10:25:03,0,0,normal,0
7447,789,325,20261.26,2026-03-30 10:38:32,0,1,transaction_burst,0
4708,506,310,15990.95,2026-03-30 11:01:22,0,1,transaction_burst,1
1466,157,730,3607.76,2026-03-30 11:19:39,0,0,normal,0
6335,669,863,929.8,2026-03-30 11:40:50,0,0,normal,0
5011,536,308,3692.04,2026-03-30 11:51:32,0,0,normal,0
1841,198,694,7138.45,2026-03-30 11:55:09,1,0,beneficiary_anomaly,0
2863,303,702,4543.23,2026-03-30 12:41:58,0,0,normal,0
9280,990,616,11066.35,2026-03-30 13:05:59,0,0,transaction_burst,1
3971,421,296,21887.89,2026-03-30 13:06:13,1,0,rapid_movement,1
6670,710,205,5179.63,2026-03-30 13:10:53,0,0,normal,0
157,13,340,66487.87,2026-03-30 13:39:07,0,0,high_value,0
9087,967,110,26075.46,2026-03-30 14:34:19,0,0,behavioral_deviation,1
140,11,876,3422.93,2026-03-30 14:46:25,0,0,normal,0
7381,784,822,58093.05,2026-03-30 15:03:42,0,0,high_value,0
5957,631,202,10480.49,2026-03-30 15:07:11,0,1,beneficiary_anomaly,0
8328,886,967,4908.49,2026-03-30 15:30:27,0,0,normal,0
1017,100,950,69027.62,2026-03-30 15:37:16,0,0,behavioral_deviation,1
6463,687,292,1309.27,2026-03-30 16:26:20,0,0,normal,0
6494,689,111,14175.06,2026-03-30 16:51:13,0,0,transaction_burst,1
1391,148,110,4020.67,2026-03-30 17:49:43,1,0,normal,0
137,10,163,3754.57,2026-03-30 17:52:28,0,0,normal,0
6982,742,904,4816.13,2026-03-30 18:04:18,0,0,normal,0
833,78,930,51251.61,2026-03-30 18:09:18,1,0,rapid_movement,1
6944,737,620,3272.96,2026-03-30 18:19:04,0,0,normal,0
2573,276,495,100.0,2026-03-30 18:22:36,0,0,normal,0
1202,121,198,22913.75,2026-03-30 18:27:05,0,0,high_value,1
6399,679,60,2845.76,2026-03-30 18:29:28,0,0,normal,0
4869,520,844,9160.54,2026-03-30 18:32:26,1,0,transaction_burst,1
4688,504,466,1771.82,2026-03-30 18:34:06,0,0,normal,0
2345,251,601,38668.58,2026-03-30 18:45:38,0,0,rapid_movement,1
2582,277,792,4884.24,2026-03-30 18:58:02,0,0,normal,0
6550,698,228,18650.97,2026-03-30 19:04:30,0,0,high_value,0
3335,357,10,23355.41,2026-03-30 19:06:42,1,0,transaction_burst,1
5341,567,426,7530.4,2026-03-30 19:11:12,1,0,transaction_burst,1
6258,663,250,5437.81,2026-03-30 19:23:05,0,0,normal,0
6493,689,612,8616.74,2026-03-30 19:28:54,1,1,transaction_burst,1
7184,764,326,705.77,2026-03-30 19:35:50,0,0,normal,0
2627,282,664,3158.83,2026-03-30 20:15:09,0,0,normal,0
3417,365,389,33160.17,2026-03-30 20:25:06,1,0,rapid_movement,1
4347,458,375,2297.19,2026-03-30 20:43:43,0,0,normal,0
5538,589,721,3140.35,2026-03-30 20:44:28,0,0,normal,0
7309,779,651,6466.4,2026-03-30 21:07:00,0,0,transaction_burst,0
7778,825,641,14233.7,2026-03-30 21:47:16,1,0,transaction_burst,1
2395,257,8,21475.23,2026-03-30 21:49:46,0,0,transaction_burst,1
4553,488,170,3726.45,2026-03-30 22:26:31,0,0,normal,0
4484,477,778,2429.35,2026-03-30 22:29:19,0,0,normal,0
4720,507,801,5889.88,2026-03-30 22:33:53,0,0,normal,0
2672,289,518,4258.93,2026-03-30 22:36:30,0,0,normal,0
2797,298,876,4972.93,2026-03-30 22:43:22,0,1,transaction_burst,1
1787,192,971,3242.51,2026-03-30 22:51:13,0,0,normal,0
8635,919,896,2396.33,2026-03-30 22:54:06,0,0,normal,0
2329,248,160,1277.0,2026-03-30 23:00:52,0,0,normal,0
262,21,182,14865.66,2026-03-31 00:04:20,1,1,transaction_burst,1
688,61,359,22094.96,2026-03-31 00:23:23,0,0,rapid_movement,1
1232,127,960,3809.16,2026-03-31 00:29:39,0,0,normal,0
2779,298,858,6813.64,2026-03-31 00:39:02,1,0,transaction_burst,1
7863,837,294,15423.42,2026-03-31 00:39:59,1,0,transaction_burst,1
347,27,37,4930.26,2026-03-31 00:47:25,0,0,normal,0
723,64,37,10635.19,2026-03-31 00:50:16,1,1,transaction_burst,1
6033,638,22,33263.48,2026-03-31 00:50:24,0,0,rapid_movement,1
1475,158,292,46120.04,2026-03-31 00:57:03,0,0,rapid_movement,1
2928,313,86,4790.59,2026-03-31 01:21:51,0,0,normal,0
8600,914,469,8200.78,2026-03-31 01:23:36,1,0,behavioral_deviation,1
4518,483,726,51949.7,2026-03-31 01:31:08,0,0,high_value,0
3778,403,201,25588.18,2026-03-31 01:32:27,0,0,transaction_burst,0
8836,940,889,811.62,2026-03-31 01:35:05,0,0,normal,0
7116,757,781,4948.92,2026-03-31 01:47:13,0,1,normal,0
427,39,147,5423.97,2026-03-31 01:55:59,0,0,normal,0
2623,282,362,3272.45,2026-03-31 02:03:32,0,1,normal,0
9055,964,648,2504.31,2026-03-31 02:03:46,0,0,normal,0
345,27,535,3680.99,2026-03-31 02:14:04,0,0,normal,0
8203,870,244,3153.36,2026-03-31 02:14:55,0,0,normal,0
3056,326,386,31275.32,2026-03-31 02:32:50,0,0,rapid_movement,1
1188,118,745,16004.53,2026-03-31 03:25:35,0,0,rapid_movement,0
2132,228,520,81583.82,2026-03-31 04:09:25,0,0,high_value,1
5532,588,966,5088.84,2026-03-31 04:17:48,0,0,normal,0
2611,281,311,6269.83,2026-03-31 04:18:15,0,0,normal,1
7592,803,578,30212.94,2026-03-31 04:44:01,0,1,beneficiary_anomaly,0
3974,422,8,5529.64,2026-03-31 04:52:40,0,1,normal,0
76,7,707,17495.58,2026-03-31 04:52:57,0,1,transaction_burst,1
2857,303,333,3660.62,2026-03-31 04:59:39,0,0,normal,0
3565,379,615,726.6,2026-03-31 05:15:46,0,0,normal,0
6788,720,411,60641.54,2026-03-31 05:39:03,1,0,behavioral_deviation,0
6530,694,780,3688.12,2026-03-31 05:43:20,0,0,normal,0
4341,458,892,2029.15,2026-03-31 06:18:41,0,0,normal,0
2774,297,463,100.0,2026-03-31 06:28:45,0,0,behavioral_deviation,1
2587,279,326,15122.01,2026-03-31 06:38:47,0,0,beneficiary_anomaly,0
2083,222,221,1265.22,2026-03-31 06:41:02,0,0,normal,0
7694,817,834,21704.82,2026-03-31 06:44:51,0,1,beneficiary_anomaly,0
7865,837,1000,7489.19,2026-03-31 06:44:51,0,0,transaction_burst,1
1769,189,249,35787.2,2026-03-31 07:11:17,1,0,rapid_movement,1
7205,767,274,5160.16,2026-03-31 07:20:34,0,0,normal,0
2231,238,414,15599.4,2026-03-31 07:23:14,0,0,transaction_burst,1
1354,143,77,36187.91,2026-03-31 07:27:25,1,0,behavioral_deviation,1
7131,758,418,29132.23,2026-03-31 07:33:08,0,0,behavioral_deviation,0
1024,101,805,13883.21,2026-03-31 07:35:14,0,0,beneficiary_anomaly,1
1151,116,193,18399.81,2026-03-31 07:36:16,1,1,beneficiary_anomaly,0
7196,766,633,2290.92,2026-03-31 07:41:21,0,0,normal,0
2169,235,503,10957.4,2026-03-31 07:45:07,1,0,behavioral_deviation,0
4963,529,419,1968.18,2026-03-31 07:47:17,0,0,transaction_burst,0
6865,728,677,3770.91,2026-03-31 07:49:33,0,0,normal,0
8715,929,847,43385.81,2026-03-31 08:00:34,0,0,high_value,0
2350,251,656,53559.77,2026-03-31 08:01:57,1,0,rapid_movement,1
5331,567,401,24482.88,2026-03-31 08:04:55,0,1,transaction_burst,1
6526,692,732,3909.3,2026-03-31 08:22:44,0,1,beneficiary_anomaly,0
9105,969,917,57355.53,2026-03-31 08:54:01,0,0,high_value,0
7524,797,664,3874.84,2026-03-31 09:11:20,0,0,normal,0
1909,203,432,1607.89,2026-03-31 09:36:07,0,0,normal,1
6623,707,975,16945.1,2026-03-31 09:43:24,0,0,transaction_burst,1
420,37,640,643.35,2026-03-31 09:44:20,0,0,normal,0
531,46,594,7407.03,2026-03-31 10:09:57,1,0,transaction_burst,1
4145,434,402,14680.36,2026-03-31 10:26:17,0,0,transaction_burst,0
7884,837,52,10570.69,2026-03-31 10:55:08,0,1,transaction_burst,1
4033,428,74,5878.67,2026-03-31 11:10:25,1,0,transaction_burst,1
8157,866,529,100.0,2026-03-31 11:15:53,1,0,beneficiary_anomaly,0
3168,340,145,43252.52,2026-03-31 11:20:07,0,0,behavioral_deviation,1
8205,870,666,3360.11,2026-03-31 11:34:09,0,0,normal,0
2762,296,269,11985.26,2026-03-31 11:39:45,0,1,beneficiary_anomaly,0
863,80,29,7558.02,2026-03-31 11:44:46,0,0,transaction_burst,1
3618,384,337,2128.95,2026-03-31 12:15:26,0,0,normal,0
7974,846,609,24402.39,2026-03-31 12:30:55,0,1,beneficiary_anomaly,1
687,61,213,42332.02,2026-03-31 12:35:53,1,0,rapid_movement,1
7538,798,12,1719.77,2026-03-31 12:49:52,0,0,normal,0
9192,982,340,13404.57,2026-03-31 12:50:15,0,0,transaction_burst,1
327,25,266,14761.31,2026-03-31 13:47:48,0,0,transaction_burst,1
8122,863,520,9184.73,2026-03-31 14:05:42,0,0,transaction_burst,1
2559,273,262,100.0,2026-03-31 14:23:10,0,0,normal,0
4892,523,532,3077.45,2026-03-31 14:23:32,0,0,normal,0
1761,187,781,2638.94,2026-03-31 15:05:33,0,0,normal,0
3595,383,448,8276.96,2026-03-31 15:09:40,0,0,transaction_burst,0
1278,133,513,4754.28,2026-03-31 15:17:19,0,0,high_value,0
1689,181,570,6920.14,2026-03-31 15:20:47,0,1,beneficiary_anomaly,0
2340,250,921,4312.86,2026-03-31 15:27:30,0,0,normal,0
4990,532,804,27750.36,2026-03-31 15:59:06,1,0,rapid_movement,1
3508,372,43,1813.48,2026-03-31 16:14:30,0,0,normal,0
1929,205,638,2117.67,2026-03-31 16:28:30,0,0,normal,0
7738,822,270,48457.9,2026-03-31 16:32:08,0,0,high_value,0
5013,536,858,2067.98,2026-03-31 16:43:27,0,0,normal,0
4907,525,752,1660.02,2026-03-31 17:00:32,0,0,normal,0
6913,734,446,3811.6,2026-03-31 17:23:26,0,0,normal,0
4864,520,811,16417.11,2026-03-31 17:42:48,0,1,transaction_burst,1
7972,845,925,1865.91,2026-03-31 17:44:02,0,0,normal,0
3235,345,333,14421.14,2026-03-31 18:09:25,0,1,transaction_burst,0
7831,833,278,4512.37,2026-03-31 18:14:10,0,1,normal,0
5642,602,376,4000.46,2026-03-31 18:28:10,0,0,transaction_burst,1
1701,182,838,23820.7,2026-03-31 18:54:16,1,0,beneficiary_anomaly,1
224,19,533,8223.93,2026-03-31 19:10:20,0,0,transaction_burst,1
3668,392,809,2061.29,2026-03-31 19:36:23,0,0,normal,0
3224,345,503,10442.57,2026-03-31 19:42:10,0,0,transaction_burst,0
4954,529,678,18924.28,2026-03-31 19:48:22,0,0,transaction_burst,0
2405,257,175,15176.69,2026-03-31 20:34:54,1,0,transaction_burst,1
7917,841,774,1916.22,2026-03-31 20:40:55,0,0,normal,1
3760,402,466,11176.17,2026-03-31 20:51:06,1,1,beneficiary_anomaly,0
2403,257,57,17453.23,2026-03-31 20:54:18,0,0,transaction_burst,1
5400,572,856,7790.39,2026-03-31 21:23:02,1,0,transaction_burst,1
1850,198,624,22775.47,2026-03-31 22:49:40,1,1,beneficiary_anomaly,0
2012,214,267,7150.39,2026-03-31 23:08:33,0,0,transaction_burst,1
790,74,160,5243.56,2026-03-31 23:12:09,0,0,normal,0
5169,549,894,6927.46,2026-03-31 23:12:38,0,0,transaction_burst,1
6583,703,955,3050.19,2026-03-31 23:24:30,0,0,normal,0
7040,749,293,6726.0,2026-03-31 23:34:51,0,0,transaction_burst,1
4326,455,769,3540.98,2026-03-31 23:36:15,0,0,normal,0
683,60,95,4453.11,2026-03-31 23:48:19,0,0,normal,0
9517,14,803,5744.73,2026-04-01 14:00:00,1,0,transaction_burst,1
9677,194,852,20424.99,2026-04-01 14:00:00,1,0,transaction_burst,1
9669,185,404,8328.8,2026-04-01 14:00:00,1,0,transaction_burst,1
9525,19,942,5805.07,2026-04-01 14:00:00,1,0,transaction_burst,1
9661,168,485,16647.48,2026-04-01 14:00:00,1,0,transaction_burst,1
9653,167,997,17358.88,2026-04-01 14:00:00,1,0,transaction_burst,1
9533,21,867,17064.91,2026-04-01 14:00:00,1,0,transaction_burst,1
9645,160,839,17505.92,2026-04-01 14:00:00,1,0,transaction_burst,1
9637,151,527,11285.17,2026-04-01 14:00:00,1,0,transaction_burst,1
9589,64,645,15195.52,2026-04-01 14:00:00,1,0,transaction_burst,1
9629,139,690,6795.39,2026-04-01 14:00:00,1,0,transaction_burst,1
9621,117,650,12631.33,2026-04-01 14:00:00,1,0,transaction_burst,1
9549,42,111,9817.83,2026-04-01 14:00:00,1,0,transaction_burst,1
9613,105,860,22284.2,2026-04-01 14:00:00,1,0,transaction_burst,1
9605,83,805,9749.67,2026-04-01 14:00:00,1,0,transaction_burst,1
9557,45,619,15147.81,2026-04-01 14:00:00,1,0,transaction_burst,1
9597,80,948,14043.1,2026-04-01 14:00:00,1,0,transaction_burst,1
9581,56,995,20818.24,2026-04-01 14:00:00,1,0,transaction_burst,1
9565,46,418,24884.9,2026-04-01 14:00:00,1,0,transaction_burst,1
9541,25,103,8463.43,2026-04-01 14:00:00,1,0,transaction_burst,1
9685,201,352,20198.24,2026-04-01 14:00:00,1,0,transaction_burst,1
9573,53,78,23337.29,2026-04-01 14:00:00,1,0,transaction_burst,1
9693,214,452,8791.47,2026-04-01 14:00:00,1,0,transaction_burst,1
9493,1,790,5585.81,2026-04-01 14:00:00,1,0,transaction_burst,1
9509,8,514,9058.08,2026-04-01 14:00:00,1,0,transaction_burst,1
9717,241,948,16205.87,2026-04-01 14:00:00,1,0,transaction_burst,1
9709,238,9,24453.93,2026-04-01 14:00:00,1,0,transaction_burst,1
9701,236,526,16859.74,2026-04-01 14:00:00,1,0,transaction_burst,1
9501,7,192,9558.47,2026-04-01 14:00:00,1,0,transaction_burst,1
9725,242,467,21637.62,2026-04-01 14:00:00,1,0,transaction_burst,1
9686,201,694,9423.2,2026-04-01 14:04:00,1,0,transaction_burst,1
9542,25,505,13349.02,2026-04-01 14:04:00,1,0,transaction_burst,1
9630,139,378,15278.69,2026-04-01 14:04:00,1,0,transaction_burst,1
9622,117,609,12636.74,2026-04-01 14:04:00,1,0,transaction_burst,1
9718,241,893,18216.23,2026-04-01 14:04:00,1,0,transaction_burst,1
9550,42,930,24755.15,2026-04-01 14:04:00,1,0,transaction_burst,1
9614,105,734,10655.7,2026-04-01 14:04:00,1,0,transaction_burst,1
9726,242,854,16922.92,2026-04-01 14:04:00,1,0,transaction_burst,1
9558,45,627,7826.36,2026-04-01 14:04:00,1,0,transaction_burst,1
9598,80,334,11547.32,2026-04-01 14:04:00,1,0,transaction_burst,1
9494,1,762,19492.64,2026-04-01 14:04:00,1,0,transaction_burst,1
9590,64,571,13345.03,2026-04-01 14:04:00,1,0,transaction_burst,1
9574,53,252,19255.84,2026-04-01 14:04:00,1,0,transaction_burst,1
9566,46,493,22495.34,2026-04-01 14:04:00,1,0,transaction_burst,1
9582,56,271,21215.35,2026-04-01 14:04:00,1,0,transaction_burst,1
9606,83,334,15700.54,2026-04-01 14:04:00,1,0,transaction_burst,1
9502,7,815,21558.06,2026-04-01 14:04:00,1,0,transaction_burst,1
9694,214,695,19857.35,2026-04-01 14:04:00,1,0,transaction_burst,1
9662,168,314,22718.36,2026-04-01 14:04:00,1,0,transaction_burst,1
9670,185,346,6210.68,2026-04-01 14:04:00,1,0,transaction_burst,1
9638,151,610,12068.3,2026-04-01 14:04:00,1,0,transaction_burst,1
9702,236,69,14634.55,2026-04-01 14:04:00,1,0,transaction_burst,1
9678,194,476,5127.02,2026-04-01 14:04:00,1,0,transaction_burst,1
9526,19,165,8300.81,2026-04-01 14:04:00,1,0,transaction_burst,1
9518,14,935,22361.94,2026-04-01 14:04:00,1,0,transaction_burst,1
9654,167,558,13854.36,2026-04-01 14:04:00,1,0,transaction_burst,1
9510,8,731,19435.7,2026-04-01 14:04:00,1,0,transaction_burst,1
9646,160,697,5079.45,2026-04-01 14:04:00,1,0,transaction_burst,1
9710,238,378,14564.15,2026-04-01 14:04:00,1,0,transaction_burst,1
9534,21,567,9723.5,2026-04-01 14:04:00,1,0,transaction_burst,1
9583,56,780,19446.69,2026-04-01 14:08:00,1,0,transaction_burst,1
9679,194,702,11777.63,2026-04-01 14:08:00,1,0,transaction_burst,1
9727,242,45,17269.72,2026-04-01 14:08:00,1,0,transaction_burst,1
9671,185,385,14119.31,2026-04-01 14:08:00,1,0,transaction_burst,1
9591,64,612,22664.82,2026-04-01 14:08:00,1,0,transaction_burst,1
9575,53,216,24220.58,2026-04-01 14:08:00,1,0,transaction_burst,1
9695,214,426,9887.51,2026-04-01 14:08:00,1,0,transaction_burst,1
9639,151,676,15659.84,2026-04-01 14:08:00,1,0,transaction_burst,1
9663,168,220,15071.39,2026-04-01 14:08:00,1,0,transaction_burst,1
9607,83,313,10559.44,2026-04-01 14:08:00,1,0,transaction_burst,1
9719,241,584,9997.28,2026-04-01 14:08:00,1,0,transaction_burst,1
9655,167,686,13684.05,2026-04-01 14:08:00,1,0,transaction_burst,1
9615,105,270,10254.6,2026-04-01 14:08:00,1,0,transaction_burst,1
9703,236,916,24289.38,2026-04-01 14:08:00,1,0,transaction_burst,1
9647,160,913,21188.7,2026-04-01 14:08:00,1,0,transaction_burst,1
9623,117,846,21358.04,2026-04-01 14:08:00,1,0,transaction_burst,1
9711,238,156,21685.78,2026-04-01 14:08:00,1,0,transaction_burst,1
9687,201,129,15062.88,2026-04-01 14:08:00,1,0,transaction_burst,1
9599,80,973,13511.48,2026-04-01 14:08:00,1,0,transaction_burst,1
9631,139,599,13457.8,2026-04-01 14:08:00,1,0,transaction_burst,1
9511,8,462,5850.07,2026-04-01 14:08:00,1,0,transaction_burst,1
9503,7,714,21738.55,2026-04-01 14:08:00,1,0,transaction_burst,1
9519,14,255,9738.89,2026-04-01 14:08:00,1,0,transaction_burst,1
9535,21,333,24119.05,2026-04-01 14:08:00,1,0,transaction_burst,1
9551,42,809,20442.11,2026-04-01 14:08:00,1,0,transaction_burst,1
9527,19,115,6006.56,2026-04-01 14:08:00,1,0,transaction_burst,1
9567,46,828,6957.55,2026-04-01 14:08:00,1,0,transaction_burst,1
9495,1,295,8512.97,2026-04-01 14:08:00,1,0,transaction_burst,1
9559,45,129,13635.83,2026-04-01 14:08:00,1,0,transaction_burst,1
9543,25,580,11675.71,2026-04-01 14:08:00,1,0,transaction_burst,1
9600,80,352,23700.09,2026-04-01 14:12:00,1,1,transaction_burst,1
9664,168,865,14425.19,2026-04-01 14:12:00,1,1,transaction_burst,1
9720,241,149,5530.85,2026-04-01 14:12:00,1,1,transaction_burst,1
9632,139,785,21879.62,2026-04-01 14:12:00,1,1,transaction_burst,1
9528,19,247,7195.73,2026-04-01 14:12:00,1,1,transaction_burst,1
9560,45,263,12956.62,2026-04-01 14:12:00,1,1,transaction_burst,1
9520,14,137,7006.31,2026-04-01 14:12:00,1,1,transaction_burst,1
9552,42,442,15367.68,2026-04-01 14:12:00,1,1,transaction_burst,1
9616,105,836,21186.99,2026-04-01 14:12:00,1,1,transaction_burst,1
9504,7,96,19651.67,2026-04-01 14:12:00,1,1,transaction_burst,1
9512,8,268,8892.68,2026-04-01 14:12:00,1,1,transaction_burst,1
9624,117,349,12688.84,2026-04-01 14:12:00,1,1,transaction_burst,1
9712,238,102,8580.78,2026-04-01 14:12:00,1,1,transaction_burst,1
9608,83,162,15245.98,2026-04-01 14:12:00,1,1,transaction_burst,1
9544,25,689,15808.94,2026-04-01 14:12:00,1,1,transaction_burst,1
9672,185,173,16178.95,2026-04-01 14:12:00,1,1,transaction_burst,1
9584,56,65,21607.62,2026-04-01 14:12:00,1,1,transaction_burst,1
9704,236,672,8336.12,2026-04-01 14:12:00,1,1,transaction_burst,1
9648,160,472,15139.88,2026-04-01 14:12:00,1,1,transaction_burst,1
9576,53,464,17047.74,2026-04-01 14:12:00,1,1,transaction_burst,1
9688,201,958,10255.16,2026-04-01 14:12:00,1,1,transaction_burst,1
9592,64,682,21529.68,2026-04-01 14:12:00,1,1,transaction_burst,1
9640,151,9,24706.58,2026-04-01 14:12:00,1,1,transaction_burst,1
9496,1,544,5482.07,2026-04-01 14:12:00,1,1,transaction_burst,1
9728,242,902,14818.29,2026-04-01 14:12:00,1,1,transaction_burst,1
9696,214,676,11151.54,2026-04-01 14:12:00,1,1,transaction_burst,1
9680,194,447,10944.05,2026-04-01 14:12:00,1,1,transaction_burst,1
9656,167,103,8939.71,2026-04-01 14:12:00,1,1,transaction_burst,1
9536,21,798,11633.74,2026-04-01 14:12:00,1,1,transaction_burst,1
9568,46,930,14242.94,2026-04-01 14:12:00,1,1,transaction_burst,1
9625,117,204,24444.24,2026-04-01 14:16:00,1,1,transaction_burst,1
9537,21,676,7085.48,2026-04-01 14:16:00,1,1,transaction_burst,1
9705,236,852,16523.02,2026-04-01 14:16:00,1,1,transaction_burst,1
9545,25,241,22506.34,2026-04-01 14:16:00,1,1,transaction_burst,1
9697,214,44,18474.56,2026-04-01 14:16:00,1,1,transaction_burst,1
9641,151,433,9685.09,2026-04-01 14:16:00,1,1,transaction_burst,1
9633,139,308,14903.22,2026-04-01 14:16:00,1,1,transaction_burst,1
9505,7,388,11758.86,2026-04-01 14:16:00,1,1,transaction_burst,1
9657,167,540,5412.48,2026-04-01 14:16:00,1,1,transaction_burst,1
9681,194,504,21490.87,2026-04-01 14:16:00,1,1,transaction_burst,1
9673,185,759,18676.77,2026-04-01 14:16:00,1,1,transaction_burst,1
9521,14,928,9049.03,2026-04-01 14:16:00,1,1,transaction_burst,1
9513,8,815,5718.15,2026-04-01 14:16:00,1,1,transaction_burst,1
9729,242,160,6708.74,2026-04-01 14:16:00,1,1,transaction_burst,1
9689,201,370,21465.31,2026-04-01 14:16:00,1,1,transaction_burst,1
9577,53,497,12224.56,2026-04-01 14:16:00,1,1,transaction_burst,1
9593,64,191,10846.55,2026-04-01 14:16:00,1,1,transaction_burst,1
9713,238,37,24248.75,2026-04-01 14:16:00,1,1,transaction_burst,1
9665,168,906,12806.44,2026-04-01 14:16:00,1,1,transaction_burst,1
9561,45,293,23838.3,2026-04-01 14:16:00,1,1,transaction_burst,1
9569,46,786,8120.28,2026-04-01 14:16:00,1,1,transaction_burst,1
9601,80,781,13087.46,2026-04-01 14:16:00,1,1,transaction_burst,1
9497,1,139,6635.74,2026-04-01 14:16:00,1,1,transaction_burst,1
9609,83,873,9878.41,2026-04-01 14:16:00,1,1,transaction_burst,1
9529,19,384,22048.93,2026-04-01 14:16:00,1,1,transaction_burst,1
9649,160,852,18641.15,2026-04-01 14:16:00,1,1,transaction_burst,1
9553,42,45,7178.01,2026-04-01 14:16:00,1,1,transaction_burst,1
9617,105,452,16370.68,2026-04-01 14:16:00,1,1,transaction_burst,1
9721,241,50,16250.36,2026-04-01 14:16:00,1,1,transaction_burst,1
9585,56,110,7223.66,2026-04-01 14:16:00,1,1,transaction_burst,1
9522,14,412,19787.05,2026-04-01 14:20:00,1,1,transaction_burst,1
9666,168,534,10901.92,2026-04-01 14:20:00,1,1,transaction_burst,1
9690,201,456,18849.77,2026-04-01 14:20:00,1,1,transaction_burst,1
9674,185,895,21039.26,2026-04-01 14:20:00,1,1,transaction_burst,1
9530,19,304,22109.44,2026-04-01 14:20:00,1,1,transaction_burst,1
9658,167,488,14668.32,2026-04-01 14:20:00,1,1,transaction_burst,1
9698,214,420,24028.82,2026-04-01 14:20:00,1,1,transaction_burst,1
9514,8,343,6906.04,2026-04-01 14:20:00,1,1,transaction_burst,1
9682,194,676,22279.13,2026-04-01 14:20:00,1,1,transaction_burst,1
9554,42,299,8237.01,2026-04-01 14:20:00,1,1,transaction_burst,1
9570,46,770,20379.28,2026-04-01 14:20:00,1,1,transaction_burst,1
9578,53,588,21694.31,2026-04-01 14:20:00,1,1,transaction_burst,1
9730,242,601,9349.79,2026-04-01 14:20:00,1,1,transaction_burst,1
9586,56,537,6578.57,2026-04-01 14:20:00,1,1,transaction_burst,1
9562,45,903,15681.08,2026-04-01 14:20:00,1,1,transaction_burst,1
9594,64,716,23809.03,2026-04-01 14:20:00,1,1,transaction_burst,1
9722,241,589,11156.31,2026-04-01 14:20:00,1,1,transaction_burst,1
9602,80,498,17787.46,2026-04-01 14:20:00,1,1,transaction_burst,1
9498,1,48,14754.47,2026-04-01 14:20:00,1,1,transaction_burst,1
9546,25,972,24939.33,2026-04-01 14:20:00,1,1,transaction_burst,1
9610,83,975,14340.71,2026-04-01 14:20:00,1,1,transaction_burst,1
9618,105,638,14278.65,2026-04-01 14:20:00,1,1,transaction_burst,1
9714,238,252,20502.05,2026-04-01 14:20:00,1,1,transaction_burst,1
9626,117,581,5601.89,2026-04-01 14:20:00,1,1,transaction_burst,1
9634,139,292,6803.67,2026-04-01 14:20:00,1,1,transaction_burst,1
9706,236,372,12014.27,2026-04-01 14:20:00,1,1,transaction_burst,1
9538,21,946,14512.81,2026-04-01 14:20:00,1,1,transaction_burst,1
9642,151,147,9526.01,2026-04-01 14:20:00,1,1,transaction_burst,1
9506,7,149,11662.25,2026-04-01 14:20:00,1,1,transaction_burst,1
9650,160,739,23589.36,2026-04-01 14:20:00,1,1,transaction_burst,1
9515,8,2,23491.74,2026-04-01 14:24:00,1,1,transaction_burst,1
9571,46,395,22744.23,2026-04-01 14:24:00,1,1,transaction_burst,1
9699,214,985,18784.88,2026-04-01 14:24:00,1,1,transaction_burst,1
9507,7,967,12542.37,2026-04-01 14:24:00,1,1,transaction_burst,1
9715,238,387,17945.39,2026-04-01 14:24:00,1,1,transaction_burst,1
9499,1,603,7676.05,2026-04-01 14:24:00,1,1,transaction_burst,1
9723,241,445,14060.66,2026-04-01 14:24:00,1,1,transaction_burst,1
9731,242,363,7244.91,2026-04-01 14:24:00,1,1,transaction_burst,1
9691,201,437,13772.94,2026-04-01 14:24:00,1,1,transaction_burst,1
9707,236,577,16970.94,2026-04-01 14:24:00,1,1,transaction_burst,1
9683,194,696,21233.27,2026-04-01 14:24:00,1,1,transaction_burst,1
9595,64,635,23955.48,2026-04-01 14:24:00,1,1,transaction_burst,1
9547,25,957,14882.66,2026-04-01 14:24:00,1,1,transaction_burst,1
9627,117,554,23504.51,2026-04-01 14:24:00,1,1,transaction_burst,1
9611,83,676,19258.17,2026-04-01 14:24:00,1,1,transaction_burst,1
9555,42,260,16077.35,2026-04-01 14:24:00,1,1,transaction_burst,1
9635,139,795,22221.12,2026-04-01 14:24:00,1,1,transaction_burst,1
9539,21,695,16688.64,2026-04-01 14:24:00,1,1,transaction_burst,1
9643,151,11,8798.16,2026-04-01 14:24:00,1,1,transaction_burst,1
9603,80,623,5176.13,2026-04-01 14:24:00,1,1,transaction_burst,1
9651,160,883,21507.34,2026-04-01 14:24:00,1,1,transaction_burst,1
9531,19,540,6960.15,2026-04-01 14:24:00,1,1,transaction_burst,1
9619,105,821,9691.58,2026-04-01 14:24:00,1,1,transaction_burst,1
9659,167,987,5270.17,2026-04-01 14:24:00,1,1,transaction_burst,1
9675,185,671,9025.33,2026-04-01 14:24:00,1,1,transaction_burst,1
9523,14,108,10809.75,2026-04-01 14:24:00,1,1,transaction_burst,1
9667,168,265,23301.8,2026-04-01 14:24:00,1,1,transaction_burst,1
9587,56,899,12322.17,2026-04-01 14:24:00,1,1,transaction_burst,1
9563,45,491,20977.43,2026-04-01 14:24:00,1,1,transaction_burst,1
9579,53,405,17432.96,2026-04-01 14:24:00,1,1,transaction_burst,1
9716,238,323,14755.33,2026-04-01 14:28:00,1,1,transaction_burst,1
9572,46,343,13352.05,2026-04-01 14:28:00,1,1,transaction_burst,1
9732,242,559,21191.86,2026-04-01 14:28:00,1,1,transaction_burst,1
9604,80,288,19597.89,2026-04-01 14:28:00,1,1,transaction_burst,1
9588,56,24,17424.3,2026-04-01 14:28:00,1,1,transaction_burst,1
9596,64,862,17381.13,2026-04-01 14:28:00,1,1,transaction_burst,1
9564,45,267,8636.71,2026-04-01 14:28:00,1,1,transaction_burst,1
9612,83,529,15440.04,2026-04-01 14:28:00,1,1,transaction_burst,1
9724,241,232,7075.65,2026-04-01 14:28:00,1,1,transaction_burst,1
9556,42,648,13655.14,2026-04-01 14:28:00,1,1,transaction_burst,1
9684,194,801,21701.67,2026-04-01 14:28:00,1,1,transaction_burst,1
9580,53,586,23724.22,2026-04-01 14:28:00,1,1,transaction_burst,1
9548,25,178,20684.81,2026-04-01 14:28:00,1,1,transaction_burst,1
9516,8,357,17716.05,2026-04-01 14:28:00,1,1,transaction_burst,1
9676,185,554,21997.1,2026-04-01 14:28:00,1,1,transaction_burst,1
9524,14,756,20995.79,2026-04-01 14:28:00,1,1,transaction_burst,1
9668,168,158,6232.84,2026-04-01 14:28:00,1,1,transaction_burst,1
9692,201,153,20102.64,2026-04-01 14:28:00,1,1,transaction_burst,1
9660,167,378,17455.18,2026-04-01 14:28:00,1,1,transaction_burst,1
9508,7,135,18556.7,2026-04-01 14:28:00,1,1,transaction_burst,1
9532,19,994,5036.83,2026-04-01 14:28:00,1,1,transaction_burst,1
9620,105,546,14961.33,2026-04-01 14:28:00,1,1,transaction_burst,1
9700,214,995,13248.79,2026-04-01 14:28:00,1,1,transaction_burst,1
9644,151,563,24033.09,2026-04-01 14:28:00,1,1,transaction_burst,1
9540,21,198,6422.6,2026-04-01 14:28:00,1,1,transaction_burst,1
9636,139,527,8044.05,2026-04-01 14:28:00,1,1,transaction_burst,1
9628,117,221,19334.11,2026-04-01 14:28:00,1,1,transaction_burst,1
9708,236,176,5787.62,2026-04-01 14:28:00,1,1,transaction_burst,1
9652,160,368,10208.62,2026-04-01 14:28:00,1,1,transaction_burst,1
9500,1,708,8179.39,2026-04-01 14:28:00,1,1,transaction_burst,1
9748,65,812,119495.41,2026-05-10 09:00:00,1,1,high_value,1
9751,66,233,108927.28,2026-05-10 09:00:00,1,1,high_value,1
9754,67,914,92211.68,2026-05-10 09:00:00,1,1,high_value,1
9784,144,984,73840.09,2026-05-10 09:00:00,1,1,high_value,0
9757,79,850,72881.78,2026-05-10 09:00:00,1,1,high_value,0
9781,135,67,115400.08,2026-05-10 09:00:00,1,1,high_value,1
9763,114,233,108221.81,2026-05-10 09:00:00,1,1,high_value,0
9766,120,427,112482.87,2026-05-10 09:00:00,1,1,high_value,0
9769,121,499,119606.71,2026-05-10 09:00:00,1,1,high_value,1
9787,154,713,113290.24,2026-05-10 09:00:00,1,1,high_value,0
9778,133,514,98585.76,2026-05-10 09:00:00,1,1,high_value,0
9760,96,169,70242.76,2026-05-10 09:00:00,1,1,high_value,1
9772,122,465,73011.29,2026-05-10 09:00:00,1,1,high_value,1
9745,63,479,87744.82,2026-05-10 09:00:00,1,1,high_value,0
9775,130,903,116090.73,2026-05-10 09:00:00,1,1,high_value,1
9742,58,108,95322.47,2026-05-10 09:00:00,1,1,high_value,0
9733,13,94,94228.34,2026-05-10 09:00:00,1,1,high_value,0
9739,20,899,79358.37,2026-05-10 09:00:00,1,1,high_value,0
9790,165,281,117111.21,2026-05-10 09:00:00,1,1,high_value,1
9736,17,420,82108.28,2026-05-10 09:00:00,1,1,high_value,0
9788,713,206,109891.53,2026-05-10 09:08:00,1,1,high_value,1
9791,281,354,113597.87,2026-05-10 09:08:00,1,1,high_value,1
9773,465,722,70820.96,2026-05-10 09:08:00,1,1,high_value,1
9779,514,196,95628.19,2026-05-10 09:08:00,1,1,high_value,1
9770,499,988,116018.51,2026-05-10 09:08:00,1,1,high_value,1
9767,427,453,109108.38,2026-05-10 09:08:00,1,1,high_value,1
9734,94,172,91401.49,2026-05-10 09:08:00,1,1,high_value,1
9764,233,128,104975.16,2026-05-10 09:08:00,1,1,high_value,1
9782,67,812,111938.07,2026-05-10 09:08:00,1,1,high_value,1
9761,169,517,68135.48,2026-05-10 09:08:00,1,1,high_value,0
9737,420,992,79645.03,2026-05-10 09:08:00,1,1,high_value,1
9758,850,931,70695.33,2026-05-10 09:08:00,1,1,high_value,0
9740,899,485,76977.61,2026-05-10 09:08:00,1,1,high_value,1
9755,914,841,89445.33,2026-05-10 09:08:00,1,1,high_value,1
9785,984,384,71624.89,2026-05-10 09:08:00,1,1,high_value,0
9752,233,425,105659.46,2026-05-10 09:08:00,1,1,high_value,1
9749,812,293,115910.55,2026-05-10 09:08:00,1,1,high_value,1
9743,108,575,92462.79,2026-05-10 09:08:00,1,1,high_value,1
9746,479,823,85112.48,2026-05-10 09:08:00,1,1,high_value,1
9776,903,111,112608.0,2026-05-10 09:08:00,1,1,high_value,1
9783,812,606,108579.93,2026-05-10 09:16:00,1,1,high_value,1
9780,196,99,92759.34,2026-05-10 09:16:00,1,1,high_value,1
9789,206,671,106594.79,2026-05-10 09:16:00,1,1,high_value,1
9786,384,106,69476.14,2026-05-10 09:16:00,1,1,high_value,0
9738,992,159,77255.68,2026-05-10 09:16:00,1,1,high_value,1
9774,722,579,68696.33,2026-05-10 09:16:00,1,1,high_value,0
9771,988,357,112537.95,2026-05-10 09:16:00,1,1,high_value,0
9768,453,215,105835.13,2026-05-10 09:16:00,1,1,high_value,1
9765,128,226,101825.9,2026-05-10 09:16:00,1,1,high_value,1
9762,517,269,66091.42,2026-05-10 09:16:00,1,1,high_value,0
9759,931,167,68574.47,2026-05-10 09:16:00,1,1,high_value,0
9756,841,178,86761.97,2026-05-10 09:16:00,1,1,high_value,1
9753,425,623,102489.67,2026-05-10 09:16:00,1,1,high_value,1
9750,293,688,112433.23,2026-05-10 09:16:00,1,1,high_value,1
9747,823,608,82559.11,2026-05-10 09:16:00,1,1,high_value,1
9744,575,24,89688.91,2026-05-10 09:16:00,1,1,high_value,1
9741,485,759,74668.29,2026-05-10 09:16:00,1,1,high_value,1
9735,172,841,88659.45,2026-05-10 09:16:00,1,1,high_value,1
9777,111,727,109229.76,2026-05-10 09:16:00,1,1,high_value,1
9792,354,647,110189.94,2026-05-10 09:16:00,1,1,high_value,1
